date,device_category,source,medium,source_medium,channel_group,user_type,sessions,users,purchasers,purchase_sessions,orders,revenue,session_cvr,user_cvr,aov,revenue_per_session
2020-11-01,desktop,(direct),(none),(direct) / (none),Direct,New,347,339,2,2,2,159.0,0.005763688760806916,0.0058997050147492625,79.5,0.45821325648414984
2020-11-01,desktop,<Other>,organic,<Other> / organic,Organic Search,New,50,50,0,0,0,0.0,0.0,0.0,,0.0
2020-11-01,desktop,google,organic,google / organic,Organic Search,New,496,482,2,2,2,95.0,0.004032258064516129,0.004149377593360996,47.5,0.19153225806451613
2020-11-01,desktop,(data deleted),(data deleted),(data deleted) / (data deleted),Other,New,75,73,1,1,1,60.0,0.013333333333333334,0.0136986301369863,60.0,0.8
2020-11-01,desktop,<Other>,(data deleted),<Other> / (data deleted),Other,New,1,1,0,0,0,0.0,0.0,0.0,,0.0
2020-11-01,desktop,<Other>,<Other>,<Other> / <Other>,Other,New,201,200,0,0,0,0.0,0.0,0.0,,0.0
2020-11-01,desktop,google,cpc,google / cpc,Paid Search,New,68,68,0,0,0,0.0,0.0,0.0,,0.0
2020-11-01,desktop,<Other>,referral,<Other> / referral,Referral,New,164,162,2,2,2,73.0,0.012195121951219513,0.012345679012345678,36.5,0.4451219512195122
2020-11-01,desktop,shop.googlemerchandisestore.com,referral,shop.googlemerchandisestore.com / referral,Referral,New,126,122,2,2,2,179.0,0.015873015873015872,0.01639344262295082,89.5,1.4206349206349207
2020-11-01,mobile,(direct),(none),(direct) / (none),Direct,New,265,253,3,3,4,173.0,0.011320754716981131,0.011857707509881422,43.25,0.6528301886792452
2020-11-01,mobile,<Other>,organic,<Other> / organic,Organic Search,New,34,34,0,0,0,0.0,0.0,0.0,,0.0
2020-11-01,mobile,google,organic,google / organic,Organic Search,New,323,319,0,0,0,0.0,0.0,0.0,,0.0
2020-11-01,mobile,(data deleted),(data deleted),(data deleted) / (data deleted),Other,New,52,51,0,0,0,0.0,0.0,0.0,,0.0
2020-11-01,mobile,<Other>,(data deleted),<Other> / (data deleted),Other,New,2,2,0,0,0,0.0,0.0,0.0,,0.0
2020-11-01,mobile,<Other>,<Other>,<Other> / <Other>,Other,New,157,155,1,1,1,34.0,0.006369426751592357,0.0064516129032258064,34.0,0.21656050955414013
2020-11-01,mobile,google,cpc,google / cpc,Paid Search,New,38,37,0,0,0,0.0,0.0,0.0,,0.0
2020-11-01,mobile,<Other>,referral,<Other> / referral,Referral,New,90,90,0,0,0,0.0,0.0,0.0,,0.0
2020-11-01,mobile,shop.googlemerchandisestore.com,referral,shop.googlemerchandisestore.com / referral,Referral,New,86,85,0,0,0,0.0,0.0,0.0,,0.0
2020-11-01,tablet,(direct),(none),(direct) / (none),Direct,New,6,6,0,0,0,0.0,0.0,0.0,,0.0
2020-11-01,tablet,<Other>,organic,<Other> / organic,Organic Search,New,5,5,0,0,0,0.0,0.0,0.0,,0.0
2020-11-01,tablet,google,organic,google / organic,Organic Search,New,10,10,0,0,0,0.0,0.0,0.0,,0.0
2020-11-01,tablet,(data deleted),(data deleted),(data deleted) / (data deleted),Other,New,2,2,0,0,0,0.0,0.0,0.0,,0.0
2020-11-01,tablet,<Other>,<Other>,<Other> / <Other>,Other,New,13,13,0,0,0,0.0,0.0,0.0,,0.0
2020-11-01,tablet,google,cpc,google / cpc,Paid Search,New,2,2,0,0,0,0.0,0.0,0.0,,0.0
2020-11-01,tablet,<Other>,referral,<Other> / referral,Referral,New,6,6,0,0,0,0.0,0.0,0.0,,0.0
2020-11-01,tablet,shop.googlemerchandisestore.com,referral,shop.googlemerchandisestore.com / referral,Referral,New,6,6,0,0,0,0.0,0.0,0.0,,0.0
2020-11-02,desktop,(direct),(none),(direct) / (none),Direct,New,463,455,4,4,7,299.0,0.008639308855291577,0.008791208791208791,42.714285714285715,0.6457883369330454
2020-11-02,desktop,(direct),(none),(direct) / (none),Direct,Returning,19,18,0,0,0,0.0,0.0,0.0,,0.0
2020-11-02,desktop,<Other>,organic,<Other> / organic,Organic Search,New,60,60,1,1,1,20.0,0.016666666666666666,0.016666666666666666,20.0,0.3333333333333333
2020-11-02,desktop,<Other>,organic,<Other> / organic,Organic Search,Returning,2,2,0,0,0,0.0,0.0,0.0,,0.0
2020-11-02,desktop,google,organic,google / organic,Organic Search,New,597,578,5,5,5,340.0,0.008375209380234505,0.00865051903114187,68.0,0.5695142378559463
2020-11-02,desktop,google,organic,google / organic,Organic Search,Returning,22,20,1,1,1,32.0,0.045454545454545456,0.05,32.0,1.4545454545454546
2020-11-02,desktop,(data deleted),(data deleted),(data deleted) / (data deleted),Other,New,144,136,3,4,8,1816.0,0.027777777777777776,0.022058823529411766,227.0,12.61111111111111
2020-11-02,desktop,(data deleted),(data deleted),(data deleted) / (data deleted),Other,Returning,9,9,1,1,1,86.0,0.1111111111111111,0.1111111111111111,86.0,9.555555555555555
2020-11-02,desktop,<Other>,(data deleted),<Other> / (data deleted),Other,New,4,4,0,0,0,0.0,0.0,0.0,,0.0
2020-11-02,desktop,<Other>,(data deleted),<Other> / (data deleted),Other,Returning,1,1,0,0,0,0.0,0.0,0.0,,0.0
2020-11-02,desktop,<Other>,<Other>,<Other> / <Other>,Other,New,321,320,2,2,2,134.0,0.006230529595015576,0.00625,67.0,0.4174454828660436
2020-11-02,desktop,<Other>,<Other>,<Other> / <Other>,Other,Returning,5,5,0,0,0,0.0,0.0,0.0,,0.0
2020-11-02,desktop,google,cpc,google / cpc,Paid Search,New,93,93,1,1,1,51.0,0.010752688172043012,0.010752688172043012,51.0,0.5483870967741935
2020-11-02,desktop,<Other>,referral,<Other> / referral,Referral,New,214,211,2,2,2,97.0,0.009345794392523364,0.009478672985781991,48.5,0.4532710280373832
2020-11-02,desktop,<Other>,referral,<Other> / referral,Referral,Returning,10,10,0,0,0,0.0,0.0,0.0,,0.0
2020-11-02,desktop,shop.googlemerchandisestore.com,referral,shop.googlemerchandisestore.com / referral,Referral,New,176,172,3,3,3,453.0,0.017045454545454544,0.01744186046511628,151.0,2.5738636363636362
2020-11-02,desktop,shop.googlemerchandisestore.com,referral,shop.googlemerchandisestore.com / referral,Referral,Returning,19,19,0,0,0,0.0,0.0,0.0,,0.0
2020-11-02,mobile,(direct),(none),(direct) / (none),Direct,New,327,316,3,3,4,333.0,0.009174311926605505,0.00949367088607595,83.25,1.018348623853211
2020-11-02,mobile,(direct),(none),(direct) / (none),Direct,Returning,11,10,0,0,0,0.0,0.0,0.0,,0.0
2020-11-02,mobile,<Other>,organic,<Other> / organic,Organic Search,New,47,47,0,0,0,0.0,0.0,0.0,,0.0
2020-11-02,mobile,<Other>,organic,<Other> / organic,Organic Search,Returning,1,1,0,0,0,0.0,0.0,0.0,,0.0
2020-11-02,mobile,google,organic,google / organic,Organic Search,New,447,435,3,3,3,268.0,0.006711409395973154,0.006896551724137931,89.33333333333333,0.5995525727069351
2020-11-02,mobile,google,organic,google / organic,Organic Search,Returning,15,15,0,0,0,0.0,0.0,0.0,,0.0
2020-11-02,mobile,(data deleted),(data deleted),(data deleted) / (data deleted),Other,New,93,90,2,2,3,294.0,0.021505376344086023,0.022222222222222223,98.0,3.161290322580645
2020-11-02,mobile,(data deleted),(data deleted),(data deleted) / (data deleted),Other,Returning,23,19,0,0,0,0.0,0.0,0.0,,0.0
2020-11-02,mobile,<Other>,(data deleted),<Other> / (data deleted),Other,New,2,2,0,0,0,0.0,0.0,0.0,,0.0
2020-11-02,mobile,<Other>,<Other>,<Other> / <Other>,Other,New,192,190,0,0,0,0.0,0.0,0.0,,0.0
2020-11-02,mobile,<Other>,<Other>,<Other> / <Other>,Other,Returning,2,2,0,0,0,0.0,0.0,0.0,,0.0
2020-11-02,mobile,google,cpc,google / cpc,Paid Search,New,76,76,1,1,1,28.0,0.013157894736842105,0.013157894736842105,28.0,0.3684210526315789
2020-11-02,mobile,google,cpc,google / cpc,Paid Search,Returning,1,1,0,0,0,0.0,0.0,0.0,,0.0
2020-11-02,mobile,<Other>,referral,<Other> / referral,Referral,New,129,124,2,2,2,216.0,0.015503875968992248,0.016129032258064516,108.0,1.6744186046511629
2020-11-02,mobile,<Other>,referral,<Other> / referral,Referral,Returning,7,7,0,0,0,0.0,0.0,0.0,,0.0
2020-11-02,mobile,shop.googlemerchandisestore.com,referral,shop.googlemerchandisestore.com / referral,Referral,New,117,114,4,4,4,266.0,0.03418803418803419,0.03508771929824561,66.5,2.2735042735042734
2020-11-02,mobile,shop.googlemerchandisestore.com,referral,shop.googlemerchandisestore.com / referral,Referral,Returning,10,9,0,0,0,0.0,0.0,0.0,,0.0
2020-11-02,tablet,(direct),(none),(direct) / (none),Direct,New,11,11,0,0,0,0.0,0.0,0.0,,0.0
2020-11-02,tablet,(direct),(none),(direct) / (none),Direct,Returning,1,1,0,0,0,0.0,0.0,0.0,,0.0
2020-11-02,tablet,<Other>,organic,<Other> / organic,Organic Search,New,2,2,0,0,0,0.0,0.0,0.0,,0.0
2020-11-02,tablet,google,organic,google / organic,Organic Search,New,24,23,0,0,0,0.0,0.0,0.0,,0.0
2020-11-02,tablet,google,organic,google / organic,Organic Search,Returning,2,2,0,0,0,0.0,0.0,0.0,,0.0
2020-11-02,tablet,(data deleted),(data deleted),(data deleted) / (data deleted),Other,New,5,4,0,0,0,0.0,0.0,0.0,,0.0
2020-11-02,tablet,<Other>,<Other>,<Other> / <Other>,Other,New,10,10,1,1,1,56.0,0.1,0.1,56.0,5.6
2020-11-02,tablet,<Other>,<Other>,<Other> / <Other>,Other,Returning,1,1,0,0,0,0.0,0.0,0.0,,0.0
2020-11-02,tablet,google,cpc,google / cpc,Paid Search,New,6,6,0,0,0,0.0,0.0,0.0,,0.0
2020-11-02,tablet,<Other>,referral,<Other> / referral,Referral,New,4,4,0,0,0,0.0,0.0,0.0,,0.0
2020-11-02,tablet,shop.googlemerchandisestore.com,referral,shop.googlemerchandisestore.com / referral,Referral,New,5,5,0,0,0,0.0,0.0,0.0,,0.0
2020-11-02,tablet,shop.googlemerchandisestore.com,referral,shop.googlemerchandisestore.com / referral,Referral,Returning,1,1,0,0,0,0.0,0.0,0.0,,0.0
2020-11-03,desktop,(direct),(none),(direct) / (none),Direct,New,663,641,4,4,6,301.0,0.006033182503770739,0.0062402496099844,50.166666666666664,0.4539969834087481
2020-11-03,desktop,(direct),(none),(direct) / (none),Direct,Returning,66,58,2,2,2,220.0,0.030303030303030304,0.034482758620689655,110.0,3.3333333333333335
2020-11-03,desktop,<Other>,organic,<Other> / organic,Organic Search,New,68,68,0,0,0,0.0,0.0,0.0,,0.0
2020-11-03,desktop,<Other>,organic,<Other> / organic,Organic Search,Returning,3,3,0,0,0,0.0,0.0,0.0,,0.0
2020-11-03,desktop,google,organic,google / organic,Organic Search,New,956,920,4,4,4,239.0,0.0041841004184100415,0.004347826086956522,59.75,0.25
2020-11-03,desktop,google,organic,google / organic,Organic Search,Returning,44,43,1,1,1,37.0,0.022727272727272728,0.023255813953488372,37.0,0.8409090909090909
2020-11-03,desktop,(data deleted),(data deleted),(data deleted) / (data deleted),Other,New,136,131,3,3,3,443.0,0.022058823529411766,0.022900763358778626,147.66666666666666,3.2573529411764706
2020-11-03,desktop,(data deleted),(data deleted),(data deleted) / (data deleted),Other,Returning,50,47,3,3,3,186.0,0.06,0.06382978723404255,62.0,3.72
2020-11-03,desktop,<Other>,(data deleted),<Other> / (data deleted),Other,New,3,3,0,0,0,0.0,0.0,0.0,,0.0
2020-11-03,desktop,<Other>,(data deleted),<Other> / (data deleted),Other,Returning,1,1,0,0,0,0.0,0.0,0.0,,0.0
2020-11-03,desktop,<Other>,<Other>,<Other> / <Other>,Other,New,435,432,4,4,4,283.0,0.009195402298850575,0.009259259259259259,70.75,0.6505747126436782
2020-11-03,desktop,<Other>,<Other>,<Other> / <Other>,Other,Returning,12,12,0,0,0,0.0,0.0,0.0,,0.0
2020-11-03,desktop,google,cpc,google / cpc,Paid Search,New,129,128,1,1,1,50.0,0.007751937984496124,0.0078125,50.0,0.3875968992248062
2020-11-03,desktop,google,cpc,google / cpc,Paid Search,Returning,4,4,0,0,0,0.0,0.0,0.0,,0.0
2020-11-03,desktop,<Other>,referral,<Other> / referral,Referral,New,267,264,3,3,3,123.0,0.011235955056179775,0.011363636363636364,41.0,0.4606741573033708
2020-11-03,desktop,<Other>,referral,<Other> / referral,Referral,Returning,28,24,0,0,0,0.0,0.0,0.0,,0.0
2020-11-03,desktop,shop.googlemerchandisestore.com,referral,shop.googlemerchandisestore.com / referral,Referral,New,198,194,2,2,2,66.0,0.010101010101010102,0.010309278350515464,33.0,0.3333333333333333
2020-11-03,desktop,shop.googlemerchandisestore.com,referral,shop.googlemerchandisestore.com / referral,Referral,Returning,36,33,1,1,1,44.0,0.027777777777777776,0.030303030303030304,44.0,1.2222222222222223
2020-11-03,mobile,(direct),(none),(direct) / (none),Direct,New,450,436,4,4,4,255.0,0.008888888888888889,0.009174311926605505,63.75,0.5666666666666667
2020-11-03,mobile,(direct),(none),(direct) / (none),Direct,Returning,47,43,2,2,2,92.0,0.0425531914893617,0.046511627906976744,46.0,1.9574468085106382
2020-11-03,mobile,<Other>,organic,<Other> / organic,Organic Search,New,57,57,1,1,1,183.0,0.017543859649122806,0.017543859649122806,183.0,3.210526315789474
2020-11-03,mobile,<Other>,organic,<Other> / organic,Organic Search,Returning,3,3,0,0,0,0.0,0.0,0.0,,0.0
2020-11-03,mobile,google,organic,google / organic,Organic Search,New,625,612,1,1,1,11.0,0.0016,0.0016339869281045752,11.0,0.0176
2020-11-03,mobile,google,organic,google / organic,Organic Search,Returning,46,41,1,1,1,120.0,0.021739130434782608,0.024390243902439025,120.0,2.608695652173913
2020-11-03,mobile,(data deleted),(data deleted),(data deleted) / (data deleted),Other,New,122,115,4,4,4,167.0,0.03278688524590164,0.034782608695652174,41.75,1.3688524590163935
2020-11-03,mobile,(data deleted),(data deleted),(data deleted) / (data deleted),Other,Returning,32,28,1,1,1,27.0,0.03125,0.03571428571428571,27.0,0.84375
2020-11-03,mobile,<Other>,(data deleted),<Other> / (data deleted),Other,New,4,4,0,0,0,0.0,0.0,0.0,,0.0
2020-11-03,mobile,<Other>,(data deleted),<Other> / (data deleted),Other,Returning,2,2,0,0,0,0.0,0.0,0.0,,0.0
2020-11-03,mobile,<Other>,<Other>,<Other> / <Other>,Other,New,265,263,1,1,1,11.0,0.0037735849056603774,0.0038022813688212928,11.0,0.04150943396226415
2020-11-03,mobile,<Other>,<Other>,<Other> / <Other>,Other,Returning,13,12,0,0,0,0.0,0.0,0.0,,0.0
2020-11-03,mobile,google,cpc,google / cpc,Paid Search,New,100,100,0,0,0,0.0,0.0,0.0,,0.0
2020-11-03,mobile,google,cpc,google / cpc,Paid Search,Returning,1,1,0,0,0,0.0,0.0,0.0,,0.0
2020-11-03,mobile,<Other>,referral,<Other> / referral,Referral,New,196,187,1,1,1,66.0,0.00510204081632653,0.0053475935828877,66.0,0.336734693877551
2020-11-03,mobile,<Other>,referral,<Other> / referral,Referral,Returning,17,15,1,1,1,36.0,0.058823529411764705,0.06666666666666667,36.0,2.1176470588235294
2020-11-03,mobile,shop.googlemerchandisestore.com,referral,shop.googlemerchandisestore.com / referral,Referral,New,135,133,1,1,2,353.0,0.007407407407407408,0.007518796992481203,176.5,2.6148148148148147
2020-11-03,mobile,shop.googlemerchandisestore.com,referral,shop.googlemerchandisestore.com / referral,Referral,Returning,32,32,0,0,0,0.0,0.0,0.0,,0.0
2020-11-03,tablet,(direct),(none),(direct) / (none),Direct,New,24,24,0,0,0,0.0,0.0,0.0,,0.0
2020-11-03,tablet,(direct),(none),(direct) / (none),Direct,Returning,1,1,0,0,0,0.0,0.0,0.0,,0.0
2020-11-03,tablet,<Other>,organic,<Other> / organic,Organic Search,New,6,6,0,0,0,0.0,0.0,0.0,,0.0
2020-11-03,tablet,google,organic,google / organic,Organic Search,New,31,30,0,0,0,0.0,0.0,0.0,,0.0
2020-11-03,tablet,google,organic,google / organic,Organic Search,Returning,1,1,0,0,0,0.0,0.0,0.0,,0.0
2020-11-03,tablet,(data deleted),(data deleted),(data deleted) / (data deleted),Other,New,3,3,0,0,0,0.0,0.0,0.0,,0.0
2020-11-03,tablet,<Other>,<Other>,<Other> / <Other>,Other,New,20,20,0,0,0,0.0,0.0,0.0,,0.0
2020-11-03,tablet,google,cpc,google / cpc,Paid Search,New,4,4,0,0,0,0.0,0.0,0.0,,0.0
2020-11-03,tablet,<Other>,referral,<Other> / referral,Referral,New,9,9,0,0,0,0.0,0.0,0.0,,0.0
2020-11-03,tablet,shop.googlemerchandisestore.com,referral,shop.googlemerchandisestore.com / referral,Referral,New,8,8,0,0,0,0.0,0.0,0.0,,0.0
2020-11-03,tablet,shop.googlemerchandisestore.com,referral,shop.googlemerchandisestore.com / referral,Referral,Returning,3,3,0,0,0,0.0,0.0,0.0,,0.0
2020-11-04,desktop,(direct),(none),(direct) / (none),Direct,New,521,500,2,2,2,146.0,0.003838771593090211,0.004,73.0,0.2802303262955854
2020-11-04,desktop,(direct),(none),(direct) / (none),Direct,Returning,67,67,2,2,2,34.0,0.029850746268656716,0.029850746268656716,17.0,0.5074626865671642
2020-11-04,desktop,<Other>,organic,<Other> / organic,Organic Search,New,57,57,0,0,0,0.0,0.0,0.0,,0.0
2020-11-04,desktop,<Other>,organic,<Other> / organic,Organic Search,Returning,2,2,0,0,0,0.0,0.0,0.0,,0.0
2020-11-04,desktop,google,organic,google / organic,Organic Search,New,685,671,5,5,5,331.0,0.0072992700729927005,0.007451564828614009,66.2,0.4832116788321168
2020-11-04,desktop,google,organic,google / organic,Organic Search,Returning,75,72,0,0,0,0.0,0.0,0.0,,0.0
2020-11-04,desktop,(data deleted),(data deleted),(data deleted) / (data deleted),Other,New,113,109,2,2,2,118.0,0.017699115044247787,0.01834862385321101,59.0,1.0442477876106195
2020-11-04,desktop,(data deleted),(data deleted),(data deleted) / (data deleted),Other,Returning,66,62,2,2,3,229.0,0.030303030303030304,0.03225806451612903,76.33333333333333,3.4696969696969697
2020-11-04,desktop,<Other>,(data deleted),<Other> / (data deleted),Other,New,1,1,0,0,0,0.0,0.0,0.0,,0.0
2020-11-04,desktop,<Other>,(data deleted),<Other> / (data deleted),Other,Returning,4,4,0,0,0,0.0,0.0,0.0,,0.0
2020-11-04,desktop,<Other>,<Other>,<Other> / <Other>,Other,New,374,370,1,1,13,234.0,0.00267379679144385,0.002702702702702703,18.0,0.6256684491978609
2020-11-04,desktop,<Other>,<Other>,<Other> / <Other>,Other,Returning,23,22,1,1,1,18.0,0.043478260869565216,0.045454545454545456,18.0,0.782608695652174
2020-11-04,desktop,google,cpc,google / cpc,Paid Search,New,97,97,0,0,0,0.0,0.0,0.0,,0.0
2020-11-04,desktop,google,cpc,google / cpc,Paid Search,Returning,2,2,1,1,1,87.0,0.5,0.5,87.0,43.5
2020-11-04,desktop,(data deleted),referral,(data deleted) / referral,Referral,New,1,1,0,0,0,0.0,0.0,0.0,,0.0
2020-11-04,desktop,<Other>,referral,<Other> / referral,Referral,New,211,209,1,1,1,68.0,0.004739336492890996,0.004784688995215311,68.0,0.3222748815165877
2020-11-04,desktop,<Other>,referral,<Other> / referral,Referral,Returning,21,18,1,1,1,151.0,0.047619047619047616,0.05555555555555555,151.0,7.190476190476191
2020-11-04,desktop,shop.googlemerchandisestore.com,referral,shop.googlemerchandisestore.com / referral,Referral,New,166,165,2,2,2,39.0,0.012048192771084338,0.012121212121212121,19.5,0.23493975903614459
2020-11-04,desktop,shop.googlemerchandisestore.com,referral,shop.googlemerchandisestore.com / referral,Referral,Returning,48,47,0,0,0,0.0,0.0,0.0,,0.0
2020-11-04,mobile,(direct),(none),(direct) / (none),Direct,New,326,316,1,1,1,141.0,0.003067484662576687,0.0031645569620253164,141.0,0.4325153374233129
2020-11-04,mobile,(direct),(none),(direct) / (none),Direct,Returning,36,35,0,0,0,0.0,0.0,0.0,,0.0
2020-11-04,mobile,<Other>,organic,<Other> / organic,Organic Search,New,57,57,1,1,4,123.0,0.017543859649122806,0.017543859649122806,30.75,2.1578947368421053
2020-11-04,mobile,<Other>,organic,<Other> / organic,Organic Search,Returning,4,4,0,0,0,0.0,0.0,0.0,,0.0
2020-11-04,mobile,google,organic,google / organic,Organic Search,New,473,459,1,1,1,110.0,0.0021141649048625794,0.002178649237472767,110.0,0.23255813953488372
2020-11-04,mobile,google,organic,google / organic,Organic Search,Returning,52,46,1,1,1,128.0,0.019230769230769232,0.021739130434782608,128.0,2.4615384615384617
2020-11-04,mobile,(data deleted),(data deleted),(data deleted) / (data deleted),Other,New,80,74,0,0,0,0.0,0.0,0.0,,0.0
2020-11-04,mobile,(data deleted),(data deleted),(data deleted) / (data deleted),Other,Returning,54,47,2,2,2,134.0,0.037037037037037035,0.0425531914893617,67.0,2.4814814814814814
2020-11-04,mobile,<Other>,(data deleted),<Other> / (data deleted),Other,New,1,1,0,0,0,0.0,0.0,0.0,,0.0
2020-11-04,mobile,<Other>,(data deleted),<Other> / (data deleted),Other,Returning,1,1,0,0,0,0.0,0.0,0.0,,0.0
2020-11-04,mobile,<Other>,<Other>,<Other> / <Other>,Other,New,208,208,0,0,0,0.0,0.0,0.0,,0.0
2020-11-04,mobile,<Other>,<Other>,<Other> / <Other>,Other,Returning,18,17,0,0,0,0.0,0.0,0.0,,0.0
2020-11-04,mobile,google,cpc,google / cpc,Paid Search,New,66,66,0,0,0,0.0,0.0,0.0,,0.0
2020-11-04,mobile,google,cpc,google / cpc,Paid Search,Returning,1,1,0,0,0,0.0,0.0,0.0,,0.0
2020-11-04,mobile,<Other>,referral,<Other> / referral,Referral,New,144,137,2,2,2,76.0,0.013888888888888888,0.014598540145985401,38.0,0.5277777777777778
2020-11-04,mobile,<Other>,referral,<Other> / referral,Referral,Returning,23,23,1,1,1,8.0,0.043478260869565216,0.043478260869565216,8.0,0.34782608695652173
2020-11-04,mobile,shop.googlemerchandisestore.com,referral,shop.googlemerchandisestore.com / referral,Referral,New,118,114,0,0,0,0.0,0.0,0.0,,0.0
2020-11-04,mobile,shop.googlemerchandisestore.com,referral,shop.googlemerchandisestore.com / referral,Referral,Returning,32,29,0,0,0,0.0,0.0,0.0,,0.0
2020-11-04,tablet,(direct),(none),(direct) / (none),Direct,New,18,18,0,0,0,0.0,0.0,0.0,,0.0
2020-11-04,tablet,<Other>,organic,<Other> / organic,Organic Search,New,3,3,0,0,0,0.0,0.0,0.0,,0.0
2020-11-04,tablet,google,organic,google / organic,Organic Search,New,34,34,0,0,0,0.0,0.0,0.0,,0.0
2020-11-04,tablet,google,organic,google / organic,Organic Search,Returning,6,5,0,0,0,0.0,0.0,0.0,,0.0
2020-11-04,tablet,(data deleted),(data deleted),(data deleted) / (data deleted),Other,New,8,8,0,0,0,0.0,0.0,0.0,,0.0
2020-11-04,tablet,(data deleted),(data deleted),(data deleted) / (data deleted),Other,Returning,3,3,0,0,0,0.0,0.0,0.0,,0.0
2020-11-04,tablet,<Other>,<Other>,<Other> / <Other>,Other,New,12,12,0,0,0,0.0,0.0,0.0,,0.0
2020-11-04,tablet,google,cpc,google / cpc,Paid Search,New,5,5,0,0,0,0.0,0.0,0.0,,0.0
2020-11-04,tablet,<Other>,referral,<Other> / referral,Referral,New,12,12,0,0,0,0.0,0.0,0.0,,0.0
2020-11-04,tablet,shop.googlemerchandisestore.com,referral,shop.googlemerchandisestore.com / referral,Referral,New,12,12,0,0,0,0.0,0.0,0.0,,0.0
2020-11-04,tablet,shop.googlemerchandisestore.com,referral,shop.googlemerchandisestore.com / referral,Referral,Returning,3,2,1,1,1,22.0,0.3333333333333333,0.5,22.0,7.333333333333333
2020-11-05,desktop,(direct),(none),(direct) / (none),Direct,New,438,425,2,2,2,100.0,0.0045662100456621,0.004705882352941176,50.0,0.228310502283105
2020-11-05,desktop,(direct),(none),(direct) / (none),Direct,Returning,52,50,0,0,0,0.0,0.0,0.0,,0.0
2020-11-05,desktop,<Other>,organic,<Other> / organic,Organic Search,New,45,45,0,0,0,0.0,0.0,0.0,,0.0
2020-11-05,desktop,<Other>,organic,<Other> / organic,Organic Search,Returning,2,2,0,0,0,0.0,0.0,0.0,,0.0
2020-11-05,desktop,google,organic,google / organic,Organic Search,New,598,584,1,1,1,18.0,0.0016722408026755853,0.0017123287671232876,18.0,0.030100334448160536
2020-11-05,desktop,google,organic,google / organic,Organic Search,Returning,73,70,0,0,0,0.0,0.0,0.0,,0.0
2020-11-05,desktop,(data deleted),(data deleted),(data deleted) / (data deleted),Other,New,122,115,2,2,2,55.0,0.01639344262295082,0.017391304347826087,27.5,0.45081967213114754
2020-11-05,desktop,(data deleted),(data deleted),(data deleted) / (data deleted),Other,Returning,82,76,1,1,1,4.0,0.012195121951219513,0.013157894736842105,4.0,0.04878048780487805
2020-11-05,desktop,<Other>,(data deleted),<Other> / (data deleted),Other,New,2,2,0,0,0,0.0,0.0,0.0,,0.0
2020-11-05,desktop,<Other>,(data deleted),<Other> / (data deleted),Other,Returning,5,5,1,1,1,63.0,0.2,0.2,63.0,12.6
2020-11-05,desktop,<Other>,<Other>,<Other> / <Other>,Other,New,257,255,3,3,3,319.0,0.011673151750972763,0.011764705882352941,106.33333333333333,1.2412451361867705
2020-11-05,desktop,<Other>,<Other>,<Other> / <Other>,Other,Returning,14,14,0,0,0,0.0,0.0,0.0,,0.0
2020-11-05,desktop,google,cpc,google / cpc,Paid Search,New,79,79,1,1,1,87.0,0.012658227848101266,0.012658227848101266,87.0,1.1012658227848102
2020-11-05,desktop,google,cpc,google / cpc,Paid Search,Returning,5,5,0,0,0,0.0,0.0,0.0,,0.0
2020-11-05,desktop,<Other>,referral,<Other> / referral,Referral,New,186,180,2,2,2,60.0,0.010752688172043012,0.011111111111111112,30.0,0.3225806451612903
2020-11-05,desktop,<Other>,referral,<Other> / referral,Referral,Returning,26,26,0,0,0,0.0,0.0,0.0,,0.0
2020-11-05,desktop,shop.googlemerchandisestore.com,referral,shop.googlemerchandisestore.com / referral,Referral,New,149,145,2,2,2,152.0,0.013422818791946308,0.013793103448275862,76.0,1.0201342281879195
2020-11-05,desktop,shop.googlemerchandisestore.com,referral,shop.googlemerchandisestore.com / referral,Referral,Returning,45,44,1,1,1,117.0,0.022222222222222223,0.022727272727272728,117.0,2.6
2020-11-05,mobile,(direct),(none),(direct) / (none),Direct,New,305,298,1,1,1,24.0,0.003278688524590164,0.003355704697986577,24.0,0.07868852459016394
2020-11-05,mobile,(direct),(none),(direct) / (none),Direct,Returning,46,44,2,2,2,136.0,0.043478260869565216,0.045454545454545456,68.0,2.9565217391304346
2020-11-05,mobile,<Other>,organic,<Other> / organic,Organic Search,New,37,37,0,0,0,0.0,0.0,0.0,,0.0
2020-11-05,mobile,<Other>,organic,<Other> / organic,Organic Search,Returning,4,4,0,0,0,0.0,0.0,0.0,,0.0
2020-11-05,mobile,google,organic,google / organic,Organic Search,New,440,425,0,0,0,0.0,0.0,0.0,,0.0
2020-11-05,mobile,google,organic,google / organic,Organic Search,Returning,48,45,0,0,0,0.0,0.0,0.0,,0.0
2020-11-05,mobile,(data deleted),(data deleted),(data deleted) / (data deleted),Other,New,70,64,1,1,1,52.0,0.014285714285714285,0.015625,52.0,0.7428571428571429
2020-11-05,mobile,(data deleted),(data deleted),(data deleted) / (data deleted),Other,Returning,74,66,2,2,2,330.0,0.02702702702702703,0.030303030303030304,165.0,4.45945945945946
2020-11-05,mobile,<Other>,<Other>,<Other> / <Other>,Other,New,178,178,0,0,0,0.0,0.0,0.0,,0.0
2020-11-05,mobile,<Other>,<Other>,<Other> / <Other>,Other,Returning,17,17,0,0,0,0.0,0.0,0.0,,0.0
2020-11-05,mobile,google,cpc,google / cpc,Paid Search,New,61,61,0,0,0,0.0,0.0,0.0,,0.0
2020-11-05,mobile,google,cpc,google / cpc,Paid Search,Returning,8,8,0,0,0,0.0,0.0,0.0,,0.0
2020-11-05,mobile,<Other>,referral,<Other> / referral,Referral,New,118,115,2,2,2,63.0,0.01694915254237288,0.017391304347826087,31.5,0.5338983050847458
2020-11-05,mobile,<Other>,referral,<Other> / referral,Referral,Returning,19,19,1,1,1,92.0,0.05263157894736842,0.05263157894736842,92.0,4.842105263157895
2020-11-05,mobile,shop.googlemerchandisestore.com,referral,shop.googlemerchandisestore.com / referral,Referral,New,112,108,0,0,0,0.0,0.0,0.0,,0.0
2020-11-05,mobile,shop.googlemerchandisestore.com,referral,shop.googlemerchandisestore.com / referral,Referral,Returning,38,38,0,0,0,0.0,0.0,0.0,,0.0
2020-11-05,tablet,(direct),(none),(direct) / (none),Direct,New,19,17,1,1,1,120.0,0.05263157894736842,0.058823529411764705,120.0,6.315789473684211
2020-11-05,tablet,(direct),(none),(direct) / (none),Direct,Returning,3,3,0,0,0,0.0,0.0,0.0,,0.0
2020-11-05,tablet,<Other>,organic,<Other> / organic,Organic Search,New,4,4,0,0,0,0.0,0.0,0.0,,0.0
2020-11-05,tablet,google,organic,google / organic,Organic Search,New,20,19,0,0,0,0.0,0.0,0.0,,0.0
2020-11-05,tablet,google,organic,google / organic,Organic Search,Returning,5,5,0,0,0,0.0,0.0,0.0,,0.0
2020-11-05,tablet,(data deleted),(data deleted),(data deleted) / (data deleted),Other,New,4,4,0,0,0,0.0,0.0,0.0,,0.0
2020-11-05,tablet,(data deleted),(data deleted),(data deleted) / (data deleted),Other,Returning,2,2,0,0,0,0.0,0.0,0.0,,0.0
2020-11-05,tablet,<Other>,<Other>,<Other> / <Other>,Other,New,13,13,0,0,0,0.0,0.0,0.0,,0.0
2020-11-05,tablet,<Other>,<Other>,<Other> / <Other>,Other,Returning,1,1,0,0,0,0.0,0.0,0.0,,0.0
2020-11-05,tablet,google,cpc,google / cpc,Paid Search,New,2,2,0,0,0,0.0,0.0,0.0,,0.0
2020-11-05,tablet,<Other>,referral,<Other> / referral,Referral,New,9,9,0,0,0,0.0,0.0,0.0,,0.0
2020-11-05,tablet,<Other>,referral,<Other> / referral,Referral,Returning,2,2,0,0,0,0.0,0.0,0.0,,0.0
2020-11-05,tablet,shop.googlemerchandisestore.com,referral,shop.googlemerchandisestore.com / referral,Referral,New,7,7,0,0,0,0.0,0.0,0.0,,0.0
2020-11-06,desktop,(direct),(none),(direct) / (none),Direct,New,343,334,4,4,4,470.0,0.011661807580174927,0.011976047904191617,117.5,1.370262390670554
2020-11-06,desktop,(direct),(none),(direct) / (none),Direct,Returning,84,77,3,3,3,237.0,0.03571428571428571,0.03896103896103896,79.0,2.8214285714285716
2020-11-06,desktop,<Other>,organic,<Other> / organic,Organic Search,New,49,49,0,0,0,0.0,0.0,0.0,,0.0
2020-11-06,desktop,<Other>,organic,<Other> / organic,Organic Search,Returning,7,7,0,0,0,0.0,0.0,0.0,,0.0
2020-11-06,desktop,google,organic,google / organic,Organic Search,New,515,490,4,4,4,188.0,0.007766990291262136,0.00816326530612245,47.0,0.3650485436893204
2020-11-06,desktop,google,organic,google / organic,Organic Search,Returning,73,68,4,4,5,277.0,0.0547945205479452,0.058823529411764705,55.4,3.7945205479452055
2020-11-06,desktop,(data deleted),(data deleted),(data deleted) / (data deleted),Other,New,86,85,1,1,1,17.0,0.011627906976744186,0.011764705882352941,17.0,0.19767441860465115
2020-11-06,desktop,(data deleted),(data deleted),(data deleted) / (data deleted),Other,Returning,69,63,1,1,1,18.0,0.014492753623188406,0.015873015873015872,18.0,0.2608695652173913
2020-11-06,desktop,<Other>,(data deleted),<Other> / (data deleted),Other,New,2,2,0,0,0,0.0,0.0,0.0,,0.0
2020-11-06,desktop,<Other>,(data deleted),<Other> / (data deleted),Other,Returning,1,1,0,0,0,0.0,0.0,0.0,,0.0
2020-11-06,desktop,<Other>,<Other>,<Other> / <Other>,Other,New,216,216,1,1,1,110.0,0.004629629629629629,0.004629629629629629,110.0,0.5092592592592593
2020-11-06,desktop,<Other>,<Other>,<Other> / <Other>,Other,Returning,16,16,0,0,0,0.0,0.0,0.0,,0.0
2020-11-06,desktop,google,cpc,google / cpc,Paid Search,New,89,89,0,0,0,0.0,0.0,0.0,,0.0
2020-11-06,desktop,google,cpc,google / cpc,Paid Search,Returning,2,2,1,1,1,24.0,0.5,0.5,24.0,12.0
2020-11-06,desktop,<Other>,referral,<Other> / referral,Referral,New,145,143,3,3,3,204.0,0.020689655172413793,0.02097902097902098,68.0,1.4068965517241379
2020-11-06,desktop,<Other>,referral,<Other> / referral,Referral,Returning,30,30,2,2,2,111.0,0.06666666666666667,0.06666666666666667,55.5,3.7
2020-11-06,desktop,shop.googlemerchandisestore.com,referral,shop.googlemerchandisestore.com / referral,Referral,New,139,135,3,3,3,180.0,0.02158273381294964,0.022222222222222223,60.0,1.2949640287769784
2020-11-06,desktop,shop.googlemerchandisestore.com,referral,shop.googlemerchandisestore.com / referral,Referral,Returning,57,55,0,0,0,0.0,0.0,0.0,,0.0
2020-11-06,mobile,(direct),(none),(direct) / (none),Direct,New,257,245,2,2,2,82.0,0.007782101167315175,0.00816326530612245,41.0,0.31906614785992216
2020-11-06,mobile,(direct),(none),(direct) / (none),Direct,Returning,56,53,2,2,3,149.0,0.03571428571428571,0.03773584905660377,49.666666666666664,2.6607142857142856
2020-11-06,mobile,<Other>,organic,<Other> / organic,Organic Search,New,32,32,0,0,0,0.0,0.0,0.0,,0.0
2020-11-06,mobile,<Other>,organic,<Other> / organic,Organic Search,Returning,2,2,0,0,0,0.0,0.0,0.0,,0.0
2020-11-06,mobile,google,organic,google / organic,Organic Search,New,360,353,6,6,14,739.0,0.016666666666666666,0.0169971671388102,52.785714285714285,2.0527777777777776
2020-11-06,mobile,google,organic,google / organic,Organic Search,Returning,43,41,2,2,2,52.0,0.046511627906976744,0.04878048780487805,26.0,1.2093023255813953
2020-11-06,mobile,(data deleted),(data deleted),(data deleted) / (data deleted),Other,New,60,59,0,0,0,0.0,0.0,0.0,,0.0
2020-11-06,mobile,(data deleted),(data deleted),(data deleted) / (data deleted),Other,Returning,56,49,1,1,1,49.0,0.017857142857142856,0.02040816326530612,49.0,0.875
2020-11-06,mobile,<Other>,(data deleted),<Other> / (data deleted),Other,New,2,2,0,0,0,0.0,0.0,0.0,,0.0
2020-11-06,mobile,<Other>,(data deleted),<Other> / (data deleted),Other,Returning,2,2,0,0,0,0.0,0.0,0.0,,0.0
2020-11-06,mobile,<Other>,<Other>,<Other> / <Other>,Other,New,158,157,1,1,1,11.0,0.006329113924050633,0.006369426751592357,11.0,0.06962025316455696
2020-11-06,mobile,<Other>,<Other>,<Other> / <Other>,Other,Returning,14,13,0,0,0,0.0,0.0,0.0,,0.0
2020-11-06,mobile,google,cpc,google / cpc,Paid Search,New,40,40,0,0,0,0.0,0.0,0.0,,0.0
2020-11-06,mobile,google,cpc,google / cpc,Paid Search,Returning,5,5,0,0,0,0.0,0.0,0.0,,0.0
2020-11-06,mobile,(data deleted),referral,(data deleted) / referral,Referral,New,1,1,0,0,0,0.0,0.0,0.0,,0.0
2020-11-06,mobile,<Other>,referral,<Other> / referral,Referral,New,102,102,1,1,1,18.0,0.00980392156862745,0.00980392156862745,18.0,0.17647058823529413
2020-11-06,mobile,<Other>,referral,<Other> / referral,Referral,Returning,21,21,1,1,1,69.0,0.047619047619047616,0.047619047619047616,69.0,3.2857142857142856
2020-11-06,mobile,shop.googlemerchandisestore.com,referral,shop.googlemerchandisestore.com / referral,Referral,New,89,86,2,2,2,170.0,0.02247191011235955,0.023255813953488372,85.0,1.9101123595505618
2020-11-06,mobile,shop.googlemerchandisestore.com,referral,shop.googlemerchandisestore.com / referral,Referral,Returning,32,32,0,0,0,0.0,0.0,0.0,,0.0
2020-11-06,tablet,(direct),(none),(direct) / (none),Direct,New,14,13,0,0,0,0.0,0.0,0.0,,0.0
2020-11-06,tablet,(direct),(none),(direct) / (none),Direct,Returning,6,6,0,0,0,0.0,0.0,0.0,,0.0
2020-11-06,tablet,<Other>,organic,<Other> / organic,Organic Search,New,1,1,0,0,0,0.0,0.0,0.0,,0.0
2020-11-06,tablet,google,organic,google / organic,Organic Search,New,25,25,1,1,1,199.0,0.04,0.04,199.0,7.96
2020-11-06,tablet,google,organic,google / organic,Organic Search,Returning,2,2,0,0,0,0.0,0.0,0.0,,0.0
2020-11-06,tablet,(data deleted),(data deleted),(data deleted) / (data deleted),Other,New,6,4,1,1,1,32.0,0.16666666666666666,0.25,32.0,5.333333333333333
2020-11-06,tablet,(data deleted),(data deleted),(data deleted) / (data deleted),Other,Returning,2,2,0,0,0,0.0,0.0,0.0,,0.0
2020-11-06,tablet,<Other>,<Other>,<Other> / <Other>,Other,New,11,11,0,0,0,0.0,0.0,0.0,,0.0
2020-11-06,tablet,<Other>,<Other>,<Other> / <Other>,Other,Returning,1,1,1,1,1,32.0,1.0,1.0,32.0,32.0
2020-11-06,tablet,<Other>,referral,<Other> / referral,Referral,New,4,4,0,0,0,0.0,0.0,0.0,,0.0
2020-11-06,tablet,<Other>,referral,<Other> / referral,Referral,Returning,1,1,0,0,0,0.0,0.0,0.0,,0.0
2020-11-06,tablet,shop.googlemerchandisestore.com,referral,shop.googlemerchandisestore.com / referral,Referral,New,2,2,0,0,0,0.0,0.0,0.0,,0.0
2020-11-06,tablet,shop.googlemerchandisestore.com,referral,shop.googlemerchandisestore.com / referral,Referral,Returning,2,2,0,0,0,0.0,0.0,0.0,,0.0
2020-11-07,desktop,(direct),(none),(direct) / (none),Direct,New,274,268,4,4,4,203.0,0.014598540145985401,0.014925373134328358,50.75,0.7408759124087592
2020-11-07,desktop,(direct),(none),(direct) / (none),Direct,Returning,34,32,0,0,0,0.0,0.0,0.0,,0.0
2020-11-07,desktop,<Other>,organic,<Other> / organic,Organic Search,New,28,28,1,1,1,20.0,0.03571428571428571,0.03571428571428571,20.0,0.7142857142857143
2020-11-07,desktop,<Other>,organic,<Other> / organic,Organic Search,Returning,4,4,0,0,0,0.0,0.0,0.0,,0.0
2020-11-07,desktop,google,organic,google / organic,Organic Search,New,361,355,3,3,4,184.0,0.008310249307479225,0.008450704225352112,46.0,0.5096952908587258
2020-11-07,desktop,google,organic,google / organic,Organic Search,Returning,40,39,1,1,1,11.0,0.025,0.02564102564102564,11.0,0.275
2020-11-07,desktop,(data deleted),(data deleted),(data deleted) / (data deleted),Other,New,50,47,1,1,1,79.0,0.02,0.02127659574468085,79.0,1.58
2020-11-07,desktop,(data deleted),(data deleted),(data deleted) / (data deleted),Other,Returning,34,34,0,0,0,0.0,0.0,0.0,,0.0
2020-11-07,desktop,<Other>,<Other>,<Other> / <Other>,Other,New,150,150,1,1,1,88.0,0.006666666666666667,0.006666666666666667,88.0,0.5866666666666667
2020-11-07,desktop,<Other>,<Other>,<Other> / <Other>,Other,Returning,10,10,0,0,0,0.0,0.0,0.0,,0.0
2020-11-07,desktop,google,cpc,google / cpc,Paid Search,New,54,53,2,2,2,139.0,0.037037037037037035,0.03773584905660377,69.5,2.574074074074074
2020-11-07,desktop,google,cpc,google / cpc,Paid Search,Returning,6,6,0,0,0,0.0,0.0,0.0,,0.0
2020-11-07,desktop,<Other>,referral,<Other> / referral,Referral,New,115,113,1,1,1,56.0,0.008695652173913044,0.008849557522123894,56.0,0.48695652173913045
2020-11-07,desktop,<Other>,referral,<Other> / referral,Referral,Returning,18,18,0,0,0,0.0,0.0,0.0,,0.0
2020-11-07,desktop,shop.googlemerchandisestore.com,referral,shop.googlemerchandisestore.com / referral,Referral,New,83,82,1,1,1,139.0,0.012048192771084338,0.012195121951219513,139.0,1.6746987951807228
2020-11-07,desktop,shop.googlemerchandisestore.com,referral,shop.googlemerchandisestore.com / referral,Referral,Returning,26,26,1,1,1,144.0,0.038461538461538464,0.038461538461538464,144.0,5.538461538461538
2020-11-07,mobile,(direct),(none),(direct) / (none),Direct,New,202,186,1,1,1,32.0,0.0049504950495049506,0.005376344086021506,32.0,0.15841584158415842
2020-11-07,mobile,(direct),(none),(direct) / (none),Direct,Returning,37,34,1,1,1,112.0,0.02702702702702703,0.029411764705882353,112.0,3.027027027027027
2020-11-07,mobile,<Other>,organic,<Other> / organic,Organic Search,New,20,20,0,0,0,0.0,0.0,0.0,,0.0
2020-11-07,mobile,google,organic,google / organic,Organic Search,New,248,240,4,4,6,1022.0,0.016129032258064516,0.016666666666666666,170.33333333333334,4.120967741935484
2020-11-07,mobile,google,organic,google / organic,Organic Search,Returning,25,24,2,2,2,125.0,0.08,0.08333333333333333,62.5,5.0
2020-11-07,mobile,(data deleted),(data deleted),(data deleted) / (data deleted),Other,New,28,26,0,0,0,0.0,0.0,0.0,,0.0
2020-11-07,mobile,(data deleted),(data deleted),(data deleted) / (data deleted),Other,Returning,32,30,0,0,0,0.0,0.0,0.0,,0.0
2020-11-07,mobile,<Other>,<Other>,<Other> / <Other>,Other,New,140,137,2,2,2,145.0,0.014285714285714285,0.014598540145985401,72.5,1.0357142857142858
2020-11-07,mobile,<Other>,<Other>,<Other> / <Other>,Other,Returning,4,4,0,0,0,0.0,0.0,0.0,,0.0
2020-11-07,mobile,google,cpc,google / cpc,Paid Search,New,42,42,0,0,0,0.0,0.0,0.0,,0.0
2020-11-07,mobile,google,cpc,google / cpc,Paid Search,Returning,2,2,0,0,0,0.0,0.0,0.0,,0.0
2020-11-07,mobile,<Other>,referral,<Other> / referral,Referral,New,78,77,1,1,1,28.0,0.01282051282051282,0.012987012987012988,28.0,0.358974358974359
2020-11-07,mobile,<Other>,referral,<Other> / referral,Referral,Returning,18,18,1,1,1,4.0,0.05555555555555555,0.05555555555555555,4.0,0.2222222222222222
2020-11-07,mobile,shop.googlemerchandisestore.com,referral,shop.googlemerchandisestore.com / referral,Referral,New,51,50,0,0,0,0.0,0.0,0.0,,0.0
2020-11-07,mobile,shop.googlemerchandisestore.com,referral,shop.googlemerchandisestore.com / referral,Referral,Returning,19,19,0,0,0,0.0,0.0,0.0,,0.0
2020-11-07,tablet,(direct),(none),(direct) / (none),Direct,New,9,9,0,0,0,0.0,0.0,0.0,,0.0
2020-11-07,tablet,google,organic,google / organic,Organic Search,New,16,15,0,0,0,0.0,0.0,0.0,,0.0
2020-11-07,tablet,google,organic,google / organic,Organic Search,Returning,3,3,0,0,0,0.0,0.0,0.0,,0.0
2020-11-07,tablet,(data deleted),(data deleted),(data deleted) / (data deleted),Other,New,2,2,0,0,0,0.0,0.0,0.0,,0.0
2020-11-07,tablet,(data deleted),(data deleted),(data deleted) / (data deleted),Other,Returning,4,4,0,0,0,0.0,0.0,0.0,,0.0
2020-11-07,tablet,<Other>,<Other>,<Other> / <Other>,Other,New,2,2,0,0,0,0.0,0.0,0.0,,0.0
2020-11-07,tablet,<Other>,<Other>,<Other> / <Other>,Other,Returning,1,1,0,0,0,0.0,0.0,0.0,,0.0
2020-11-07,tablet,google,cpc,google / cpc,Paid Search,New,2,2,0,0,0,0.0,0.0,0.0,,0.0
2020-11-07,tablet,<Other>,referral,<Other> / referral,Referral,New,4,4,0,0,0,0.0,0.0,0.0,,0.0
2020-11-07,tablet,<Other>,referral,<Other> / referral,Referral,Returning,1,1,0,0,0,0.0,0.0,0.0,,0.0
2020-11-07,tablet,shop.googlemerchandisestore.com,referral,shop.googlemerchandisestore.com / referral,Referral,New,6,6,0,0,0,0.0,0.0,0.0,,0.0
2020-11-08,desktop,(direct),(none),(direct) / (none),Direct,New,239,231,1,1,1,49.0,0.0041841004184100415,0.004329004329004329,49.0,0.20502092050209206
2020-11-08,desktop,(direct),(none),(direct) / (none),Direct,Returning,36,32,1,1,1,272.0,0.027777777777777776,0.03125,272.0,7.555555555555555
2020-11-08,desktop,<Other>,organic,<Other> / organic,Organic Search,New,36,36,0,0,0,0.0,0.0,0.0,,0.0
2020-11-08,desktop,<Other>,organic,<Other> / organic,Organic Search,Returning,2,2,0,0,0,0.0,0.0,0.0,,0.0
2020-11-08,desktop,google,organic,google / organic,Organic Search,New,364,354,2,2,2,441.0,0.005494505494505495,0.005649717514124294,220.5,1.2115384615384615
2020-11-08,desktop,google,organic,google / organic,Organic Search,Returning,40,40,2,2,2,242.0,0.05,0.05,121.0,6.05
2020-11-08,desktop,(data deleted),(data deleted),(data deleted) / (data deleted),Other,New,39,39,0,0,0,0.0,0.0,0.0,,0.0
2020-11-08,desktop,(data deleted),(data deleted),(data deleted) / (data deleted),Other,Returning,46,43,3,3,4,696.0,0.06521739130434782,0.06976744186046512,174.0,15.130434782608695
2020-11-08,desktop,<Other>,(data deleted),<Other> / (data deleted),Other,New,1,1,0,0,0,0.0,0.0,0.0,,0.0
2020-11-08,desktop,<Other>,<Other>,<Other> / <Other>,Other,New,174,174,2,2,2,100.0,0.011494252873563218,0.011494252873563218,50.0,0.5747126436781609
2020-11-08,desktop,<Other>,<Other>,<Other> / <Other>,Other,Returning,9,9,0,0,0,0.0,0.0,0.0,,0.0
2020-11-08,desktop,google,cpc,google / cpc,Paid Search,New,52,52,0,0,0,0.0,0.0,0.0,,0.0
2020-11-08,desktop,google,cpc,google / cpc,Paid Search,Returning,5,5,0,0,0,0.0,0.0,0.0,,0.0
2020-11-08,desktop,<Other>,referral,<Other> / referral,Referral,New,106,105,2,2,2,166.0,0.018867924528301886,0.01904761904761905,83.0,1.5660377358490567
2020-11-08,desktop,<Other>,referral,<Other> / referral,Referral,Returning,22,22,0,0,0,0.0,0.0,0.0,,0.0
2020-11-08,desktop,shop.googlemerchandisestore.com,referral,shop.googlemerchandisestore.com / referral,Referral,New,81,81,1,1,1,718.0,0.012345679012345678,0.012345679012345678,718.0,8.864197530864198
2020-11-08,desktop,shop.googlemerchandisestore.com,referral,shop.googlemerchandisestore.com / referral,Referral,Returning,31,26,0,0,0,0.0,0.0,0.0,,0.0
2020-11-08,mobile,(direct),(none),(direct) / (none),Direct,New,168,165,2,2,2,150.0,0.011904761904761904,0.012121212121212121,75.0,0.8928571428571429
2020-11-08,mobile,(direct),(none),(direct) / (none),Direct,Returning,32,30,1,1,1,17.0,0.03125,0.03333333333333333,17.0,0.53125
2020-11-08,mobile,<Other>,organic,<Other> / organic,Organic Search,New,19,19,0,0,0,0.0,0.0,0.0,,0.0
2020-11-08,mobile,google,organic,google / organic,Organic Search,New,223,221,5,5,5,152.0,0.02242152466367713,0.02262443438914027,30.4,0.6816143497757847
2020-11-08,mobile,google,organic,google / organic,Organic Search,Returning,26,24,0,0,0,0.0,0.0,0.0,,0.0
2020-11-08,mobile,(data deleted),(data deleted),(data deleted) / (data deleted),Other,New,31,30,0,0,0,0.0,0.0,0.0,,0.0
2020-11-08,mobile,(data deleted),(data deleted),(data deleted) / (data deleted),Other,Returning,24,21,0,0,0,0.0,0.0,0.0,,0.0
2020-11-08,mobile,<Other>,(data deleted),<Other> / (data deleted),Other,Returning,1,1,0,0,0,0.0,0.0,0.0,,0.0
2020-11-08,mobile,<Other>,<Other>,<Other> / <Other>,Other,New,112,112,3,3,3,91.0,0.026785714285714284,0.026785714285714284,30.333333333333332,0.8125
2020-11-08,mobile,<Other>,<Other>,<Other> / <Other>,Other,Returning,8,7,0,0,0,0.0,0.0,0.0,,0.0
2020-11-08,mobile,google,cpc,google / cpc,Paid Search,New,32,32,0,0,0,0.0,0.0,0.0,,0.0
2020-11-08,mobile,<Other>,referral,<Other> / referral,Referral,New,70,69,1,1,1,128.0,0.014285714285714285,0.014492753623188406,128.0,1.8285714285714285
2020-11-08,mobile,<Other>,referral,<Other> / referral,Referral,Returning,16,13,0,0,0,0.0,0.0,0.0,,0.0
2020-11-08,mobile,shop.googlemerchandisestore.com,referral,shop.googlemerchandisestore.com / referral,Referral,New,63,61,1,1,1,15.0,0.015873015873015872,0.01639344262295082,15.0,0.23809523809523808
2020-11-08,mobile,shop.googlemerchandisestore.com,referral,shop.googlemerchandisestore.com / referral,Referral,Returning,19,19,2,2,2,339.0,0.10526315789473684,0.10526315789473684,169.5,17.842105263157894
2020-11-08,tablet,(direct),(none),(direct) / (none),Direct,New,7,7,0,0,0,0.0,0.0,0.0,,0.0
2020-11-08,tablet,(direct),(none),(direct) / (none),Direct,Returning,3,3,0,0,0,0.0,0.0,0.0,,0.0
2020-11-08,tablet,google,organic,google / organic,Organic Search,New,8,8,0,0,0,0.0,0.0,0.0,,0.0
2020-11-08,tablet,google,organic,google / organic,Organic Search,Returning,2,2,0,0,0,0.0,0.0,0.0,,0.0
2020-11-08,tablet,(data deleted),(data deleted),(data deleted) / (data deleted),Other,New,3,3,2,2,2,184.0,0.6666666666666666,0.6666666666666666,92.0,61.333333333333336
2020-11-08,tablet,(data deleted),(data deleted),(data deleted) / (data deleted),Other,Returning,1,1,0,0,0,0.0,0.0,0.0,,0.0
2020-11-08,tablet,<Other>,(data deleted),<Other> / (data deleted),Other,Returning,1,1,0,0,0,0.0,0.0,0.0,,0.0
2020-11-08,tablet,<Other>,<Other>,<Other> / <Other>,Other,New,9,9,0,0,0,0.0,0.0,0.0,,0.0
2020-11-08,tablet,<Other>,referral,<Other> / referral,Referral,New,2,2,0,0,0,0.0,0.0,0.0,,0.0
2020-11-08,tablet,<Other>,referral,<Other> / referral,Referral,Returning,1,1,0,0,0,0.0,0.0,0.0,,0.0
2020-11-08,tablet,shop.googlemerchandisestore.com,referral,shop.googlemerchandisestore.com / referral,Referral,New,5,5,0,0,0,0.0,0.0,0.0,,0.0
2020-11-08,tablet,shop.googlemerchandisestore.com,referral,shop.googlemerchandisestore.com / referral,Referral,Returning,1,1,0,0,0,0.0,0.0,0.0,,0.0
2020-11-09,desktop,(direct),(none),(direct) / (none),Direct,New,403,392,4,4,4,99.0,0.009925558312655087,0.01020408163265306,24.75,0.2456575682382134
2020-11-09,desktop,(direct),(none),(direct) / (none),Direct,Returning,72,67,2,2,4,84.0,0.027777777777777776,0.029850746268656716,21.0,1.1666666666666667
2020-11-09,desktop,<Other>,organic,<Other> / organic,Organic Search,New,52,52,1,1,1,98.0,0.019230769230769232,0.019230769230769232,98.0,1.8846153846153846
2020-11-09,desktop,<Other>,organic,<Other> / organic,Organic Search,Returning,4,4,0,0,0,0.0,0.0,0.0,,0.0
2020-11-09,desktop,google,organic,google / organic,Organic Search,New,484,469,5,5,6,266.0,0.010330578512396695,0.010660980810234541,44.333333333333336,0.5495867768595041
2020-11-09,desktop,google,organic,google / organic,Organic Search,Returning,77,74,0,0,0,0.0,0.0,0.0,,0.0
2020-11-09,desktop,(data deleted),(data deleted),(data deleted) / (data deleted),Other,New,76,76,3,3,6,141.0,0.039473684210526314,0.039473684210526314,23.5,1.855263157894737
2020-11-09,desktop,(data deleted),(data deleted),(data deleted) / (data deleted),Other,Returning,69,64,0,0,0,0.0,0.0,0.0,,0.0
2020-11-09,desktop,<Other>,(data deleted),<Other> / (data deleted),Other,Returning,4,4,0,0,0,0.0,0.0,0.0,,0.0
2020-11-09,desktop,<Other>,<Other>,<Other> / <Other>,Other,New,238,236,2,2,2,59.0,0.008403361344537815,0.00847457627118644,29.5,0.24789915966386555
2020-11-09,desktop,<Other>,<Other>,<Other> / <Other>,Other,Returning,22,22,1,1,1,37.0,0.045454545454545456,0.045454545454545456,37.0,1.6818181818181819
2020-11-09,desktop,google,cpc,google / cpc,Paid Search,New,76,76,0,0,0,0.0,0.0,0.0,,0.0
2020-11-09,desktop,google,cpc,google / cpc,Paid Search,Returning,3,3,0,0,0,0.0,0.0,0.0,,0.0
2020-11-09,desktop,<Other>,referral,<Other> / referral,Referral,New,148,147,2,2,2,107.0,0.013513513513513514,0.013605442176870748,53.5,0.722972972972973
2020-11-09,desktop,<Other>,referral,<Other> / referral,Referral,Returning,30,30,1,1,1,87.0,0.03333333333333333,0.03333333333333333,87.0,2.9
2020-11-09,desktop,shop.googlemerchandisestore.com,referral,shop.googlemerchandisestore.com / referral,Referral,New,103,99,1,1,1,110.0,0.009708737864077669,0.010101010101010102,110.0,1.0679611650485437
2020-11-09,desktop,shop.googlemerchandisestore.com,referral,shop.googlemerchandisestore.com / referral,Referral,Returning,48,48,1,1,1,64.0,0.020833333333333332,0.020833333333333332,64.0,1.3333333333333333
2020-11-09,mobile,(direct),(none),(direct) / (none),Direct,New,251,239,3,3,3,55.0,0.01195219123505976,0.012552301255230125,18.333333333333332,0.21912350597609562
2020-11-09,mobile,(direct),(none),(direct) / (none),Direct,Returning,55,51,2,2,2,113.0,0.03636363636363636,0.0392156862745098,56.5,2.0545454545454547
2020-11-09,mobile,<Other>,organic,<Other> / organic,Organic Search,New,27,27,0,0,0,0.0,0.0,0.0,,0.0
2020-11-09,mobile,<Other>,organic,<Other> / organic,Organic Search,Returning,3,3,0,0,0,0.0,0.0,0.0,,0.0
2020-11-09,mobile,google,organic,google / organic,Organic Search,New,342,334,3,3,4,295.0,0.008771929824561403,0.008982035928143712,73.75,0.8625730994152047
2020-11-09,mobile,google,organic,google / organic,Organic Search,Returning,52,50,2,2,2,114.0,0.038461538461538464,0.04,57.0,2.1923076923076925
2020-11-09,mobile,(data deleted),(data deleted),(data deleted) / (data deleted),Other,New,48,46,2,2,5,110.0,0.041666666666666664,0.043478260869565216,22.0,2.2916666666666665
2020-11-09,mobile,(data deleted),(data deleted),(data deleted) / (data deleted),Other,Returning,38,38,1,1,1,57.0,0.02631578947368421,0.02631578947368421,57.0,1.5
2020-11-09,mobile,<Other>,(data deleted),<Other> / (data deleted),Other,New,2,2,0,0,0,0.0,0.0,0.0,,0.0
2020-11-09,mobile,<Other>,(data deleted),<Other> / (data deleted),Other,Returning,1,1,0,0,0,0.0,0.0,0.0,,0.0
2020-11-09,mobile,<Other>,<Other>,<Other> / <Other>,Other,New,178,177,3,3,3,102.0,0.016853932584269662,0.01694915254237288,34.0,0.5730337078651685
2020-11-09,mobile,<Other>,<Other>,<Other> / <Other>,Other,Returning,12,12,0,0,0,0.0,0.0,0.0,,0.0
2020-11-09,mobile,google,cpc,google / cpc,Paid Search,New,40,40,0,0,0,0.0,0.0,0.0,,0.0
2020-11-09,mobile,google,cpc,google / cpc,Paid Search,Returning,2,2,0,0,0,0.0,0.0,0.0,,0.0
2020-11-09,mobile,<Other>,referral,<Other> / referral,Referral,New,90,89,0,0,0,0.0,0.0,0.0,,0.0
2020-11-09,mobile,<Other>,referral,<Other> / referral,Referral,Returning,25,25,0,0,0,0.0,0.0,0.0,,0.0
2020-11-09,mobile,shop.googlemerchandisestore.com,referral,shop.googlemerchandisestore.com / referral,Referral,New,83,81,3,3,3,156.0,0.03614457831325301,0.037037037037037035,52.0,1.8795180722891567
2020-11-09,mobile,shop.googlemerchandisestore.com,referral,shop.googlemerchandisestore.com / referral,Referral,Returning,30,30,0,0,0,0.0,0.0,0.0,,0.0
2020-11-09,tablet,(direct),(none),(direct) / (none),Direct,New,14,14,0,0,0,0.0,0.0,0.0,,0.0
2020-11-09,tablet,(direct),(none),(direct) / (none),Direct,Returning,5,5,0,0,0,0.0,0.0,0.0,,0.0
2020-11-09,tablet,<Other>,organic,<Other> / organic,Organic Search,New,4,4,0,0,0,0.0,0.0,0.0,,0.0
2020-11-09,tablet,<Other>,organic,<Other> / organic,Organic Search,Returning,1,1,0,0,0,0.0,0.0,0.0,,0.0
2020-11-09,tablet,google,organic,google / organic,Organic Search,New,30,30,0,0,0,0.0,0.0,0.0,,0.0
2020-11-09,tablet,google,organic,google / organic,Organic Search,Returning,5,5,0,0,0,0.0,0.0,0.0,,0.0
2020-11-09,tablet,(data deleted),(data deleted),(data deleted) / (data deleted),Other,New,6,6,0,0,0,0.0,0.0,0.0,,0.0
2020-11-09,tablet,(data deleted),(data deleted),(data deleted) / (data deleted),Other,Returning,3,3,0,0,0,0.0,0.0,0.0,,0.0
2020-11-09,tablet,<Other>,(data deleted),<Other> / (data deleted),Other,New,1,1,0,0,0,0.0,0.0,0.0,,0.0
2020-11-09,tablet,<Other>,<Other>,<Other> / <Other>,Other,New,7,7,0,0,0,0.0,0.0,0.0,,0.0
2020-11-09,tablet,<Other>,<Other>,<Other> / <Other>,Other,Returning,2,2,0,0,0,0.0,0.0,0.0,,0.0
2020-11-09,tablet,google,cpc,google / cpc,Paid Search,New,2,2,0,0,0,0.0,0.0,0.0,,0.0
2020-11-09,tablet,<Other>,referral,<Other> / referral,Referral,New,1,1,0,0,0,0.0,0.0,0.0,,0.0
2020-11-09,tablet,<Other>,referral,<Other> / referral,Referral,Returning,3,3,0,0,0,0.0,0.0,0.0,,0.0
2020-11-09,tablet,shop.googlemerchandisestore.com,referral,shop.googlemerchandisestore.com / referral,Referral,New,6,5,0,0,0,0.0,0.0,0.0,,0.0
2020-11-09,tablet,shop.googlemerchandisestore.com,referral,shop.googlemerchandisestore.com / referral,Referral,Returning,4,3,0,0,0,0.0,0.0,0.0,,0.0
2020-11-10,desktop,(direct),(none),(direct) / (none),Direct,New,434,417,10,10,10,832.0,0.02304147465437788,0.023980815347721823,83.2,1.9170506912442395
2020-11-10,desktop,(direct),(none),(direct) / (none),Direct,Returning,86,79,3,3,3,268.0,0.03488372093023256,0.0379746835443038,89.33333333333333,3.116279069767442
2020-11-10,desktop,<Other>,organic,<Other> / organic,Organic Search,New,47,47,0,0,0,0.0,0.0,0.0,,0.0
2020-11-10,desktop,<Other>,organic,<Other> / organic,Organic Search,Returning,7,7,0,0,0,0.0,0.0,0.0,,0.0
2020-11-10,desktop,google,organic,google / organic,Organic Search,New,580,561,6,6,6,429.0,0.010344827586206896,0.0106951871657754,71.5,0.7396551724137931
2020-11-10,desktop,google,organic,google / organic,Organic Search,Returning,87,78,3,3,3,108.0,0.034482758620689655,0.038461538461538464,36.0,1.2413793103448276
2020-11-10,desktop,(data deleted),(data deleted),(data deleted) / (data deleted),Other,New,78,75,2,2,2,118.0,0.02564102564102564,0.02666666666666667,59.0,1.5128205128205128
2020-11-10,desktop,(data deleted),(data deleted),(data deleted) / (data deleted),Other,Returning,80,74,0,0,0,0.0,0.0,0.0,,0.0
2020-11-10,desktop,<Other>,(data deleted),<Other> / (data deleted),Other,New,4,4,0,0,0,0.0,0.0,0.0,,0.0
2020-11-10,desktop,<Other>,(data deleted),<Other> / (data deleted),Other,Returning,1,1,0,0,0,0.0,0.0,0.0,,0.0
2020-11-10,desktop,<Other>,<Other>,<Other> / <Other>,Other,New,277,275,3,3,3,219.0,0.010830324909747292,0.01090909090909091,73.0,0.7906137184115524
2020-11-10,desktop,<Other>,<Other>,<Other> / <Other>,Other,Returning,24,23,3,3,3,179.0,0.125,0.13043478260869565,59.666666666666664,7.458333333333333
2020-11-10,desktop,google,cpc,google / cpc,Paid Search,New,84,84,0,0,0,0.0,0.0,0.0,,0.0
2020-11-10,desktop,google,cpc,google / cpc,Paid Search,Returning,3,3,0,0,0,0.0,0.0,0.0,,0.0
2020-11-10,desktop,<Other>,referral,<Other> / referral,Referral,New,171,168,1,1,1,32.0,0.005847953216374269,0.005952380952380952,32.0,0.1871345029239766
2020-11-10,desktop,<Other>,referral,<Other> / referral,Referral,Returning,45,42,1,1,1,18.0,0.022222222222222223,0.023809523809523808,18.0,0.4
2020-11-10,desktop,shop.googlemerchandisestore.com,referral,shop.googlemerchandisestore.com / referral,Referral,New,144,141,2,2,2,96.0,0.013888888888888888,0.014184397163120567,48.0,0.6666666666666666
2020-11-10,desktop,shop.googlemerchandisestore.com,referral,shop.googlemerchandisestore.com / referral,Referral,Returning,54,51,1,1,1,58.0,0.018518518518518517,0.0196078431372549,58.0,1.0740740740740742
2020-11-10,mobile,(direct),(none),(direct) / (none),Direct,New,276,271,3,3,3,73.0,0.010869565217391304,0.01107011070110701,24.333333333333332,0.2644927536231884
2020-11-10,mobile,(direct),(none),(direct) / (none),Direct,Returning,56,51,0,0,0,0.0,0.0,0.0,,0.0
2020-11-10,mobile,<Other>,organic,<Other> / organic,Organic Search,New,40,40,1,1,1,22.0,0.025,0.025,22.0,0.55
2020-11-10,mobile,<Other>,organic,<Other> / organic,Organic Search,Returning,2,2,1,1,1,48.0,0.5,0.5,48.0,24.0
2020-11-10,mobile,google,organic,google / organic,Organic Search,New,412,398,5,5,5,285.0,0.012135922330097087,0.01256281407035176,57.0,0.691747572815534
2020-11-10,mobile,google,organic,google / organic,Organic Search,Returning,62,59,1,1,1,89.0,0.016129032258064516,0.01694915254237288,89.0,1.435483870967742
2020-11-10,mobile,(data deleted),(data deleted),(data deleted) / (data deleted),Other,New,57,52,4,4,4,218.0,0.07017543859649122,0.07692307692307693,54.5,3.824561403508772
2020-11-10,mobile,(data deleted),(data deleted),(data deleted) / (data deleted),Other,Returning,57,56,2,2,2,75.0,0.03508771929824561,0.03571428571428571,37.5,1.3157894736842106
2020-11-10,mobile,<Other>,(data deleted),<Other> / (data deleted),Other,New,1,1,0,0,0,0.0,0.0,0.0,,0.0
2020-11-10,mobile,<Other>,(data deleted),<Other> / (data deleted),Other,Returning,1,1,0,0,0,0.0,0.0,0.0,,0.0
2020-11-10,mobile,<Other>,<Other>,<Other> / <Other>,Other,New,195,193,2,2,2,75.0,0.010256410256410256,0.010362694300518135,37.5,0.38461538461538464
2020-11-10,mobile,<Other>,<Other>,<Other> / <Other>,Other,Returning,12,12,2,2,2,80.0,0.16666666666666666,0.16666666666666666,40.0,6.666666666666667
2020-11-10,mobile,google,cpc,google / cpc,Paid Search,New,67,66,2,2,2,92.0,0.029850746268656716,0.030303030303030304,46.0,1.373134328358209
2020-11-10,mobile,google,cpc,google / cpc,Paid Search,Returning,3,3,0,0,0,0.0,0.0,0.0,,0.0
2020-11-10,mobile,<Other>,referral,<Other> / referral,Referral,New,144,143,2,2,2,106.0,0.013888888888888888,0.013986013986013986,53.0,0.7361111111111112
2020-11-10,mobile,<Other>,referral,<Other> / referral,Referral,Returning,25,25,0,0,0,0.0,0.0,0.0,,0.0
2020-11-10,mobile,shop.googlemerchandisestore.com,referral,shop.googlemerchandisestore.com / referral,Referral,New,98,94,2,2,2,200.0,0.02040816326530612,0.02127659574468085,100.0,2.0408163265306123
2020-11-10,mobile,shop.googlemerchandisestore.com,referral,shop.googlemerchandisestore.com / referral,Referral,Returning,52,49,2,2,2,321.0,0.038461538461538464,0.04081632653061224,160.5,6.173076923076923
2020-11-10,tablet,(direct),(none),(direct) / (none),Direct,New,8,8,0,0,0,0.0,0.0,0.0,,0.0
2020-11-10,tablet,(direct),(none),(direct) / (none),Direct,Returning,1,1,0,0,0,0.0,0.0,0.0,,0.0
2020-11-10,tablet,google,organic,google / organic,Organic Search,New,20,20,0,0,0,0.0,0.0,0.0,,0.0
2020-11-10,tablet,google,organic,google / organic,Organic Search,Returning,1,1,0,0,0,0.0,0.0,0.0,,0.0
2020-11-10,tablet,(data deleted),(data deleted),(data deleted) / (data deleted),Other,New,3,3,0,0,0,0.0,0.0,0.0,,0.0
2020-11-10,tablet,(data deleted),(data deleted),(data deleted) / (data deleted),Other,Returning,5,5,0,0,0,0.0,0.0,0.0,,0.0
2020-11-10,tablet,<Other>,<Other>,<Other> / <Other>,Other,New,16,15,0,0,0,0.0,0.0,0.0,,0.0
2020-11-10,tablet,google,cpc,google / cpc,Paid Search,New,2,2,0,0,0,0.0,0.0,0.0,,0.0
2020-11-10,tablet,<Other>,referral,<Other> / referral,Referral,New,8,8,0,0,0,0.0,0.0,0.0,,0.0
2020-11-10,tablet,shop.googlemerchandisestore.com,referral,shop.googlemerchandisestore.com / referral,Referral,New,3,3,0,0,0,0.0,0.0,0.0,,0.0
2020-11-10,tablet,shop.googlemerchandisestore.com,referral,shop.googlemerchandisestore.com / referral,Referral,Returning,2,2,0,0,0,0.0,0.0,0.0,,0.0
2020-11-11,desktop,(direct),(none),(direct) / (none),Direct,New,404,389,4,4,4,246.0,0.009900990099009901,0.010282776349614395,61.5,0.6089108910891089
2020-11-11,desktop,(direct),(none),(direct) / (none),Direct,Returning,80,78,1,1,1,32.0,0.0125,0.01282051282051282,32.0,0.4
2020-11-11,desktop,<Other>,organic,<Other> / organic,Organic Search,New,53,53,0,0,0,0.0,0.0,0.0,,0.0
2020-11-11,desktop,<Other>,organic,<Other> / organic,Organic Search,Returning,6,6,0,0,0,0.0,0.0,0.0,,0.0
2020-11-11,desktop,google,organic,google / organic,Organic Search,New,599,577,5,5,5,239.0,0.008347245409015025,0.008665511265164644,47.8,0.3989983305509182
2020-11-11,desktop,google,organic,google / organic,Organic Search,Returning,103,94,2,2,2,72.0,0.019417475728155338,0.02127659574468085,36.0,0.6990291262135923
2020-11-11,desktop,(data deleted),(data deleted),(data deleted) / (data deleted),Other,New,89,83,2,2,2,175.0,0.02247191011235955,0.024096385542168676,87.5,1.9662921348314606
2020-11-11,desktop,(data deleted),(data deleted),(data deleted) / (data deleted),Other,Returning,84,80,2,2,2,182.0,0.023809523809523808,0.025,91.0,2.1666666666666665
2020-11-11,desktop,<Other>,(data deleted),<Other> / (data deleted),Other,Returning,4,4,0,0,0,0.0,0.0,0.0,,0.0
2020-11-11,desktop,<Other>,<Other>,<Other> / <Other>,Other,New,295,289,5,5,5,194.0,0.01694915254237288,0.01730103806228374,38.8,0.6576271186440678
2020-11-11,desktop,<Other>,<Other>,<Other> / <Other>,Other,Returning,29,29,1,1,1,12.0,0.034482758620689655,0.034482758620689655,12.0,0.41379310344827586
2020-11-11,desktop,google,cpc,google / cpc,Paid Search,New,98,97,2,2,2,49.0,0.02040816326530612,0.020618556701030927,24.5,0.5
2020-11-11,desktop,google,cpc,google / cpc,Paid Search,Returning,1,1,0,0,0,0.0,0.0,0.0,,0.0
2020-11-11,desktop,<Other>,referral,<Other> / referral,Referral,New,156,155,5,5,5,238.0,0.03205128205128205,0.03225806451612903,47.6,1.5256410256410255
2020-11-11,desktop,<Other>,referral,<Other> / referral,Referral,Returning,40,38,3,3,3,160.0,0.075,0.07894736842105263,53.333333333333336,4.0
2020-11-11,desktop,shop.googlemerchandisestore.com,referral,shop.googlemerchandisestore.com / referral,Referral,New,137,131,5,5,5,285.0,0.0364963503649635,0.03816793893129771,57.0,2.0802919708029197
2020-11-11,desktop,shop.googlemerchandisestore.com,referral,shop.googlemerchandisestore.com / referral,Referral,Returning,56,54,0,0,0,0.0,0.0,0.0,,0.0
2020-11-11,mobile,(direct),(none),(direct) / (none),Direct,New,284,271,5,5,5,462.0,0.017605633802816902,0.01845018450184502,92.4,1.6267605633802817
2020-11-11,mobile,(direct),(none),(direct) / (none),Direct,Returning,56,53,3,3,3,99.0,0.05357142857142857,0.05660377358490566,33.0,1.7678571428571428
2020-11-11,mobile,<Other>,organic,<Other> / organic,Organic Search,New,27,27,1,1,1,32.0,0.037037037037037035,0.037037037037037035,32.0,1.1851851851851851
2020-11-11,mobile,<Other>,organic,<Other> / organic,Organic Search,Returning,8,8,1,1,1,32.0,0.125,0.125,32.0,4.0
2020-11-11,mobile,google,organic,google / organic,Organic Search,New,406,396,6,6,6,303.0,0.014778325123152709,0.015151515151515152,50.5,0.7463054187192119
2020-11-11,mobile,google,organic,google / organic,Organic Search,Returning,59,56,1,1,1,20.0,0.01694915254237288,0.017857142857142856,20.0,0.3389830508474576
2020-11-11,mobile,(data deleted),(data deleted),(data deleted) / (data deleted),Other,New,64,61,2,2,2,619.0,0.03125,0.03278688524590164,309.5,9.671875
2020-11-11,mobile,(data deleted),(data deleted),(data deleted) / (data deleted),Other,Returning,54,52,3,3,3,583.0,0.05555555555555555,0.057692307692307696,194.33333333333334,10.796296296296296
2020-11-11,mobile,<Other>,(data deleted),<Other> / (data deleted),Other,Returning,2,2,0,0,0,0.0,0.0,0.0,,0.0
2020-11-11,mobile,<Other>,<Other>,<Other> / <Other>,Other,New,184,183,1,1,1,1.0,0.005434782608695652,0.00546448087431694,1.0,0.005434782608695652
2020-11-11,mobile,<Other>,<Other>,<Other> / <Other>,Other,Returning,10,10,0,0,0,0.0,0.0,0.0,,0.0
2020-11-11,mobile,google,cpc,google / cpc,Paid Search,New,74,74,1,1,1,74.0,0.013513513513513514,0.013513513513513514,74.0,1.0
2020-11-11,mobile,google,cpc,google / cpc,Paid Search,Returning,3,3,0,0,0,0.0,0.0,0.0,,0.0
2020-11-11,mobile,<Other>,referral,<Other> / referral,Referral,New,113,111,0,0,0,0.0,0.0,0.0,,0.0
2020-11-11,mobile,<Other>,referral,<Other> / referral,Referral,Returning,30,29,1,1,2,309.0,0.03333333333333333,0.034482758620689655,154.5,10.3
2020-11-11,mobile,shop.googlemerchandisestore.com,referral,shop.googlemerchandisestore.com / referral,Referral,New,84,84,0,0,0,0.0,0.0,0.0,,0.0
2020-11-11,mobile,shop.googlemerchandisestore.com,referral,shop.googlemerchandisestore.com / referral,Referral,Returning,34,33,0,0,0,0.0,0.0,0.0,,0.0
2020-11-11,tablet,(direct),(none),(direct) / (none),Direct,New,17,16,1,1,1,10.0,0.058823529411764705,0.0625,10.0,0.5882352941176471
2020-11-11,tablet,(direct),(none),(direct) / (none),Direct,Returning,4,4,0,0,0,0.0,0.0,0.0,,0.0
2020-11-11,tablet,<Other>,organic,<Other> / organic,Organic Search,New,3,3,0,0,0,0.0,0.0,0.0,,0.0
2020-11-11,tablet,<Other>,organic,<Other> / organic,Organic Search,Returning,1,1,0,0,0,0.0,0.0,0.0,,0.0
2020-11-11,tablet,google,organic,google / organic,Organic Search,New,27,27,0,0,0,0.0,0.0,0.0,,0.0
2020-11-11,tablet,google,organic,google / organic,Organic Search,Returning,4,4,0,0,0,0.0,0.0,0.0,,0.0
2020-11-11,tablet,(data deleted),(data deleted),(data deleted) / (data deleted),Other,New,1,1,0,0,0,0.0,0.0,0.0,,0.0
2020-11-11,tablet,(data deleted),(data deleted),(data deleted) / (data deleted),Other,Returning,3,3,0,0,0,0.0,0.0,0.0,,0.0
2020-11-11,tablet,<Other>,(data deleted),<Other> / (data deleted),Other,New,1,1,0,0,0,0.0,0.0,0.0,,0.0
2020-11-11,tablet,<Other>,<Other>,<Other> / <Other>,Other,New,13,13,0,0,0,0.0,0.0,0.0,,0.0
2020-11-11,tablet,<Other>,<Other>,<Other> / <Other>,Other,Returning,1,1,0,0,0,0.0,0.0,0.0,,0.0
2020-11-11,tablet,google,cpc,google / cpc,Paid Search,New,4,4,0,0,0,0.0,0.0,0.0,,0.0
2020-11-11,tablet,<Other>,referral,<Other> / referral,Referral,New,10,9,0,0,0,0.0,0.0,0.0,,0.0
2020-11-11,tablet,<Other>,referral,<Other> / referral,Referral,Returning,1,1,0,0,0,0.0,0.0,0.0,,0.0
2020-11-11,tablet,shop.googlemerchandisestore.com,referral,shop.googlemerchandisestore.com / referral,Referral,New,4,4,0,0,0,0.0,0.0,0.0,,0.0
2020-11-12,desktop,(direct),(none),(direct) / (none),Direct,New,434,418,4,4,4,257.0,0.009216589861751152,0.009569377990430622,64.25,0.5921658986175116
2020-11-12,desktop,(direct),(none),(direct) / (none),Direct,Returning,101,100,2,2,3,132.0,0.019801980198019802,0.02,44.0,1.306930693069307
2020-11-12,desktop,<Other>,organic,<Other> / organic,Organic Search,New,49,49,0,0,0,0.0,0.0,0.0,,0.0
2020-11-12,desktop,<Other>,organic,<Other> / organic,Organic Search,Returning,5,5,0,0,0,0.0,0.0,0.0,,0.0
2020-11-12,desktop,google,organic,google / organic,Organic Search,New,548,539,5,5,5,243.0,0.009124087591240875,0.00927643784786642,48.6,0.44343065693430656
2020-11-12,desktop,google,organic,google / organic,Organic Search,Returning,82,78,2,2,2,200.0,0.024390243902439025,0.02564102564102564,100.0,2.4390243902439024
2020-11-12,desktop,(data deleted),(data deleted),(data deleted) / (data deleted),Other,New,74,72,1,1,1,46.0,0.013513513513513514,0.013888888888888888,46.0,0.6216216216216216
2020-11-12,desktop,(data deleted),(data deleted),(data deleted) / (data deleted),Other,Returning,83,79,2,2,2,222.0,0.024096385542168676,0.02531645569620253,111.0,2.674698795180723
2020-11-12,desktop,<Other>,(data deleted),<Other> / (data deleted),Other,New,1,1,0,0,0,0.0,0.0,0.0,,0.0
2020-11-12,desktop,<Other>,(data deleted),<Other> / (data deleted),Other,Returning,3,3,0,0,0,0.0,0.0,0.0,,0.0
2020-11-12,desktop,<Other>,<Other>,<Other> / <Other>,Other,New,278,275,1,1,1,16.0,0.0035971223021582736,0.0036363636363636364,16.0,0.05755395683453238
2020-11-12,desktop,<Other>,<Other>,<Other> / <Other>,Other,Returning,24,24,1,1,1,10.0,0.041666666666666664,0.041666666666666664,10.0,0.4166666666666667
2020-11-12,desktop,google,cpc,google / cpc,Paid Search,New,78,78,0,0,0,0.0,0.0,0.0,,0.0
2020-11-12,desktop,google,cpc,google / cpc,Paid Search,Returning,6,6,0,0,0,0.0,0.0,0.0,,0.0
2020-11-12,desktop,<Other>,referral,<Other> / referral,Referral,New,154,149,1,1,1,78.0,0.006493506493506494,0.006711409395973154,78.0,0.5064935064935064
2020-11-12,desktop,<Other>,referral,<Other> / referral,Referral,Returning,45,44,2,2,2,90.0,0.044444444444444446,0.045454545454545456,45.0,2.0
2020-11-12,desktop,shop.googlemerchandisestore.com,referral,shop.googlemerchandisestore.com / referral,Referral,New,144,139,6,6,6,420.0,0.041666666666666664,0.04316546762589928,70.0,2.9166666666666665
2020-11-12,desktop,shop.googlemerchandisestore.com,referral,shop.googlemerchandisestore.com / referral,Referral,Returning,59,55,2,2,2,80.0,0.03389830508474576,0.03636363636363636,40.0,1.3559322033898304
2020-11-12,mobile,(direct),(none),(direct) / (none),Direct,New,275,268,3,3,3,265.0,0.01090909090909091,0.011194029850746268,88.33333333333333,0.9636363636363636
2020-11-12,mobile,(direct),(none),(direct) / (none),Direct,Returning,61,59,1,1,1,108.0,0.01639344262295082,0.01694915254237288,108.0,1.7704918032786885
2020-11-12,mobile,<Other>,organic,<Other> / organic,Organic Search,New,36,36,0,0,0,0.0,0.0,0.0,,0.0
2020-11-12,mobile,<Other>,organic,<Other> / organic,Organic Search,Returning,5,5,0,0,0,0.0,0.0,0.0,,0.0
2020-11-12,mobile,google,organic,google / organic,Organic Search,New,385,369,4,4,4,187.0,0.01038961038961039,0.01084010840108401,46.75,0.4857142857142857
2020-11-12,mobile,google,organic,google / organic,Organic Search,Returning,58,55,0,0,0,0.0,0.0,0.0,,0.0
2020-11-12,mobile,(data deleted),(data deleted),(data deleted) / (data deleted),Other,New,57,56,0,0,0,0.0,0.0,0.0,,0.0
2020-11-12,mobile,(data deleted),(data deleted),(data deleted) / (data deleted),Other,Returning,73,68,1,1,1,32.0,0.0136986301369863,0.014705882352941176,32.0,0.4383561643835616
2020-11-12,mobile,<Other>,(data deleted),<Other> / (data deleted),Other,New,1,1,0,0,0,0.0,0.0,0.0,,0.0
2020-11-12,mobile,<Other>,(data deleted),<Other> / (data deleted),Other,Returning,1,1,0,0,0,0.0,0.0,0.0,,0.0
2020-11-12,mobile,<Other>,<Other>,<Other> / <Other>,Other,New,162,159,2,2,3,149.0,0.012345679012345678,0.012578616352201259,49.666666666666664,0.9197530864197531
2020-11-12,mobile,<Other>,<Other>,<Other> / <Other>,Other,Returning,17,17,1,1,1,169.0,0.058823529411764705,0.058823529411764705,169.0,9.941176470588236
2020-11-12,mobile,google,cpc,google / cpc,Paid Search,New,39,39,0,0,0,0.0,0.0,0.0,,0.0
2020-11-12,mobile,google,cpc,google / cpc,Paid Search,Returning,7,7,1,1,1,162.0,0.14285714285714285,0.14285714285714285,162.0,23.142857142857142
2020-11-12,mobile,<Other>,referral,<Other> / referral,Referral,New,111,110,0,0,0,0.0,0.0,0.0,,0.0
2020-11-12,mobile,<Other>,referral,<Other> / referral,Referral,Returning,40,39,1,1,1,53.0,0.025,0.02564102564102564,53.0,1.325
2020-11-12,mobile,shop.googlemerchandisestore.com,referral,shop.googlemerchandisestore.com / referral,Referral,New,81,81,4,4,4,211.0,0.04938271604938271,0.04938271604938271,52.75,2.6049382716049383
2020-11-12,mobile,shop.googlemerchandisestore.com,referral,shop.googlemerchandisestore.com / referral,Referral,Returning,62,57,4,4,5,219.0,0.06451612903225806,0.07017543859649122,43.8,3.532258064516129
2020-11-12,tablet,(direct),(none),(direct) / (none),Direct,New,12,12,0,0,0,0.0,0.0,0.0,,0.0
2020-11-12,tablet,(direct),(none),(direct) / (none),Direct,Returning,4,4,0,0,0,0.0,0.0,0.0,,0.0
2020-11-12,tablet,<Other>,organic,<Other> / organic,Organic Search,New,1,1,0,0,0,0.0,0.0,0.0,,0.0
2020-11-12,tablet,google,organic,google / organic,Organic Search,New,12,12,0,0,0,0.0,0.0,0.0,,0.0
2020-11-12,tablet,google,organic,google / organic,Organic Search,Returning,6,5,0,0,0,0.0,0.0,0.0,,0.0
2020-11-12,tablet,(data deleted),(data deleted),(data deleted) / (data deleted),Other,Returning,3,3,0,0,0,0.0,0.0,0.0,,0.0
2020-11-12,tablet,<Other>,<Other>,<Other> / <Other>,Other,New,7,7,0,0,0,0.0,0.0,0.0,,0.0
2020-11-12,tablet,google,cpc,google / cpc,Paid Search,New,4,4,0,0,0,0.0,0.0,0.0,,0.0
2020-11-12,tablet,<Other>,referral,<Other> / referral,Referral,New,9,9,0,0,0,0.0,0.0,0.0,,0.0
2020-11-12,tablet,shop.googlemerchandisestore.com,referral,shop.googlemerchandisestore.com / referral,Referral,New,4,3,0,0,0,0.0,0.0,0.0,,0.0
2020-11-12,tablet,shop.googlemerchandisestore.com,referral,shop.googlemerchandisestore.com / referral,Referral,Returning,1,1,0,0,0,0.0,0.0,0.0,,0.0
2020-11-13,desktop,(direct),(none),(direct) / (none),Direct,New,415,400,6,6,7,552.0,0.014457831325301205,0.015,78.85714285714286,1.3301204819277108
2020-11-13,desktop,(direct),(none),(direct) / (none),Direct,Returning,93,86,5,5,9,291.0,0.053763440860215055,0.05813953488372093,32.333333333333336,3.129032258064516
2020-11-13,desktop,<Other>,organic,<Other> / organic,Organic Search,New,35,34,1,1,1,10.0,0.02857142857142857,0.029411764705882353,10.0,0.2857142857142857
2020-11-13,desktop,<Other>,organic,<Other> / organic,Organic Search,Returning,5,5,0,0,0,0.0,0.0,0.0,,0.0
2020-11-13,desktop,google,organic,google / organic,Organic Search,New,502,487,4,4,4,194.0,0.00796812749003984,0.008213552361396304,48.5,0.38645418326693226
2020-11-13,desktop,google,organic,google / organic,Organic Search,Returning,84,80,3,3,3,230.0,0.03571428571428571,0.0375,76.66666666666667,2.738095238095238
2020-11-13,desktop,(data deleted),(data deleted),(data deleted) / (data deleted),Other,New,62,62,4,4,4,219.0,0.06451612903225806,0.06451612903225806,54.75,3.532258064516129
2020-11-13,desktop,(data deleted),(data deleted),(data deleted) / (data deleted),Other,Returning,76,73,4,4,5,376.0,0.05263157894736842,0.0547945205479452,75.2,4.947368421052632
2020-11-13,desktop,<Other>,(data deleted),<Other> / (data deleted),Other,New,1,1,0,0,0,0.0,0.0,0.0,,0.0
2020-11-13,desktop,<Other>,(data deleted),<Other> / (data deleted),Other,Returning,2,2,0,0,0,0.0,0.0,0.0,,0.0
2020-11-13,desktop,<Other>,<Other>,<Other> / <Other>,Other,New,243,240,7,7,10,579.0,0.02880658436213992,0.029166666666666667,57.9,2.382716049382716
2020-11-13,desktop,<Other>,<Other>,<Other> / <Other>,Other,Returning,19,19,0,0,0,0.0,0.0,0.0,,0.0
2020-11-13,desktop,google,cpc,google / cpc,Paid Search,New,63,63,0,0,0,0.0,0.0,0.0,,0.0
2020-11-13,desktop,google,cpc,google / cpc,Paid Search,Returning,4,4,0,0,0,0.0,0.0,0.0,,0.0
2020-11-13,desktop,<Other>,referral,<Other> / referral,Referral,New,148,140,1,1,1,50.0,0.006756756756756757,0.007142857142857143,50.0,0.33783783783783783
2020-11-13,desktop,<Other>,referral,<Other> / referral,Referral,Returning,33,32,4,4,4,481.0,0.12121212121212122,0.125,120.25,14.575757575757576
2020-11-13,desktop,shop.googlemerchandisestore.com,referral,shop.googlemerchandisestore.com / referral,Referral,New,111,108,3,3,3,122.0,0.02702702702702703,0.027777777777777776,40.666666666666664,1.0990990990990992
2020-11-13,desktop,shop.googlemerchandisestore.com,referral,shop.googlemerchandisestore.com / referral,Referral,Returning,58,57,3,3,3,99.0,0.05172413793103448,0.05263157894736842,33.0,1.706896551724138
2020-11-13,mobile,(direct),(none),(direct) / (none),Direct,New,253,245,2,2,2,88.0,0.007905138339920948,0.00816326530612245,44.0,0.34782608695652173
2020-11-13,mobile,(direct),(none),(direct) / (none),Direct,Returning,52,47,1,1,1,135.0,0.019230769230769232,0.02127659574468085,135.0,2.5961538461538463
2020-11-13,mobile,<Other>,organic,<Other> / organic,Organic Search,New,30,30,1,1,1,10.0,0.03333333333333333,0.03333333333333333,10.0,0.3333333333333333
2020-11-13,mobile,<Other>,organic,<Other> / organic,Organic Search,Returning,4,4,0,0,0,0.0,0.0,0.0,,0.0
2020-11-13,mobile,google,organic,google / organic,Organic Search,New,346,337,4,4,5,292.0,0.011560693641618497,0.011869436201780416,58.4,0.8439306358381503
2020-11-13,mobile,google,organic,google / organic,Organic Search,Returning,56,56,3,3,3,1250.0,0.05357142857142857,0.05357142857142857,416.6666666666667,22.321428571428573
2020-11-13,mobile,(data deleted),(data deleted),(data deleted) / (data deleted),Other,New,43,40,3,3,3,225.0,0.06976744186046512,0.075,75.0,5.232558139534884
2020-11-13,mobile,(data deleted),(data deleted),(data deleted) / (data deleted),Other,Returning,59,57,5,5,5,441.0,0.0847457627118644,0.08771929824561403,88.2,7.47457627118644
2020-11-13,mobile,<Other>,(data deleted),<Other> / (data deleted),Other,New,1,1,0,0,0,0.0,0.0,0.0,,0.0
2020-11-13,mobile,<Other>,<Other>,<Other> / <Other>,Other,New,161,161,1,1,1,42.0,0.006211180124223602,0.006211180124223602,42.0,0.2608695652173913
2020-11-13,mobile,<Other>,<Other>,<Other> / <Other>,Other,Returning,27,25,3,3,3,107.0,0.1111111111111111,0.12,35.666666666666664,3.962962962962963
2020-11-13,mobile,google,cpc,google / cpc,Paid Search,New,42,42,0,0,0,0.0,0.0,0.0,,0.0
2020-11-13,mobile,google,cpc,google / cpc,Paid Search,Returning,1,1,0,0,0,0.0,0.0,0.0,,0.0
2020-11-13,mobile,<Other>,referral,<Other> / referral,Referral,New,101,100,0,0,0,0.0,0.0,0.0,,0.0
2020-11-13,mobile,<Other>,referral,<Other> / referral,Referral,Returning,23,23,0,0,0,0.0,0.0,0.0,,0.0
2020-11-13,mobile,shop.googlemerchandisestore.com,referral,shop.googlemerchandisestore.com / referral,Referral,New,70,69,1,1,1,38.0,0.014285714285714285,0.014492753623188406,38.0,0.5428571428571428
2020-11-13,mobile,shop.googlemerchandisestore.com,referral,shop.googlemerchandisestore.com / referral,Referral,Returning,37,35,0,0,0,0.0,0.0,0.0,,0.0
2020-11-13,tablet,(direct),(none),(direct) / (none),Direct,New,14,14,0,0,0,0.0,0.0,0.0,,0.0
2020-11-13,tablet,<Other>,organic,<Other> / organic,Organic Search,New,3,3,0,0,0,0.0,0.0,0.0,,0.0
2020-11-13,tablet,google,organic,google / organic,Organic Search,New,28,27,0,0,0,0.0,0.0,0.0,,0.0
2020-11-13,tablet,google,organic,google / organic,Organic Search,Returning,2,2,0,0,0,0.0,0.0,0.0,,0.0
2020-11-13,tablet,(data deleted),(data deleted),(data deleted) / (data deleted),Other,New,3,3,0,0,0,0.0,0.0,0.0,,0.0
2020-11-13,tablet,(data deleted),(data deleted),(data deleted) / (data deleted),Other,Returning,1,1,0,0,0,0.0,0.0,0.0,,0.0
2020-11-13,tablet,<Other>,(data deleted),<Other> / (data deleted),Other,New,2,2,0,0,0,0.0,0.0,0.0,,0.0
2020-11-13,tablet,<Other>,<Other>,<Other> / <Other>,Other,New,11,11,0,0,0,0.0,0.0,0.0,,0.0
2020-11-13,tablet,<Other>,<Other>,<Other> / <Other>,Other,Returning,1,1,0,0,0,0.0,0.0,0.0,,0.0
2020-11-13,tablet,google,cpc,google / cpc,Paid Search,New,5,5,0,0,0,0.0,0.0,0.0,,0.0
2020-11-13,tablet,google,cpc,google / cpc,Paid Search,Returning,1,1,0,0,0,0.0,0.0,0.0,,0.0
2020-11-13,tablet,<Other>,referral,<Other> / referral,Referral,New,8,7,0,0,0,0.0,0.0,0.0,,0.0
2020-11-13,tablet,<Other>,referral,<Other> / referral,Referral,Returning,1,1,0,0,0,0.0,0.0,0.0,,0.0
2020-11-13,tablet,shop.googlemerchandisestore.com,referral,shop.googlemerchandisestore.com / referral,Referral,New,3,3,0,0,0,0.0,0.0,0.0,,0.0
2020-11-13,tablet,shop.googlemerchandisestore.com,referral,shop.googlemerchandisestore.com / referral,Referral,Returning,4,4,0,0,0,0.0,0.0,0.0,,0.0
2020-11-14,desktop,(direct),(none),(direct) / (none),Direct,New,259,255,1,1,1,97.0,0.003861003861003861,0.00392156862745098,97.0,0.3745173745173745
2020-11-14,desktop,(direct),(none),(direct) / (none),Direct,Returning,44,42,1,1,1,35.0,0.022727272727272728,0.023809523809523808,35.0,0.7954545454545454
2020-11-14,desktop,<Other>,organic,<Other> / organic,Organic Search,New,30,30,0,0,0,0.0,0.0,0.0,,0.0
2020-11-14,desktop,<Other>,organic,<Other> / organic,Organic Search,Returning,2,2,0,0,0,0.0,0.0,0.0,,0.0
2020-11-14,desktop,google,organic,google / organic,Organic Search,New,352,347,2,2,2,104.0,0.005681818181818182,0.005763688760806916,52.0,0.29545454545454547
2020-11-14,desktop,google,organic,google / organic,Organic Search,Returning,44,43,1,1,1,71.0,0.022727272727272728,0.023255813953488372,71.0,1.6136363636363635
2020-11-14,desktop,(data deleted),(data deleted),(data deleted) / (data deleted),Other,New,59,57,2,2,2,160.0,0.03389830508474576,0.03508771929824561,80.0,2.711864406779661
2020-11-14,desktop,(data deleted),(data deleted),(data deleted) / (data deleted),Other,Returning,51,46,1,1,1,127.0,0.0196078431372549,0.021739130434782608,127.0,2.4901960784313726
2020-11-14,desktop,<Other>,<Other>,<Other> / <Other>,Other,New,195,192,4,4,5,297.0,0.020512820512820513,0.020833333333333332,59.4,1.523076923076923
2020-11-14,desktop,<Other>,<Other>,<Other> / <Other>,Other,Returning,9,9,0,0,0,0.0,0.0,0.0,,0.0
2020-11-14,desktop,google,cpc,google / cpc,Paid Search,New,54,54,0,0,0,0.0,0.0,0.0,,0.0
2020-11-14,desktop,<Other>,referral,<Other> / referral,Referral,New,121,121,2,2,2,115.0,0.01652892561983471,0.01652892561983471,57.5,0.9504132231404959
2020-11-14,desktop,<Other>,referral,<Other> / referral,Referral,Returning,23,23,1,1,1,354.0,0.043478260869565216,0.043478260869565216,354.0,15.391304347826088
2020-11-14,desktop,shop.googlemerchandisestore.com,referral,shop.googlemerchandisestore.com / referral,Referral,New,86,83,1,1,1,30.0,0.011627906976744186,0.012048192771084338,30.0,0.3488372093023256
2020-11-14,desktop,shop.googlemerchandisestore.com,referral,shop.googlemerchandisestore.com / referral,Referral,Returning,31,30,1,1,1,92.0,0.03225806451612903,0.03333333333333333,92.0,2.967741935483871
2020-11-14,mobile,(direct),(none),(direct) / (none),Direct,New,158,156,3,3,3,166.0,0.0189873417721519,0.019230769230769232,55.333333333333336,1.0506329113924051
2020-11-14,mobile,(direct),(none),(direct) / (none),Direct,Returning,36,36,0,0,0,0.0,0.0,0.0,,0.0
2020-11-14,mobile,<Other>,organic,<Other> / organic,Organic Search,New,18,18,0,0,0,0.0,0.0,0.0,,0.0
2020-11-14,mobile,google,organic,google / organic,Organic Search,New,268,259,0,0,0,0.0,0.0,0.0,,0.0
2020-11-14,mobile,google,organic,google / organic,Organic Search,Returning,42,39,1,1,1,146.0,0.023809523809523808,0.02564102564102564,146.0,3.4761904761904763
2020-11-14,mobile,(data deleted),(data deleted),(data deleted) / (data deleted),Other,New,30,30,1,1,1,57.0,0.03333333333333333,0.03333333333333333,57.0,1.9
2020-11-14,mobile,(data deleted),(data deleted),(data deleted) / (data deleted),Other,Returning,35,34,1,1,1,133.0,0.02857142857142857,0.029411764705882353,133.0,3.8
2020-11-14,mobile,<Other>,(data deleted),<Other> / (data deleted),Other,New,1,1,0,0,0,0.0,0.0,0.0,,0.0
2020-11-14,mobile,<Other>,(data deleted),<Other> / (data deleted),Other,Returning,1,1,0,0,0,0.0,0.0,0.0,,0.0
2020-11-14,mobile,<Other>,<Other>,<Other> / <Other>,Other,New,133,133,1,1,1,97.0,0.007518796992481203,0.007518796992481203,97.0,0.7293233082706767
2020-11-14,mobile,<Other>,<Other>,<Other> / <Other>,Other,Returning,5,5,1,1,1,18.0,0.2,0.2,18.0,3.6
2020-11-14,mobile,google,cpc,google / cpc,Paid Search,New,46,46,0,0,0,0.0,0.0,0.0,,0.0
2020-11-14,mobile,google,cpc,google / cpc,Paid Search,Returning,2,2,0,0,0,0.0,0.0,0.0,,0.0
2020-11-14,mobile,<Other>,referral,<Other> / referral,Referral,New,75,73,0,0,0,0.0,0.0,0.0,,0.0
2020-11-14,mobile,<Other>,referral,<Other> / referral,Referral,Returning,16,16,1,1,1,28.0,0.0625,0.0625,28.0,1.75
2020-11-14,mobile,shop.googlemerchandisestore.com,referral,shop.googlemerchandisestore.com / referral,Referral,New,57,56,1,1,1,60.0,0.017543859649122806,0.017857142857142856,60.0,1.0526315789473684
2020-11-14,mobile,shop.googlemerchandisestore.com,referral,shop.googlemerchandisestore.com / referral,Referral,Returning,31,29,2,2,2,151.0,0.06451612903225806,0.06896551724137931,75.5,4.870967741935484
2020-11-14,tablet,(direct),(none),(direct) / (none),Direct,New,11,11,0,0,0,0.0,0.0,0.0,,0.0
2020-11-14,tablet,(direct),(none),(direct) / (none),Direct,Returning,5,4,0,0,0,0.0,0.0,0.0,,0.0
2020-11-14,tablet,<Other>,organic,<Other> / organic,Organic Search,New,6,6,0,0,0,0.0,0.0,0.0,,0.0
2020-11-14,tablet,google,organic,google / organic,Organic Search,New,12,12,0,0,0,0.0,0.0,0.0,,0.0
2020-11-14,tablet,google,organic,google / organic,Organic Search,Returning,2,1,0,0,0,0.0,0.0,0.0,,0.0
2020-11-14,tablet,(data deleted),(data deleted),(data deleted) / (data deleted),Other,New,2,2,0,0,0,0.0,0.0,0.0,,0.0
2020-11-14,tablet,(data deleted),(data deleted),(data deleted) / (data deleted),Other,Returning,2,2,0,0,0,0.0,0.0,0.0,,0.0
2020-11-14,tablet,<Other>,<Other>,<Other> / <Other>,Other,New,5,5,0,0,0,0.0,0.0,0.0,,0.0
2020-11-14,tablet,<Other>,<Other>,<Other> / <Other>,Other,Returning,1,1,0,0,0,0.0,0.0,0.0,,0.0
2020-11-14,tablet,google,cpc,google / cpc,Paid Search,New,3,3,0,0,0,0.0,0.0,0.0,,0.0
2020-11-14,tablet,<Other>,referral,<Other> / referral,Referral,New,3,3,0,0,0,0.0,0.0,0.0,,0.0
2020-11-14,tablet,shop.googlemerchandisestore.com,referral,shop.googlemerchandisestore.com / referral,Referral,New,2,2,0,0,0,0.0,0.0,0.0,,0.0
2020-11-14,tablet,shop.googlemerchandisestore.com,referral,shop.googlemerchandisestore.com / referral,Referral,Returning,1,1,0,0,0,0.0,0.0,0.0,,0.0
2020-11-15,desktop,(direct),(none),(direct) / (none),Direct,New,251,245,2,2,2,111.0,0.00796812749003984,0.00816326530612245,55.5,0.44223107569721115
2020-11-15,desktop,(direct),(none),(direct) / (none),Direct,Returning,57,50,1,1,1,262.0,0.017543859649122806,0.02,262.0,4.5964912280701755
2020-11-15,desktop,<Other>,organic,<Other> / organic,Organic Search,New,36,36,2,2,2,140.0,0.05555555555555555,0.05555555555555555,70.0,3.888888888888889
2020-11-15,desktop,<Other>,organic,<Other> / organic,Organic Search,Returning,5,5,0,0,0,0.0,0.0,0.0,,0.0
2020-11-15,desktop,google,organic,google / organic,Organic Search,New,325,314,1,1,1,16.0,0.003076923076923077,0.0031847133757961785,16.0,0.04923076923076923
2020-11-15,desktop,google,organic,google / organic,Organic Search,Returning,49,46,1,1,1,74.0,0.02040816326530612,0.021739130434782608,74.0,1.510204081632653
2020-11-15,desktop,(data deleted),(data deleted),(data deleted) / (data deleted),Other,New,31,29,0,0,0,0.0,0.0,0.0,,0.0
2020-11-15,desktop,(data deleted),(data deleted),(data deleted) / (data deleted),Other,Returning,49,48,2,2,2,140.0,0.04081632653061224,0.041666666666666664,70.0,2.857142857142857
2020-11-15,desktop,<Other>,<Other>,<Other> / <Other>,Other,New,168,167,0,0,0,0.0,0.0,0.0,,0.0
2020-11-15,desktop,<Other>,<Other>,<Other> / <Other>,Other,Returning,12,12,0,0,0,0.0,0.0,0.0,,0.0
2020-11-15,desktop,google,cpc,google / cpc,Paid Search,New,45,45,1,1,1,129.0,0.022222222222222223,0.022222222222222223,129.0,2.8666666666666667
2020-11-15,desktop,google,cpc,google / cpc,Paid Search,Returning,3,3,0,0,0,0.0,0.0,0.0,,0.0
2020-11-15,desktop,<Other>,referral,<Other> / referral,Referral,New,116,115,0,0,0,0.0,0.0,0.0,,0.0
2020-11-15,desktop,<Other>,referral,<Other> / referral,Referral,Returning,24,23,2,2,2,84.0,0.08333333333333333,0.08695652173913043,42.0,3.5
2020-11-15,desktop,shop.googlemerchandisestore.com,referral,shop.googlemerchandisestore.com / referral,Referral,New,69,69,1,1,1,46.0,0.014492753623188406,0.014492753623188406,46.0,0.6666666666666666
2020-11-15,desktop,shop.googlemerchandisestore.com,referral,shop.googlemerchandisestore.com / referral,Referral,Returning,34,33,0,0,0,0.0,0.0,0.0,,0.0
2020-11-15,mobile,(direct),(none),(direct) / (none),Direct,New,189,188,0,0,0,0.0,0.0,0.0,,0.0
2020-11-15,mobile,(direct),(none),(direct) / (none),Direct,Returning,26,26,1,1,1,48.0,0.038461538461538464,0.038461538461538464,48.0,1.8461538461538463
2020-11-15,mobile,<Other>,organic,<Other> / organic,Organic Search,New,13,13,0,0,0,0.0,0.0,0.0,,0.0
2020-11-15,mobile,<Other>,organic,<Other> / organic,Organic Search,Returning,1,1,0,0,0,0.0,0.0,0.0,,0.0
2020-11-15,mobile,google,organic,google / organic,Organic Search,New,246,241,1,1,1,20.0,0.0040650406504065045,0.004149377593360996,20.0,0.08130081300813008
2020-11-15,mobile,google,organic,google / organic,Organic Search,Returning,31,28,1,1,1,90.0,0.03225806451612903,0.03571428571428571,90.0,2.903225806451613
2020-11-15,mobile,(data deleted),(data deleted),(data deleted) / (data deleted),Other,New,17,17,0,0,0,0.0,0.0,0.0,,0.0
2020-11-15,mobile,(data deleted),(data deleted),(data deleted) / (data deleted),Other,Returning,27,24,1,1,1,25.0,0.037037037037037035,0.041666666666666664,25.0,0.9259259259259259
2020-11-15,mobile,<Other>,(data deleted),<Other> / (data deleted),Other,New,1,1,0,0,0,0.0,0.0,0.0,,0.0
2020-11-15,mobile,<Other>,(data deleted),<Other> / (data deleted),Other,Returning,1,1,0,0,0,0.0,0.0,0.0,,0.0
2020-11-15,mobile,<Other>,<Other>,<Other> / <Other>,Other,New,142,140,1,1,1,42.0,0.007042253521126761,0.007142857142857143,42.0,0.29577464788732394
2020-11-15,mobile,<Other>,<Other>,<Other> / <Other>,Other,Returning,9,9,0,0,0,0.0,0.0,0.0,,0.0
2020-11-15,mobile,google,cpc,google / cpc,Paid Search,New,38,38,0,0,0,0.0,0.0,0.0,,0.0
2020-11-15,mobile,google,cpc,google / cpc,Paid Search,Returning,4,4,0,0,0,0.0,0.0,0.0,,0.0
2020-11-15,mobile,<Other>,referral,<Other> / referral,Referral,New,58,57,0,0,0,0.0,0.0,0.0,,0.0
2020-11-15,mobile,<Other>,referral,<Other> / referral,Referral,Returning,20,19,0,0,0,0.0,0.0,0.0,,0.0
2020-11-15,mobile,shop.googlemerchandisestore.com,referral,shop.googlemerchandisestore.com / referral,Referral,New,49,48,1,1,1,30.0,0.02040816326530612,0.020833333333333332,30.0,0.6122448979591837
2020-11-15,mobile,shop.googlemerchandisestore.com,referral,shop.googlemerchandisestore.com / referral,Referral,Returning,22,20,1,1,1,52.0,0.045454545454545456,0.05,52.0,2.3636363636363638
2020-11-15,tablet,(direct),(none),(direct) / (none),Direct,New,12,12,0,0,0,0.0,0.0,0.0,,0.0
2020-11-15,tablet,(direct),(none),(direct) / (none),Direct,Returning,2,2,0,0,0,0.0,0.0,0.0,,0.0
2020-11-15,tablet,google,organic,google / organic,Organic Search,New,14,12,0,0,0,0.0,0.0,0.0,,0.0
2020-11-15,tablet,(data deleted),(data deleted),(data deleted) / (data deleted),Other,New,3,2,0,0,0,0.0,0.0,0.0,,0.0
2020-11-15,tablet,<Other>,<Other>,<Other> / <Other>,Other,New,7,6,0,0,0,0.0,0.0,0.0,,0.0
2020-11-15,tablet,<Other>,<Other>,<Other> / <Other>,Other,Returning,1,1,0,0,0,0.0,0.0,0.0,,0.0
2020-11-15,tablet,<Other>,referral,<Other> / referral,Referral,New,2,2,0,0,0,0.0,0.0,0.0,,0.0
2020-11-15,tablet,<Other>,referral,<Other> / referral,Referral,Returning,1,1,1,1,1,174.0,1.0,1.0,174.0,174.0
2020-11-15,tablet,shop.googlemerchandisestore.com,referral,shop.googlemerchandisestore.com / referral,Referral,New,4,4,0,0,0,0.0,0.0,0.0,,0.0
2020-11-16,desktop,(direct),(none),(direct) / (none),Direct,New,359,354,8,8,8,466.0,0.022284122562674095,0.022598870056497175,58.25,1.298050139275766
2020-11-16,desktop,(direct),(none),(direct) / (none),Direct,Returning,75,73,5,5,5,370.0,0.06666666666666667,0.0684931506849315,74.0,4.933333333333334
2020-11-16,desktop,<Other>,organic,<Other> / organic,Organic Search,New,43,43,0,0,0,0.0,0.0,0.0,,0.0
2020-11-16,desktop,<Other>,organic,<Other> / organic,Organic Search,Returning,3,3,0,0,0,0.0,0.0,0.0,,0.0
2020-11-16,desktop,google,organic,google / organic,Organic Search,New,550,532,6,6,6,276.0,0.01090909090909091,0.011278195488721804,46.0,0.5018181818181818
2020-11-16,desktop,google,organic,google / organic,Organic Search,Returning,74,68,2,2,2,83.0,0.02702702702702703,0.029411764705882353,41.5,1.1216216216216217
2020-11-16,desktop,(data deleted),(data deleted),(data deleted) / (data deleted),Other,New,67,65,3,3,3,223.0,0.04477611940298507,0.046153846153846156,74.33333333333333,3.328358208955224
2020-11-16,desktop,(data deleted),(data deleted),(data deleted) / (data deleted),Other,Returning,108,100,2,2,2,180.0,0.018518518518518517,0.02,90.0,1.6666666666666667
2020-11-16,desktop,<Other>,(data deleted),<Other> / (data deleted),Other,Returning,1,1,0,0,0,0.0,0.0,0.0,,0.0
2020-11-16,desktop,<Other>,<Other>,<Other> / <Other>,Other,New,281,278,4,4,4,537.0,0.014234875444839857,0.014388489208633094,134.25,1.9110320284697508
2020-11-16,desktop,<Other>,<Other>,<Other> / <Other>,Other,Returning,19,19,1,1,1,58.0,0.05263157894736842,0.05263157894736842,58.0,3.0526315789473686
2020-11-16,desktop,google,cpc,google / cpc,Paid Search,New,71,71,0,0,0,0.0,0.0,0.0,,0.0
2020-11-16,desktop,google,cpc,google / cpc,Paid Search,Returning,4,4,2,2,2,54.0,0.5,0.5,27.0,13.5
2020-11-16,desktop,<Other>,referral,<Other> / referral,Referral,New,152,151,1,1,1,6.0,0.006578947368421052,0.006622516556291391,6.0,0.039473684210526314
2020-11-16,desktop,<Other>,referral,<Other> / referral,Referral,Returning,42,41,1,1,1,63.0,0.023809523809523808,0.024390243902439025,63.0,1.5
2020-11-16,desktop,shop.googlemerchandisestore.com,referral,shop.googlemerchandisestore.com / referral,Referral,New,138,132,1,1,1,46.0,0.007246376811594203,0.007575757575757576,46.0,0.3333333333333333
2020-11-16,desktop,shop.googlemerchandisestore.com,referral,shop.googlemerchandisestore.com / referral,Referral,Returning,60,58,1,1,1,26.0,0.016666666666666666,0.017241379310344827,26.0,0.43333333333333335
2020-11-16,mobile,(direct),(none),(direct) / (none),Direct,New,276,270,4,4,4,198.0,0.014492753623188406,0.014814814814814815,49.5,0.717391304347826
2020-11-16,mobile,(direct),(none),(direct) / (none),Direct,Returning,71,68,2,2,2,306.0,0.028169014084507043,0.029411764705882353,153.0,4.309859154929577
2020-11-16,mobile,<Other>,organic,<Other> / organic,Organic Search,New,33,33,0,0,0,0.0,0.0,0.0,,0.0
2020-11-16,mobile,<Other>,organic,<Other> / organic,Organic Search,Returning,3,3,0,0,0,0.0,0.0,0.0,,0.0
2020-11-16,mobile,google,organic,google / organic,Organic Search,New,340,334,6,6,6,632.0,0.01764705882352941,0.017964071856287425,105.33333333333333,1.8588235294117648
2020-11-16,mobile,google,organic,google / organic,Organic Search,Returning,65,62,6,6,6,571.0,0.09230769230769231,0.0967741935483871,95.16666666666667,8.784615384615385
2020-11-16,mobile,(data deleted),(data deleted),(data deleted) / (data deleted),Other,New,43,43,0,0,0,0.0,0.0,0.0,,0.0
2020-11-16,mobile,(data deleted),(data deleted),(data deleted) / (data deleted),Other,Returning,61,56,1,1,1,15.0,0.01639344262295082,0.017857142857142856,15.0,0.2459016393442623
2020-11-16,mobile,<Other>,(data deleted),<Other> / (data deleted),Other,New,1,1,0,0,0,0.0,0.0,0.0,,0.0
2020-11-16,mobile,<Other>,(data deleted),<Other> / (data deleted),Other,Returning,3,3,0,0,0,0.0,0.0,0.0,,0.0
2020-11-16,mobile,<Other>,<Other>,<Other> / <Other>,Other,New,193,193,1,1,1,25.0,0.0051813471502590676,0.0051813471502590676,25.0,0.12953367875647667
2020-11-16,mobile,<Other>,<Other>,<Other> / <Other>,Other,Returning,20,20,2,2,2,195.0,0.1,0.1,97.5,9.75
2020-11-16,mobile,google,cpc,google / cpc,Paid Search,New,53,53,1,1,1,38.0,0.018867924528301886,0.018867924528301886,38.0,0.7169811320754716
2020-11-16,mobile,google,cpc,google / cpc,Paid Search,Returning,6,6,0,0,0,0.0,0.0,0.0,,0.0
2020-11-16,mobile,<Other>,referral,<Other> / referral,Referral,New,91,91,0,0,0,0.0,0.0,0.0,,0.0
2020-11-16,mobile,<Other>,referral,<Other> / referral,Referral,Returning,35,34,1,1,1,48.0,0.02857142857142857,0.029411764705882353,48.0,1.3714285714285714
2020-11-16,mobile,shop.googlemerchandisestore.com,referral,shop.googlemerchandisestore.com / referral,Referral,New,88,85,4,4,4,446.0,0.045454545454545456,0.047058823529411764,111.5,5.068181818181818
2020-11-16,mobile,shop.googlemerchandisestore.com,referral,shop.googlemerchandisestore.com / referral,Referral,Returning,37,36,1,1,1,88.0,0.02702702702702703,0.027777777777777776,88.0,2.3783783783783785
2020-11-16,tablet,(direct),(none),(direct) / (none),Direct,New,15,14,1,1,1,34.0,0.06666666666666667,0.07142857142857142,34.0,2.2666666666666666
2020-11-16,tablet,(direct),(none),(direct) / (none),Direct,Returning,3,3,1,1,1,40.0,0.3333333333333333,0.3333333333333333,40.0,13.333333333333334
2020-11-16,tablet,<Other>,organic,<Other> / organic,Organic Search,New,2,2,0,0,0,0.0,0.0,0.0,,0.0
2020-11-16,tablet,google,organic,google / organic,Organic Search,New,17,17,0,0,0,0.0,0.0,0.0,,0.0
2020-11-16,tablet,google,organic,google / organic,Organic Search,Returning,3,3,0,0,0,0.0,0.0,0.0,,0.0
2020-11-16,tablet,(data deleted),(data deleted),(data deleted) / (data deleted),Other,New,3,3,0,0,0,0.0,0.0,0.0,,0.0
2020-11-16,tablet,(data deleted),(data deleted),(data deleted) / (data deleted),Other,Returning,3,3,0,0,0,0.0,0.0,0.0,,0.0
2020-11-16,tablet,<Other>,(data deleted),<Other> / (data deleted),Other,New,2,2,0,0,0,0.0,0.0,0.0,,0.0
2020-11-16,tablet,<Other>,<Other>,<Other> / <Other>,Other,New,8,8,1,1,1,22.0,0.125,0.125,22.0,2.75
2020-11-16,tablet,<Other>,<Other>,<Other> / <Other>,Other,Returning,1,1,0,0,0,0.0,0.0,0.0,,0.0
2020-11-16,tablet,google,cpc,google / cpc,Paid Search,New,3,3,0,0,0,0.0,0.0,0.0,,0.0
2020-11-16,tablet,google,cpc,google / cpc,Paid Search,Returning,1,1,0,0,0,0.0,0.0,0.0,,0.0
2020-11-16,tablet,<Other>,referral,<Other> / referral,Referral,New,3,3,0,0,0,0.0,0.0,0.0,,0.0
2020-11-16,tablet,<Other>,referral,<Other> / referral,Referral,Returning,1,1,0,0,0,0.0,0.0,0.0,,0.0
2020-11-16,tablet,shop.googlemerchandisestore.com,referral,shop.googlemerchandisestore.com / referral,Referral,New,8,8,0,0,0,0.0,0.0,0.0,,0.0
2020-11-16,tablet,shop.googlemerchandisestore.com,referral,shop.googlemerchandisestore.com / referral,Referral,Returning,2,1,0,0,0,0.0,0.0,0.0,,0.0
2020-11-17,desktop,(direct),(none),(direct) / (none),Direct,New,422,415,12,12,13,1025.0,0.02843601895734597,0.02891566265060241,78.84615384615384,2.428909952606635
2020-11-17,desktop,(direct),(none),(direct) / (none),Direct,Returning,93,88,1,1,1,305.0,0.010752688172043012,0.011363636363636364,305.0,3.2795698924731185
2020-11-17,desktop,<Other>,organic,<Other> / organic,Organic Search,New,58,58,1,1,1,154.0,0.017241379310344827,0.017241379310344827,154.0,2.6551724137931036
2020-11-17,desktop,<Other>,organic,<Other> / organic,Organic Search,Returning,8,8,0,0,0,0.0,0.0,0.0,,0.0
2020-11-17,desktop,google,organic,google / organic,Organic Search,New,613,600,6,6,9,438.0,0.009787928221859706,0.01,48.666666666666664,0.7145187601957586
2020-11-17,desktop,google,organic,google / organic,Organic Search,Returning,90,86,2,2,2,126.0,0.022222222222222223,0.023255813953488372,63.0,1.4
2020-11-17,desktop,(data deleted),(data deleted),(data deleted) / (data deleted),Other,New,94,91,3,3,3,127.0,0.031914893617021274,0.03296703296703297,42.333333333333336,1.351063829787234
2020-11-17,desktop,(data deleted),(data deleted),(data deleted) / (data deleted),Other,Returning,107,100,6,6,6,424.0,0.056074766355140186,0.06,70.66666666666667,3.9626168224299065
2020-11-17,desktop,<Other>,(data deleted),<Other> / (data deleted),Other,New,1,1,0,0,0,0.0,0.0,0.0,,0.0
2020-11-17,desktop,<Other>,(data deleted),<Other> / (data deleted),Other,Returning,1,1,0,0,0,0.0,0.0,0.0,,0.0
2020-11-17,desktop,<Other>,<Other>,<Other> / <Other>,Other,New,276,274,3,3,3,153.0,0.010869565217391304,0.010948905109489052,51.0,0.5543478260869565
2020-11-17,desktop,<Other>,<Other>,<Other> / <Other>,Other,Returning,37,37,1,1,3,145.0,0.02702702702702703,0.02702702702702703,48.333333333333336,3.918918918918919
2020-11-17,desktop,google,cpc,google / cpc,Paid Search,New,79,78,0,0,0,0.0,0.0,0.0,,0.0
2020-11-17,desktop,google,cpc,google / cpc,Paid Search,Returning,6,6,0,0,0,0.0,0.0,0.0,,0.0
2020-11-17,desktop,<Other>,referral,<Other> / referral,Referral,New,164,163,2,2,2,109.0,0.012195121951219513,0.012269938650306749,54.5,0.6646341463414634
2020-11-17,desktop,<Other>,referral,<Other> / referral,Referral,Returning,51,50,4,4,4,183.0,0.0784313725490196,0.08,45.75,3.588235294117647
2020-11-17,desktop,shop.googlemerchandisestore.com,referral,shop.googlemerchandisestore.com / referral,Referral,New,138,135,5,5,5,183.0,0.036231884057971016,0.037037037037037035,36.6,1.326086956521739
2020-11-17,desktop,shop.googlemerchandisestore.com,referral,shop.googlemerchandisestore.com / referral,Referral,Returning,68,64,4,4,4,455.0,0.058823529411764705,0.0625,113.75,6.6911764705882355
2020-11-17,mobile,(direct),(none),(direct) / (none),Direct,New,323,311,4,4,4,363.0,0.01238390092879257,0.012861736334405145,90.75,1.1238390092879258
2020-11-17,mobile,(direct),(none),(direct) / (none),Direct,Returning,72,68,3,3,5,339.0,0.041666666666666664,0.04411764705882353,67.8,4.708333333333333
2020-11-17,mobile,<Other>,organic,<Other> / organic,Organic Search,New,34,34,0,0,0,0.0,0.0,0.0,,0.0
2020-11-17,mobile,<Other>,organic,<Other> / organic,Organic Search,Returning,5,5,0,0,0,0.0,0.0,0.0,,0.0
2020-11-17,mobile,google,organic,google / organic,Organic Search,New,407,389,5,5,10,406.0,0.012285012285012284,0.012853470437017995,40.6,0.9975429975429976
2020-11-17,mobile,google,organic,google / organic,Organic Search,Returning,85,80,6,6,6,372.0,0.07058823529411765,0.075,62.0,4.376470588235295
2020-11-17,mobile,(data deleted),(data deleted),(data deleted) / (data deleted),Other,New,71,66,3,3,3,103.0,0.04225352112676056,0.045454545454545456,34.333333333333336,1.4507042253521127
2020-11-17,mobile,(data deleted),(data deleted),(data deleted) / (data deleted),Other,Returning,79,74,4,4,4,216.0,0.05063291139240506,0.05405405405405406,54.0,2.7341772151898733
2020-11-17,mobile,<Other>,(data deleted),<Other> / (data deleted),Other,New,2,2,1,1,1,22.0,0.5,0.5,22.0,11.0
2020-11-17,mobile,<Other>,(data deleted),<Other> / (data deleted),Other,Returning,1,1,0,0,0,0.0,0.0,0.0,,0.0
2020-11-17,mobile,<Other>,<Other>,<Other> / <Other>,Other,New,199,198,6,6,6,490.0,0.03015075376884422,0.030303030303030304,81.66666666666667,2.4623115577889445
2020-11-17,mobile,<Other>,<Other>,<Other> / <Other>,Other,Returning,21,20,0,0,0,0.0,0.0,0.0,,0.0
2020-11-17,mobile,google,cpc,google / cpc,Paid Search,New,49,49,0,0,0,0.0,0.0,0.0,,0.0
2020-11-17,mobile,google,cpc,google / cpc,Paid Search,Returning,4,4,0,0,0,0.0,0.0,0.0,,0.0
2020-11-17,mobile,<Other>,referral,<Other> / referral,Referral,New,136,135,1,1,1,27.0,0.007352941176470588,0.007407407407407408,27.0,0.19852941176470587
2020-11-17,mobile,<Other>,referral,<Other> / referral,Referral,Returning,43,43,0,0,0,0.0,0.0,0.0,,0.0
2020-11-17,mobile,shop.googlemerchandisestore.com,referral,shop.googlemerchandisestore.com / referral,Referral,New,101,98,2,2,2,62.0,0.019801980198019802,0.02040816326530612,31.0,0.6138613861386139
2020-11-17,mobile,shop.googlemerchandisestore.com,referral,shop.googlemerchandisestore.com / referral,Referral,Returning,59,58,0,0,0,0.0,0.0,0.0,,0.0
2020-11-17,tablet,(direct),(none),(direct) / (none),Direct,New,15,15,0,0,0,0.0,0.0,0.0,,0.0
2020-11-17,tablet,(direct),(none),(direct) / (none),Direct,Returning,4,3,0,0,0,0.0,0.0,0.0,,0.0
2020-11-17,tablet,<Other>,organic,<Other> / organic,Organic Search,New,3,3,0,0,0,0.0,0.0,0.0,,0.0
2020-11-17,tablet,google,organic,google / organic,Organic Search,New,18,17,0,0,0,0.0,0.0,0.0,,0.0
2020-11-17,tablet,google,organic,google / organic,Organic Search,Returning,2,2,0,0,0,0.0,0.0,0.0,,0.0
2020-11-17,tablet,(data deleted),(data deleted),(data deleted) / (data deleted),Other,New,5,4,0,0,0,0.0,0.0,0.0,,0.0
2020-11-17,tablet,(data deleted),(data deleted),(data deleted) / (data deleted),Other,Returning,4,4,0,0,0,0.0,0.0,0.0,,0.0
2020-11-17,tablet,<Other>,<Other>,<Other> / <Other>,Other,New,10,10,0,0,0,0.0,0.0,0.0,,0.0
2020-11-17,tablet,google,cpc,google / cpc,Paid Search,New,4,4,0,0,0,0.0,0.0,0.0,,0.0
2020-11-17,tablet,<Other>,referral,<Other> / referral,Referral,New,8,7,0,0,0,0.0,0.0,0.0,,0.0
2020-11-17,tablet,shop.googlemerchandisestore.com,referral,shop.googlemerchandisestore.com / referral,Referral,New,5,5,0,0,0,0.0,0.0,0.0,,0.0
2020-11-17,tablet,shop.googlemerchandisestore.com,referral,shop.googlemerchandisestore.com / referral,Referral,Returning,4,4,0,0,0,0.0,0.0,0.0,,0.0
2020-11-18,desktop,(direct),(none),(direct) / (none),Direct,New,465,451,5,5,6,414.0,0.010752688172043012,0.011086474501108648,69.0,0.8903225806451613
2020-11-18,desktop,(direct),(none),(direct) / (none),Direct,Returning,102,94,4,4,6,572.0,0.0392156862745098,0.0425531914893617,95.33333333333333,5.607843137254902
2020-11-18,desktop,<Other>,organic,<Other> / organic,Organic Search,New,50,50,0,0,0,0.0,0.0,0.0,,0.0
2020-11-18,desktop,<Other>,organic,<Other> / organic,Organic Search,Returning,10,10,0,0,0,0.0,0.0,0.0,,0.0
2020-11-18,desktop,google,organic,google / organic,Organic Search,New,634,611,2,2,3,107.0,0.0031545741324921135,0.0032733224222585926,35.666666666666664,0.16876971608832808
2020-11-18,desktop,google,organic,google / organic,Organic Search,Returning,99,91,1,1,2,120.0,0.010101010101010102,0.01098901098901099,60.0,1.2121212121212122
2020-11-18,desktop,(data deleted),(data deleted),(data deleted) / (data deleted),Other,New,69,68,2,2,3,87.0,0.028985507246376812,0.029411764705882353,29.0,1.2608695652173914
2020-11-18,desktop,(data deleted),(data deleted),(data deleted) / (data deleted),Other,Returning,106,103,3,3,4,283.0,0.02830188679245283,0.02912621359223301,70.75,2.669811320754717
2020-11-18,desktop,<Other>,(data deleted),<Other> / (data deleted),Other,New,1,1,0,0,0,0.0,0.0,0.0,,0.0
2020-11-18,desktop,<Other>,(data deleted),<Other> / (data deleted),Other,Returning,3,3,0,0,0,0.0,0.0,0.0,,0.0
2020-11-18,desktop,<Other>,<Other>,<Other> / <Other>,Other,New,275,272,1,1,2,48.0,0.0036363636363636364,0.003676470588235294,24.0,0.17454545454545456
2020-11-18,desktop,<Other>,<Other>,<Other> / <Other>,Other,Returning,34,34,1,1,2,48.0,0.029411764705882353,0.029411764705882353,24.0,1.411764705882353
2020-11-18,desktop,google,cpc,google / cpc,Paid Search,New,75,74,1,1,1,19.0,0.013333333333333334,0.013513513513513514,19.0,0.25333333333333335
2020-11-18,desktop,google,cpc,google / cpc,Paid Search,Returning,7,7,1,1,1,48.0,0.14285714285714285,0.14285714285714285,48.0,6.857142857142857
2020-11-18,desktop,<Other>,referral,<Other> / referral,Referral,New,180,179,3,3,4,704.0,0.016666666666666666,0.01675977653631285,176.0,3.911111111111111
2020-11-18,desktop,<Other>,referral,<Other> / referral,Referral,Returning,49,49,1,1,1,44.0,0.02040816326530612,0.02040816326530612,44.0,0.8979591836734694
2020-11-18,desktop,shop.googlemerchandisestore.com,referral,shop.googlemerchandisestore.com / referral,Referral,New,122,116,0,0,0,0.0,0.0,0.0,,0.0
2020-11-18,desktop,shop.googlemerchandisestore.com,referral,shop.googlemerchandisestore.com / referral,Referral,Returning,85,79,1,1,1,5.0,0.011764705882352941,0.012658227848101266,5.0,0.058823529411764705
2020-11-18,mobile,(direct),(none),(direct) / (none),Direct,New,319,311,4,4,4,148.0,0.012539184952978056,0.012861736334405145,37.0,0.46394984326018807
2020-11-18,mobile,(direct),(none),(direct) / (none),Direct,Returning,72,69,3,3,5,210.0,0.041666666666666664,0.043478260869565216,42.0,2.9166666666666665
2020-11-18,mobile,<Other>,organic,<Other> / organic,Organic Search,New,41,41,1,1,2,96.0,0.024390243902439025,0.024390243902439025,48.0,2.341463414634146
2020-11-18,mobile,<Other>,organic,<Other> / organic,Organic Search,Returning,9,9,0,0,0,0.0,0.0,0.0,,0.0
2020-11-18,mobile,google,organic,google / organic,Organic Search,New,442,428,5,5,8,331.0,0.011312217194570135,0.011682242990654205,41.375,0.748868778280543
2020-11-18,mobile,google,organic,google / organic,Organic Search,Returning,69,65,2,2,2,653.0,0.028985507246376812,0.03076923076923077,326.5,9.46376811594203
2020-11-18,mobile,(data deleted),(data deleted),(data deleted) / (data deleted),Other,New,66,65,0,0,0,0.0,0.0,0.0,,0.0
2020-11-18,mobile,(data deleted),(data deleted),(data deleted) / (data deleted),Other,Returning,60,59,2,2,3,288.0,0.03333333333333333,0.03389830508474576,96.0,4.8
2020-11-18,mobile,<Other>,(data deleted),<Other> / (data deleted),Other,New,3,3,0,0,0,0.0,0.0,0.0,,0.0
2020-11-18,mobile,<Other>,<Other>,<Other> / <Other>,Other,New,190,187,2,2,2,21.0,0.010526315789473684,0.0106951871657754,10.5,0.11052631578947368
2020-11-18,mobile,<Other>,<Other>,<Other> / <Other>,Other,Returning,16,16,0,0,0,0.0,0.0,0.0,,0.0
2020-11-18,mobile,google,cpc,google / cpc,Paid Search,New,62,62,1,1,1,144.0,0.016129032258064516,0.016129032258064516,144.0,2.3225806451612905
2020-11-18,mobile,google,cpc,google / cpc,Paid Search,Returning,7,7,0,0,0,0.0,0.0,0.0,,0.0
2020-11-18,mobile,<Other>,referral,<Other> / referral,Referral,New,142,141,0,0,0,0.0,0.0,0.0,,0.0
2020-11-18,mobile,<Other>,referral,<Other> / referral,Referral,Returning,34,34,0,0,0,0.0,0.0,0.0,,0.0
2020-11-18,mobile,shop.googlemerchandisestore.com,referral,shop.googlemerchandisestore.com / referral,Referral,New,85,84,1,1,1,61.0,0.011764705882352941,0.011904761904761904,61.0,0.7176470588235294
2020-11-18,mobile,shop.googlemerchandisestore.com,referral,shop.googlemerchandisestore.com / referral,Referral,Returning,52,50,3,3,4,124.0,0.057692307692307696,0.06,31.0,2.3846153846153846
2020-11-18,tablet,(direct),(none),(direct) / (none),Direct,New,20,19,0,0,0,0.0,0.0,0.0,,0.0
2020-11-18,tablet,(direct),(none),(direct) / (none),Direct,Returning,1,1,0,0,0,0.0,0.0,0.0,,0.0
2020-11-18,tablet,google,organic,google / organic,Organic Search,New,26,26,0,0,0,0.0,0.0,0.0,,0.0
2020-11-18,tablet,google,organic,google / organic,Organic Search,Returning,8,8,0,0,0,0.0,0.0,0.0,,0.0
2020-11-18,tablet,(data deleted),(data deleted),(data deleted) / (data deleted),Other,New,2,2,0,0,0,0.0,0.0,0.0,,0.0
2020-11-18,tablet,(data deleted),(data deleted),(data deleted) / (data deleted),Other,Returning,7,6,0,0,0,0.0,0.0,0.0,,0.0
2020-11-18,tablet,<Other>,<Other>,<Other> / <Other>,Other,New,9,9,0,0,0,0.0,0.0,0.0,,0.0
2020-11-18,tablet,<Other>,<Other>,<Other> / <Other>,Other,Returning,2,2,0,0,0,0.0,0.0,0.0,,0.0
2020-11-18,tablet,google,cpc,google / cpc,Paid Search,New,2,2,0,0,0,0.0,0.0,0.0,,0.0
2020-11-18,tablet,google,cpc,google / cpc,Paid Search,Returning,1,1,0,0,0,0.0,0.0,0.0,,0.0
2020-11-18,tablet,<Other>,referral,<Other> / referral,Referral,New,6,6,0,0,0,0.0,0.0,0.0,,0.0
2020-11-18,tablet,<Other>,referral,<Other> / referral,Referral,Returning,2,2,0,0,0,0.0,0.0,0.0,,0.0
2020-11-18,tablet,shop.googlemerchandisestore.com,referral,shop.googlemerchandisestore.com / referral,Referral,New,7,6,0,0,0,0.0,0.0,0.0,,0.0
2020-11-18,tablet,shop.googlemerchandisestore.com,referral,shop.googlemerchandisestore.com / referral,Referral,Returning,5,4,0,0,0,0.0,0.0,0.0,,0.0
2020-11-19,desktop,(direct),(none),(direct) / (none),Direct,New,490,471,3,3,5,220.0,0.006122448979591836,0.006369426751592357,44.0,0.4489795918367347
2020-11-19,desktop,(direct),(none),(direct) / (none),Direct,Returning,108,102,1,1,2,92.0,0.009259259259259259,0.00980392156862745,46.0,0.8518518518518519
2020-11-19,desktop,<Other>,organic,<Other> / organic,Organic Search,New,63,63,1,1,2,208.0,0.015873015873015872,0.015873015873015872,104.0,3.3015873015873014
2020-11-19,desktop,<Other>,organic,<Other> / organic,Organic Search,Returning,4,4,0,0,0,0.0,0.0,0.0,,0.0
2020-11-19,desktop,google,organic,google / organic,Organic Search,New,631,611,5,5,9,593.0,0.00792393026941363,0.008183306055646482,65.88888888888889,0.9397781299524565
2020-11-19,desktop,google,organic,google / organic,Organic Search,Returning,118,111,0,0,0,0.0,0.0,0.0,,0.0
2020-11-19,desktop,(data deleted),(data deleted),(data deleted) / (data deleted),Other,New,72,70,2,2,3,88.0,0.027777777777777776,0.02857142857142857,29.333333333333332,1.2222222222222223
2020-11-19,desktop,(data deleted),(data deleted),(data deleted) / (data deleted),Other,Returning,117,112,1,1,2,60.0,0.008547008547008548,0.008928571428571428,30.0,0.5128205128205128
2020-11-19,desktop,<Other>,(data deleted),<Other> / (data deleted),Other,Returning,1,1,0,0,0,0.0,0.0,0.0,,0.0
2020-11-19,desktop,<Other>,<Other>,<Other> / <Other>,Other,New,301,300,2,2,3,168.0,0.006644518272425249,0.006666666666666667,56.0,0.5581395348837209
2020-11-19,desktop,<Other>,<Other>,<Other> / <Other>,Other,Returning,28,27,1,1,2,116.0,0.03571428571428571,0.037037037037037035,58.0,4.142857142857143
2020-11-19,desktop,google,cpc,google / cpc,Paid Search,New,97,97,0,0,0,0.0,0.0,0.0,,0.0
2020-11-19,desktop,google,cpc,google / cpc,Paid Search,Returning,12,12,1,1,1,0.0,0.08333333333333333,0.08333333333333333,0.0,0.0
2020-11-19,desktop,<Other>,referral,<Other> / referral,Referral,New,184,174,0,0,0,0.0,0.0,0.0,,0.0
2020-11-19,desktop,<Other>,referral,<Other> / referral,Referral,Returning,58,56,4,4,7,616.0,0.06896551724137931,0.07142857142857142,88.0,10.620689655172415
2020-11-19,desktop,shop.googlemerchandisestore.com,referral,shop.googlemerchandisestore.com / referral,Referral,New,148,142,1,1,2,66.0,0.006756756756756757,0.007042253521126761,33.0,0.44594594594594594
2020-11-19,desktop,shop.googlemerchandisestore.com,referral,shop.googlemerchandisestore.com / referral,Referral,Returning,84,74,4,4,7,134.0,0.047619047619047616,0.05405405405405406,19.142857142857142,1.5952380952380953
2020-11-19,mobile,(direct),(none),(direct) / (none),Direct,New,293,284,3,3,8,1054.0,0.010238907849829351,0.01056338028169014,131.75,3.5972696245733786
2020-11-19,mobile,(direct),(none),(direct) / (none),Direct,Returning,74,68,2,2,3,48.0,0.02702702702702703,0.029411764705882353,16.0,0.6486486486486487
2020-11-19,mobile,<Other>,organic,<Other> / organic,Organic Search,New,30,30,0,0,0,0.0,0.0,0.0,,0.0
2020-11-19,mobile,<Other>,organic,<Other> / organic,Organic Search,Returning,2,2,0,0,0,0.0,0.0,0.0,,0.0
2020-11-19,mobile,google,organic,google / organic,Organic Search,New,400,392,1,1,2,40.0,0.0025,0.002551020408163265,20.0,0.1
2020-11-19,mobile,google,organic,google / organic,Organic Search,Returning,68,65,3,3,6,462.0,0.04411764705882353,0.046153846153846156,77.0,6.794117647058823
2020-11-19,mobile,(data deleted),(data deleted),(data deleted) / (data deleted),Other,New,52,51,2,2,4,566.0,0.038461538461538464,0.0392156862745098,141.5,10.884615384615385
2020-11-19,mobile,(data deleted),(data deleted),(data deleted) / (data deleted),Other,Returning,77,72,0,0,0,0.0,0.0,0.0,,0.0
2020-11-19,mobile,<Other>,(data deleted),<Other> / (data deleted),Other,New,1,1,0,0,0,0.0,0.0,0.0,,0.0
2020-11-19,mobile,<Other>,(data deleted),<Other> / (data deleted),Other,Returning,2,2,0,0,0,0.0,0.0,0.0,,0.0
2020-11-19,mobile,<Other>,<Other>,<Other> / <Other>,Other,New,192,190,2,2,5,525.0,0.010416666666666666,0.010526315789473684,105.0,2.734375
2020-11-19,mobile,<Other>,<Other>,<Other> / <Other>,Other,Returning,22,21,1,1,1,92.0,0.045454545454545456,0.047619047619047616,92.0,4.181818181818182
2020-11-19,mobile,google,cpc,google / cpc,Paid Search,New,59,59,0,0,0,0.0,0.0,0.0,,0.0
2020-11-19,mobile,google,cpc,google / cpc,Paid Search,Returning,4,4,0,0,0,0.0,0.0,0.0,,0.0
2020-11-19,mobile,<Other>,referral,<Other> / referral,Referral,New,130,130,1,1,2,124.0,0.007692307692307693,0.007692307692307693,62.0,0.9538461538461539
2020-11-19,mobile,<Other>,referral,<Other> / referral,Referral,Returning,40,39,1,1,4,198.0,0.025,0.02564102564102564,49.5,4.95
2020-11-19,mobile,shop.googlemerchandisestore.com,referral,shop.googlemerchandisestore.com / referral,Referral,New,84,82,1,1,2,88.0,0.011904761904761904,0.012195121951219513,44.0,1.0476190476190477
2020-11-19,mobile,shop.googlemerchandisestore.com,referral,shop.googlemerchandisestore.com / referral,Referral,Returning,54,53,1,1,2,194.0,0.018518518518518517,0.018867924528301886,97.0,3.5925925925925926
2020-11-19,tablet,(direct),(none),(direct) / (none),Direct,New,20,20,0,0,0,0.0,0.0,0.0,,0.0
2020-11-19,tablet,(direct),(none),(direct) / (none),Direct,Returning,3,3,0,0,0,0.0,0.0,0.0,,0.0
2020-11-19,tablet,<Other>,organic,<Other> / organic,Organic Search,New,1,1,0,0,0,0.0,0.0,0.0,,0.0
2020-11-19,tablet,google,organic,google / organic,Organic Search,New,23,23,0,0,0,0.0,0.0,0.0,,0.0
2020-11-19,tablet,google,organic,google / organic,Organic Search,Returning,3,3,0,0,0,0.0,0.0,0.0,,0.0
2020-11-19,tablet,(data deleted),(data deleted),(data deleted) / (data deleted),Other,New,3,3,0,0,0,0.0,0.0,0.0,,0.0
2020-11-19,tablet,(data deleted),(data deleted),(data deleted) / (data deleted),Other,Returning,4,4,0,0,0,0.0,0.0,0.0,,0.0
2020-11-19,tablet,<Other>,<Other>,<Other> / <Other>,Other,New,14,14,0,0,0,0.0,0.0,0.0,,0.0
2020-11-19,tablet,<Other>,<Other>,<Other> / <Other>,Other,Returning,2,2,0,0,0,0.0,0.0,0.0,,0.0
2020-11-19,tablet,google,cpc,google / cpc,Paid Search,New,6,6,0,0,0,0.0,0.0,0.0,,0.0
2020-11-19,tablet,<Other>,referral,<Other> / referral,Referral,New,7,7,0,0,0,0.0,0.0,0.0,,0.0
2020-11-19,tablet,<Other>,referral,<Other> / referral,Referral,Returning,2,2,0,0,0,0.0,0.0,0.0,,0.0
2020-11-19,tablet,shop.googlemerchandisestore.com,referral,shop.googlemerchandisestore.com / referral,Referral,New,7,7,0,0,0,0.0,0.0,0.0,,0.0
2020-11-19,tablet,shop.googlemerchandisestore.com,referral,shop.googlemerchandisestore.com / referral,Referral,Returning,2,2,0,0,0,0.0,0.0,0.0,,0.0
2020-11-20,desktop,(direct),(none),(direct) / (none),Direct,New,444,427,2,2,4,152.0,0.0045045045045045045,0.00468384074941452,38.0,0.34234234234234234
2020-11-20,desktop,(direct),(none),(direct) / (none),Direct,Returning,122,113,6,6,12,1240.0,0.04918032786885246,0.05309734513274336,103.33333333333333,10.163934426229508
2020-11-20,desktop,<Other>,organic,<Other> / organic,Organic Search,New,65,65,0,0,0,0.0,0.0,0.0,,0.0
2020-11-20,desktop,<Other>,organic,<Other> / organic,Organic Search,Returning,16,16,0,0,0,0.0,0.0,0.0,,0.0
2020-11-20,desktop,google,organic,google / organic,Organic Search,New,599,577,2,2,4,394.0,0.00333889816360601,0.0034662045060658577,98.5,0.657762938230384
2020-11-20,desktop,google,organic,google / organic,Organic Search,Returning,96,89,5,5,9,464.0,0.052083333333333336,0.056179775280898875,51.55555555555556,4.833333333333333
2020-11-20,desktop,(data deleted),(data deleted),(data deleted) / (data deleted),Other,New,88,80,1,1,1,0.0,0.011363636363636364,0.0125,0.0,0.0
2020-11-20,desktop,(data deleted),(data deleted),(data deleted) / (data deleted),Other,Returning,104,97,6,6,9,200.0,0.057692307692307696,0.061855670103092786,22.22222222222222,1.9230769230769231
2020-11-20,desktop,<Other>,(data deleted),<Other> / (data deleted),Other,New,1,1,0,0,0,0.0,0.0,0.0,,0.0
2020-11-20,desktop,<Other>,(data deleted),<Other> / (data deleted),Other,Returning,3,3,0,0,0,0.0,0.0,0.0,,0.0
2020-11-20,desktop,<Other>,<Other>,<Other> / <Other>,Other,New,266,262,1,1,2,110.0,0.0037593984962406013,0.003816793893129771,55.0,0.41353383458646614
2020-11-20,desktop,<Other>,<Other>,<Other> / <Other>,Other,Returning,27,27,1,1,2,424.0,0.037037037037037035,0.037037037037037035,212.0,15.703703703703704
2020-11-20,desktop,google,cpc,google / cpc,Paid Search,New,89,88,2,2,4,268.0,0.02247191011235955,0.022727272727272728,67.0,3.0112359550561796
2020-11-20,desktop,google,cpc,google / cpc,Paid Search,Returning,7,7,0,0,0,0.0,0.0,0.0,,0.0
2020-11-20,desktop,<Other>,referral,<Other> / referral,Referral,New,177,174,1,1,2,38.0,0.005649717514124294,0.005747126436781609,19.0,0.21468926553672316
2020-11-20,desktop,<Other>,referral,<Other> / referral,Referral,Returning,68,67,1,1,2,678.0,0.014705882352941176,0.014925373134328358,339.0,9.970588235294118
2020-11-20,desktop,shop.googlemerchandisestore.com,referral,shop.googlemerchandisestore.com / referral,Referral,New,113,111,2,2,4,50.0,0.017699115044247787,0.018018018018018018,12.5,0.4424778761061947
2020-11-20,desktop,shop.googlemerchandisestore.com,referral,shop.googlemerchandisestore.com / referral,Referral,Returning,77,71,1,1,2,354.0,0.012987012987012988,0.014084507042253521,177.0,4.597402597402597
2020-11-20,mobile,(direct),(none),(direct) / (none),Direct,New,326,313,3,3,5,344.0,0.009202453987730062,0.009584664536741214,68.8,1.0552147239263803
2020-11-20,mobile,(direct),(none),(direct) / (none),Direct,Returning,77,75,3,3,5,218.0,0.03896103896103896,0.04,43.6,2.831168831168831
2020-11-20,mobile,<Other>,organic,<Other> / organic,Organic Search,New,36,36,0,0,0,0.0,0.0,0.0,,0.0
2020-11-20,mobile,<Other>,organic,<Other> / organic,Organic Search,Returning,3,3,0,0,0,0.0,0.0,0.0,,0.0
2020-11-20,mobile,google,organic,google / organic,Organic Search,New,451,424,3,3,6,156.0,0.0066518847006651885,0.007075471698113208,26.0,0.3458980044345898
2020-11-20,mobile,google,organic,google / organic,Organic Search,Returning,80,76,9,9,15,1178.0,0.1125,0.11842105263157894,78.53333333333333,14.725
2020-11-20,mobile,(data deleted),(data deleted),(data deleted) / (data deleted),Other,New,55,51,1,1,2,284.0,0.01818181818181818,0.0196078431372549,142.0,5.163636363636364
2020-11-20,mobile,(data deleted),(data deleted),(data deleted) / (data deleted),Other,Returning,74,70,3,3,8,540.0,0.04054054054054054,0.04285714285714286,67.5,7.297297297297297
2020-11-20,mobile,<Other>,<Other>,<Other> / <Other>,Other,New,198,195,1,1,2,46.0,0.005050505050505051,0.005128205128205128,23.0,0.23232323232323232
2020-11-20,mobile,<Other>,<Other>,<Other> / <Other>,Other,Returning,16,15,1,1,2,50.0,0.0625,0.06666666666666667,25.0,3.125
2020-11-20,mobile,google,cpc,google / cpc,Paid Search,New,62,61,1,1,1,0.0,0.016129032258064516,0.01639344262295082,0.0,0.0
2020-11-20,mobile,google,cpc,google / cpc,Paid Search,Returning,6,6,0,0,0,0.0,0.0,0.0,,0.0
2020-11-20,mobile,<Other>,referral,<Other> / referral,Referral,New,135,130,2,2,3,260.0,0.014814814814814815,0.015384615384615385,86.66666666666667,1.9259259259259258
2020-11-20,mobile,<Other>,referral,<Other> / referral,Referral,Returning,34,33,3,3,6,928.0,0.08823529411764706,0.09090909090909091,154.66666666666666,27.294117647058822
2020-11-20,mobile,shop.googlemerchandisestore.com,referral,shop.googlemerchandisestore.com / referral,Referral,New,99,97,1,1,2,94.0,0.010101010101010102,0.010309278350515464,47.0,0.9494949494949495
2020-11-20,mobile,shop.googlemerchandisestore.com,referral,shop.googlemerchandisestore.com / referral,Referral,Returning,47,45,2,2,4,322.0,0.0425531914893617,0.044444444444444446,80.5,6.851063829787234
2020-11-20,tablet,(direct),(none),(direct) / (none),Direct,New,16,16,0,0,0,0.0,0.0,0.0,,0.0
2020-11-20,tablet,(direct),(none),(direct) / (none),Direct,Returning,4,3,0,0,0,0.0,0.0,0.0,,0.0
2020-11-20,tablet,<Other>,organic,<Other> / organic,Organic Search,New,4,4,0,0,0,0.0,0.0,0.0,,0.0
2020-11-20,tablet,google,organic,google / organic,Organic Search,New,25,25,0,0,0,0.0,0.0,0.0,,0.0
2020-11-20,tablet,google,organic,google / organic,Organic Search,Returning,5,5,0,0,0,0.0,0.0,0.0,,0.0
2020-11-20,tablet,(data deleted),(data deleted),(data deleted) / (data deleted),Other,New,1,1,0,0,0,0.0,0.0,0.0,,0.0
2020-11-20,tablet,(data deleted),(data deleted),(data deleted) / (data deleted),Other,Returning,4,4,0,0,0,0.0,0.0,0.0,,0.0
2020-11-20,tablet,<Other>,<Other>,<Other> / <Other>,Other,New,7,7,0,0,0,0.0,0.0,0.0,,0.0
2020-11-20,tablet,google,cpc,google / cpc,Paid Search,New,1,1,0,0,0,0.0,0.0,0.0,,0.0
2020-11-20,tablet,<Other>,referral,<Other> / referral,Referral,New,5,5,0,0,0,0.0,0.0,0.0,,0.0
2020-11-20,tablet,<Other>,referral,<Other> / referral,Referral,Returning,3,3,0,0,0,0.0,0.0,0.0,,0.0
2020-11-20,tablet,shop.googlemerchandisestore.com,referral,shop.googlemerchandisestore.com / referral,Referral,New,5,5,0,0,0,0.0,0.0,0.0,,0.0
2020-11-21,desktop,(direct),(none),(direct) / (none),Direct,New,361,350,2,2,4,98.0,0.00554016620498615,0.005714285714285714,24.5,0.27146814404432135
2020-11-21,desktop,(direct),(none),(direct) / (none),Direct,Returning,77,74,0,0,0,0.0,0.0,0.0,,0.0
2020-11-21,desktop,<Other>,organic,<Other> / organic,Organic Search,New,47,47,0,0,0,0.0,0.0,0.0,,0.0
2020-11-21,desktop,<Other>,organic,<Other> / organic,Organic Search,Returning,10,10,0,0,0,0.0,0.0,0.0,,0.0
2020-11-21,desktop,google,organic,google / organic,Organic Search,New,492,476,1,1,2,370.0,0.0020325203252032522,0.0021008403361344537,185.0,0.7520325203252033
2020-11-21,desktop,google,organic,google / organic,Organic Search,Returning,68,60,4,4,8,552.0,0.058823529411764705,0.06666666666666667,69.0,8.117647058823529
2020-11-21,desktop,(data deleted),(data deleted),(data deleted) / (data deleted),Other,New,53,52,1,1,2,26.0,0.018867924528301886,0.019230769230769232,13.0,0.49056603773584906
2020-11-21,desktop,(data deleted),(data deleted),(data deleted) / (data deleted),Other,Returning,71,67,1,1,1,0.0,0.014084507042253521,0.014925373134328358,0.0,0.0
2020-11-21,desktop,<Other>,(data deleted),<Other> / (data deleted),Other,Returning,3,3,0,0,0,0.0,0.0,0.0,,0.0
2020-11-21,desktop,<Other>,<Other>,<Other> / <Other>,Other,New,255,251,1,1,2,240.0,0.00392156862745098,0.00398406374501992,120.0,0.9411764705882353
2020-11-21,desktop,<Other>,<Other>,<Other> / <Other>,Other,Returning,14,14,2,2,4,170.0,0.14285714285714285,0.14285714285714285,42.5,12.142857142857142
2020-11-21,desktop,google,cpc,google / cpc,Paid Search,New,81,81,0,0,0,0.0,0.0,0.0,,0.0
2020-11-21,desktop,google,cpc,google / cpc,Paid Search,Returning,3,3,0,0,0,0.0,0.0,0.0,,0.0
2020-11-21,desktop,<Other>,referral,<Other> / referral,Referral,New,139,136,5,5,10,1350.0,0.03597122302158273,0.03676470588235294,135.0,9.712230215827338
2020-11-21,desktop,<Other>,referral,<Other> / referral,Referral,Returning,39,37,1,1,2,120.0,0.02564102564102564,0.02702702702702703,60.0,3.076923076923077
2020-11-21,desktop,shop.googlemerchandisestore.com,referral,shop.googlemerchandisestore.com / referral,Referral,New,105,104,0,0,0,0.0,0.0,0.0,,0.0
2020-11-21,desktop,shop.googlemerchandisestore.com,referral,shop.googlemerchandisestore.com / referral,Referral,Returning,47,45,1,1,2,68.0,0.02127659574468085,0.022222222222222223,34.0,1.446808510638298
2020-11-21,mobile,(direct),(none),(direct) / (none),Direct,New,225,218,2,2,4,198.0,0.008888888888888889,0.009174311926605505,49.5,0.88
2020-11-21,mobile,(direct),(none),(direct) / (none),Direct,Returning,49,48,1,1,2,92.0,0.02040816326530612,0.020833333333333332,46.0,1.8775510204081634
2020-11-21,mobile,<Other>,organic,<Other> / organic,Organic Search,New,30,30,0,0,0,0.0,0.0,0.0,,0.0
2020-11-21,mobile,<Other>,organic,<Other> / organic,Organic Search,Returning,3,3,0,0,0,0.0,0.0,0.0,,0.0
2020-11-21,mobile,google,organic,google / organic,Organic Search,New,357,349,0,0,0,0.0,0.0,0.0,,0.0
2020-11-21,mobile,google,organic,google / organic,Organic Search,Returning,55,54,2,2,4,116.0,0.03636363636363636,0.037037037037037035,29.0,2.109090909090909
2020-11-21,mobile,(data deleted),(data deleted),(data deleted) / (data deleted),Other,New,39,38,0,0,0,0.0,0.0,0.0,,0.0
2020-11-21,mobile,(data deleted),(data deleted),(data deleted) / (data deleted),Other,Returning,56,53,1,1,2,60.0,0.017857142857142856,0.018867924528301886,30.0,1.0714285714285714
2020-11-21,mobile,<Other>,(data deleted),<Other> / (data deleted),Other,Returning,2,2,0,0,0,0.0,0.0,0.0,,0.0
2020-11-21,mobile,<Other>,<Other>,<Other> / <Other>,Other,New,163,163,0,0,0,0.0,0.0,0.0,,0.0
2020-11-21,mobile,<Other>,<Other>,<Other> / <Other>,Other,Returning,14,14,1,1,2,56.0,0.07142857142857142,0.07142857142857142,28.0,4.0
2020-11-21,mobile,google,cpc,google / cpc,Paid Search,New,56,56,3,3,6,210.0,0.05357142857142857,0.05357142857142857,35.0,3.75
2020-11-21,mobile,google,cpc,google / cpc,Paid Search,Returning,3,3,1,1,2,92.0,0.3333333333333333,0.3333333333333333,46.0,30.666666666666668
2020-11-21,mobile,<Other>,referral,<Other> / referral,Referral,New,90,89,1,1,2,96.0,0.011111111111111112,0.011235955056179775,48.0,1.0666666666666667
2020-11-21,mobile,<Other>,referral,<Other> / referral,Referral,Returning,21,20,1,1,2,56.0,0.047619047619047616,0.05,28.0,2.6666666666666665
2020-11-21,mobile,shop.googlemerchandisestore.com,referral,shop.googlemerchandisestore.com / referral,Referral,New,65,62,0,0,0,0.0,0.0,0.0,,0.0
2020-11-21,mobile,shop.googlemerchandisestore.com,referral,shop.googlemerchandisestore.com / referral,Referral,Returning,27,25,1,1,1,0.0,0.037037037037037035,0.04,0.0,0.0
2020-11-21,tablet,(direct),(none),(direct) / (none),Direct,New,12,12,1,1,2,44.0,0.08333333333333333,0.08333333333333333,22.0,3.6666666666666665
2020-11-21,tablet,(direct),(none),(direct) / (none),Direct,Returning,4,3,0,0,0,0.0,0.0,0.0,,0.0
2020-11-21,tablet,<Other>,organic,<Other> / organic,Organic Search,New,3,3,0,0,0,0.0,0.0,0.0,,0.0
2020-11-21,tablet,google,organic,google / organic,Organic Search,New,22,21,0,0,0,0.0,0.0,0.0,,0.0
2020-11-21,tablet,google,organic,google / organic,Organic Search,Returning,3,3,1,1,2,322.0,0.3333333333333333,0.3333333333333333,161.0,107.33333333333333
2020-11-21,tablet,(data deleted),(data deleted),(data deleted) / (data deleted),Other,New,5,5,0,0,0,0.0,0.0,0.0,,0.0
2020-11-21,tablet,(data deleted),(data deleted),(data deleted) / (data deleted),Other,Returning,5,5,0,0,0,0.0,0.0,0.0,,0.0
2020-11-21,tablet,<Other>,<Other>,<Other> / <Other>,Other,New,10,10,0,0,0,0.0,0.0,0.0,,0.0
2020-11-21,tablet,google,cpc,google / cpc,Paid Search,New,3,3,0,0,0,0.0,0.0,0.0,,0.0
2020-11-21,tablet,<Other>,referral,<Other> / referral,Referral,New,4,4,0,0,0,0.0,0.0,0.0,,0.0
2020-11-21,tablet,<Other>,referral,<Other> / referral,Referral,Returning,2,2,0,0,0,0.0,0.0,0.0,,0.0
2020-11-21,tablet,shop.googlemerchandisestore.com,referral,shop.googlemerchandisestore.com / referral,Referral,New,3,3,0,0,0,0.0,0.0,0.0,,0.0
2020-11-21,tablet,shop.googlemerchandisestore.com,referral,shop.googlemerchandisestore.com / referral,Referral,Returning,2,2,0,0,0,0.0,0.0,0.0,,0.0
2020-11-22,desktop,(direct),(none),(direct) / (none),Direct,New,299,291,3,3,8,516.0,0.010033444816053512,0.010309278350515464,64.5,1.725752508361204
2020-11-22,desktop,(direct),(none),(direct) / (none),Direct,Returning,66,61,0,0,0,0.0,0.0,0.0,,0.0
2020-11-22,desktop,<Other>,organic,<Other> / organic,Organic Search,New,34,34,0,0,0,0.0,0.0,0.0,,0.0
2020-11-22,desktop,<Other>,organic,<Other> / organic,Organic Search,Returning,4,4,0,0,0,0.0,0.0,0.0,,0.0
2020-11-22,desktop,google,organic,google / organic,Organic Search,New,472,460,3,3,8,230.0,0.006355932203389831,0.006521739130434782,28.75,0.4872881355932203
2020-11-22,desktop,google,organic,google / organic,Organic Search,Returning,58,53,0,0,0,0.0,0.0,0.0,,0.0
2020-11-22,desktop,(data deleted),(data deleted),(data deleted) / (data deleted),Other,New,46,42,2,2,4,120.0,0.043478260869565216,0.047619047619047616,30.0,2.608695652173913
2020-11-22,desktop,(data deleted),(data deleted),(data deleted) / (data deleted),Other,Returning,48,45,2,2,3,570.0,0.041666666666666664,0.044444444444444446,190.0,11.875
2020-11-22,desktop,<Other>,(data deleted),<Other> / (data deleted),Other,Returning,3,3,0,0,0,0.0,0.0,0.0,,0.0
2020-11-22,desktop,<Other>,<Other>,<Other> / <Other>,Other,New,218,217,0,0,0,0.0,0.0,0.0,,0.0
2020-11-22,desktop,<Other>,<Other>,<Other> / <Other>,Other,Returning,14,14,0,0,0,0.0,0.0,0.0,,0.0
2020-11-22,desktop,google,cpc,google / cpc,Paid Search,New,64,63,0,0,0,0.0,0.0,0.0,,0.0
2020-11-22,desktop,google,cpc,google / cpc,Paid Search,Returning,3,3,0,0,0,0.0,0.0,0.0,,0.0
2020-11-22,desktop,<Other>,referral,<Other> / referral,Referral,New,133,130,1,1,2,52.0,0.007518796992481203,0.007692307692307693,26.0,0.39097744360902253
2020-11-22,desktop,<Other>,referral,<Other> / referral,Referral,Returning,28,28,0,0,0,0.0,0.0,0.0,,0.0
2020-11-22,desktop,shop.googlemerchandisestore.com,referral,shop.googlemerchandisestore.com / referral,Referral,New,99,94,1,1,2,352.0,0.010101010101010102,0.010638297872340425,176.0,3.5555555555555554
2020-11-22,desktop,shop.googlemerchandisestore.com,referral,shop.googlemerchandisestore.com / referral,Referral,Returning,49,47,2,2,4,124.0,0.04081632653061224,0.0425531914893617,31.0,2.5306122448979593
2020-11-22,mobile,(direct),(none),(direct) / (none),Direct,New,208,200,2,2,4,262.0,0.009615384615384616,0.01,65.5,1.2596153846153846
2020-11-22,mobile,(direct),(none),(direct) / (none),Direct,Returning,47,47,0,0,0,0.0,0.0,0.0,,0.0
2020-11-22,mobile,<Other>,organic,<Other> / organic,Organic Search,New,23,23,0,0,0,0.0,0.0,0.0,,0.0
2020-11-22,mobile,google,organic,google / organic,Organic Search,New,261,252,5,5,10,318.0,0.019157088122605363,0.01984126984126984,31.8,1.2183908045977012
2020-11-22,mobile,google,organic,google / organic,Organic Search,Returning,38,32,3,3,6,206.0,0.07894736842105263,0.09375,34.333333333333336,5.421052631578948
2020-11-22,mobile,(data deleted),(data deleted),(data deleted) / (data deleted),Other,New,19,18,0,0,0,0.0,0.0,0.0,,0.0
2020-11-22,mobile,(data deleted),(data deleted),(data deleted) / (data deleted),Other,Returning,51,50,2,2,4,352.0,0.0392156862745098,0.04,88.0,6.901960784313726
2020-11-22,mobile,<Other>,<Other>,<Other> / <Other>,Other,New,124,123,2,2,3,290.0,0.016129032258064516,0.016260162601626018,96.66666666666667,2.338709677419355
2020-11-22,mobile,<Other>,<Other>,<Other> / <Other>,Other,Returning,7,7,0,0,0,0.0,0.0,0.0,,0.0
2020-11-22,mobile,google,cpc,google / cpc,Paid Search,New,34,34,0,0,0,0.0,0.0,0.0,,0.0
2020-11-22,mobile,google,cpc,google / cpc,Paid Search,Returning,3,3,0,0,0,0.0,0.0,0.0,,0.0
2020-11-22,mobile,<Other>,referral,<Other> / referral,Referral,New,80,78,0,0,0,0.0,0.0,0.0,,0.0
2020-11-22,mobile,<Other>,referral,<Other> / referral,Referral,Returning,17,17,0,0,0,0.0,0.0,0.0,,0.0
2020-11-22,mobile,shop.googlemerchandisestore.com,referral,shop.googlemerchandisestore.com / referral,Referral,New,53,53,1,1,2,36.0,0.018867924528301886,0.018867924528301886,18.0,0.6792452830188679
2020-11-22,mobile,shop.googlemerchandisestore.com,referral,shop.googlemerchandisestore.com / referral,Referral,Returning,25,23,0,0,0,0.0,0.0,0.0,,0.0
2020-11-22,tablet,(direct),(none),(direct) / (none),Direct,New,9,9,0,0,0,0.0,0.0,0.0,,0.0
2020-11-22,tablet,(direct),(none),(direct) / (none),Direct,Returning,4,4,0,0,0,0.0,0.0,0.0,,0.0
2020-11-22,tablet,<Other>,organic,<Other> / organic,Organic Search,New,3,3,0,0,0,0.0,0.0,0.0,,0.0
2020-11-22,tablet,google,organic,google / organic,Organic Search,New,16,16,0,0,0,0.0,0.0,0.0,,0.0
2020-11-22,tablet,google,organic,google / organic,Organic Search,Returning,2,2,0,0,0,0.0,0.0,0.0,,0.0
2020-11-22,tablet,(data deleted),(data deleted),(data deleted) / (data deleted),Other,Returning,4,4,0,0,0,0.0,0.0,0.0,,0.0
2020-11-22,tablet,<Other>,<Other>,<Other> / <Other>,Other,New,7,7,0,0,0,0.0,0.0,0.0,,0.0
2020-11-22,tablet,google,cpc,google / cpc,Paid Search,New,2,2,0,0,0,0.0,0.0,0.0,,0.0
2020-11-22,tablet,<Other>,referral,<Other> / referral,Referral,New,9,9,0,0,0,0.0,0.0,0.0,,0.0
2020-11-22,tablet,shop.googlemerchandisestore.com,referral,shop.googlemerchandisestore.com / referral,Referral,New,4,4,0,0,0,0.0,0.0,0.0,,0.0
2020-11-22,tablet,shop.googlemerchandisestore.com,referral,shop.googlemerchandisestore.com / referral,Referral,Returning,1,1,0,0,0,0.0,0.0,0.0,,0.0
2020-11-23,desktop,(direct),(none),(direct) / (none),Direct,New,458,441,3,3,6,328.0,0.006550218340611353,0.006802721088435374,54.666666666666664,0.7161572052401747
2020-11-23,desktop,(direct),(none),(direct) / (none),Direct,Returning,101,97,3,3,5,138.0,0.0297029702970297,0.030927835051546393,27.6,1.3663366336633664
2020-11-23,desktop,<Other>,organic,<Other> / organic,Organic Search,New,56,56,0,0,0,0.0,0.0,0.0,,0.0
2020-11-23,desktop,<Other>,organic,<Other> / organic,Organic Search,Returning,7,7,0,0,0,0.0,0.0,0.0,,0.0
2020-11-23,desktop,google,organic,google / organic,Organic Search,New,624,608,7,7,20,1018.0,0.011217948717948718,0.011513157894736841,50.9,1.6314102564102564
2020-11-23,desktop,google,organic,google / organic,Organic Search,Returning,99,91,2,2,4,112.0,0.020202020202020204,0.02197802197802198,28.0,1.1313131313131313
2020-11-23,desktop,(data deleted),(data deleted),(data deleted) / (data deleted),Other,New,65,65,2,2,4,262.0,0.03076923076923077,0.03076923076923077,65.5,4.030769230769231
2020-11-23,desktop,(data deleted),(data deleted),(data deleted) / (data deleted),Other,Returning,99,95,4,4,8,596.0,0.04040404040404041,0.042105263157894736,74.5,6.02020202020202
2020-11-23,desktop,<Other>,(data deleted),<Other> / (data deleted),Other,New,1,1,0,0,0,0.0,0.0,0.0,,0.0
2020-11-23,desktop,<Other>,(data deleted),<Other> / (data deleted),Other,Returning,3,3,0,0,0,0.0,0.0,0.0,,0.0
2020-11-23,desktop,<Other>,<Other>,<Other> / <Other>,Other,New,285,281,2,2,6,60.0,0.007017543859649123,0.0071174377224199285,10.0,0.21052631578947367
2020-11-23,desktop,<Other>,<Other>,<Other> / <Other>,Other,Returning,15,15,0,0,0,0.0,0.0,0.0,,0.0
2020-11-23,desktop,google,cpc,google / cpc,Paid Search,New,87,87,0,0,0,0.0,0.0,0.0,,0.0
2020-11-23,desktop,google,cpc,google / cpc,Paid Search,Returning,7,7,1,1,2,26.0,0.14285714285714285,0.14285714285714285,13.0,3.7142857142857144
2020-11-23,desktop,<Other>,referral,<Other> / referral,Referral,New,163,157,0,0,0,0.0,0.0,0.0,,0.0
2020-11-23,desktop,<Other>,referral,<Other> / referral,Referral,Returning,45,45,3,3,6,670.0,0.06666666666666667,0.06666666666666667,111.66666666666667,14.88888888888889
2020-11-23,desktop,shop.googlemerchandisestore.com,referral,shop.googlemerchandisestore.com / referral,Referral,New,115,108,3,3,8,546.0,0.02608695652173913,0.027777777777777776,68.25,4.747826086956522
2020-11-23,desktop,shop.googlemerchandisestore.com,referral,shop.googlemerchandisestore.com / referral,Referral,Returning,52,49,2,2,4,202.0,0.038461538461538464,0.04081632653061224,50.5,3.8846153846153846
2020-11-23,mobile,(direct),(none),(direct) / (none),Direct,New,302,298,4,4,8,1214.0,0.013245033112582781,0.013422818791946308,151.75,4.0198675496688745
2020-11-23,mobile,(direct),(none),(direct) / (none),Direct,Returning,71,67,2,2,4,470.0,0.028169014084507043,0.029850746268656716,117.5,6.619718309859155
2020-11-23,mobile,<Other>,organic,<Other> / organic,Organic Search,New,30,30,0,0,0,0.0,0.0,0.0,,0.0
2020-11-23,mobile,<Other>,organic,<Other> / organic,Organic Search,Returning,2,2,0,0,0,0.0,0.0,0.0,,0.0
2020-11-23,mobile,google,organic,google / organic,Organic Search,New,404,393,4,4,7,406.0,0.009900990099009901,0.010178117048346057,58.0,1.004950495049505
2020-11-23,mobile,google,organic,google / organic,Organic Search,Returning,80,76,2,2,4,190.0,0.025,0.02631578947368421,47.5,2.375
2020-11-23,mobile,(data deleted),(data deleted),(data deleted) / (data deleted),Other,New,65,62,2,2,4,154.0,0.03076923076923077,0.03225806451612903,38.5,2.3692307692307693
2020-11-23,mobile,(data deleted),(data deleted),(data deleted) / (data deleted),Other,Returning,77,73,1,1,2,92.0,0.012987012987012988,0.0136986301369863,46.0,1.1948051948051948
2020-11-23,mobile,<Other>,(data deleted),<Other> / (data deleted),Other,Returning,2,2,0,0,0,0.0,0.0,0.0,,0.0
2020-11-23,mobile,<Other>,<Other>,<Other> / <Other>,Other,New,200,200,4,4,8,304.0,0.02,0.02,38.0,1.52
2020-11-23,mobile,<Other>,<Other>,<Other> / <Other>,Other,Returning,19,18,1,1,12,456.0,0.05263157894736842,0.05555555555555555,38.0,24.0
2020-11-23,mobile,google,cpc,google / cpc,Paid Search,New,54,54,0,0,0,0.0,0.0,0.0,,0.0
2020-11-23,mobile,google,cpc,google / cpc,Paid Search,Returning,6,6,2,2,4,242.0,0.3333333333333333,0.3333333333333333,60.5,40.333333333333336
2020-11-23,mobile,<Other>,referral,<Other> / referral,Referral,New,109,106,2,2,4,134.0,0.01834862385321101,0.018867924528301886,33.5,1.2293577981651376
2020-11-23,mobile,<Other>,referral,<Other> / referral,Referral,Returning,35,34,0,0,0,0.0,0.0,0.0,,0.0
2020-11-23,mobile,shop.googlemerchandisestore.com,referral,shop.googlemerchandisestore.com / referral,Referral,New,96,94,1,1,2,56.0,0.010416666666666666,0.010638297872340425,28.0,0.5833333333333334
2020-11-23,mobile,shop.googlemerchandisestore.com,referral,shop.googlemerchandisestore.com / referral,Referral,Returning,47,47,1,1,2,28.0,0.02127659574468085,0.02127659574468085,14.0,0.5957446808510638
2020-11-23,tablet,(direct),(none),(direct) / (none),Direct,New,20,20,0,0,0,0.0,0.0,0.0,,0.0
2020-11-23,tablet,(direct),(none),(direct) / (none),Direct,Returning,2,2,0,0,0,0.0,0.0,0.0,,0.0
2020-11-23,tablet,<Other>,organic,<Other> / organic,Organic Search,New,2,2,0,0,0,0.0,0.0,0.0,,0.0
2020-11-23,tablet,google,organic,google / organic,Organic Search,New,28,28,1,1,1,0.0,0.03571428571428571,0.03571428571428571,0.0,0.0
2020-11-23,tablet,google,organic,google / organic,Organic Search,Returning,3,3,1,1,2,344.0,0.3333333333333333,0.3333333333333333,172.0,114.66666666666667
2020-11-23,tablet,(data deleted),(data deleted),(data deleted) / (data deleted),Other,Returning,2,2,0,0,0,0.0,0.0,0.0,,0.0
2020-11-23,tablet,<Other>,<Other>,<Other> / <Other>,Other,New,11,11,0,0,0,0.0,0.0,0.0,,0.0
2020-11-23,tablet,google,cpc,google / cpc,Paid Search,New,1,1,0,0,0,0.0,0.0,0.0,,0.0
2020-11-23,tablet,google,cpc,google / cpc,Paid Search,Returning,1,1,0,0,0,0.0,0.0,0.0,,0.0
2020-11-23,tablet,<Other>,referral,<Other> / referral,Referral,New,6,6,0,0,0,0.0,0.0,0.0,,0.0
2020-11-23,tablet,<Other>,referral,<Other> / referral,Referral,Returning,2,2,0,0,0,0.0,0.0,0.0,,0.0
2020-11-23,tablet,shop.googlemerchandisestore.com,referral,shop.googlemerchandisestore.com / referral,Referral,New,6,5,1,1,2,386.0,0.16666666666666666,0.2,193.0,64.33333333333333
2020-11-23,tablet,shop.googlemerchandisestore.com,referral,shop.googlemerchandisestore.com / referral,Referral,Returning,3,3,1,1,2,48.0,0.3333333333333333,0.3333333333333333,24.0,16.0
2020-11-24,desktop,(direct),(none),(direct) / (none),Direct,New,482,470,12,12,17,1204.0,0.024896265560165973,0.02553191489361702,70.82352941176471,2.4979253112033195
2020-11-24,desktop,(direct),(none),(direct) / (none),Direct,Returning,99,92,4,4,8,376.0,0.04040404040404041,0.043478260869565216,47.0,3.797979797979798
2020-11-24,desktop,<Other>,organic,<Other> / organic,Organic Search,New,62,61,3,3,5,786.0,0.04838709677419355,0.04918032786885246,157.2,12.67741935483871
2020-11-24,desktop,<Other>,organic,<Other> / organic,Organic Search,Returning,13,13,1,1,1,61.0,0.07692307692307693,0.07692307692307693,61.0,4.6923076923076925
2020-11-24,desktop,google,organic,google / organic,Organic Search,New,701,684,16,16,21,1597.0,0.02282453637660485,0.023391812865497075,76.04761904761905,2.2781740370898715
2020-11-24,desktop,google,organic,google / organic,Organic Search,Returning,123,115,2,2,3,178.0,0.016260162601626018,0.017391304347826087,59.333333333333336,1.4471544715447155
2020-11-24,desktop,(data deleted),(data deleted),(data deleted) / (data deleted),Other,New,82,82,5,5,7,307.0,0.06097560975609756,0.06097560975609756,43.857142857142854,3.7439024390243905
2020-11-24,desktop,(data deleted),(data deleted),(data deleted) / (data deleted),Other,Returning,106,101,4,4,5,297.0,0.03773584905660377,0.039603960396039604,59.4,2.80188679245283
2020-11-24,desktop,<Other>,(data deleted),<Other> / (data deleted),Other,New,2,2,0,0,0,0.0,0.0,0.0,,0.0
2020-11-24,desktop,<Other>,<Other>,<Other> / <Other>,Other,New,293,290,3,3,3,272.0,0.010238907849829351,0.010344827586206896,90.66666666666667,0.9283276450511946
2020-11-24,desktop,<Other>,<Other>,<Other> / <Other>,Other,Returning,30,29,2,2,3,184.0,0.06666666666666667,0.06896551724137931,61.333333333333336,6.133333333333334
2020-11-24,desktop,google,cpc,google / cpc,Paid Search,New,92,92,1,1,1,22.0,0.010869565217391304,0.010869565217391304,22.0,0.2391304347826087
2020-11-24,desktop,google,cpc,google / cpc,Paid Search,Returning,8,8,1,1,1,16.0,0.125,0.125,16.0,2.0
2020-11-24,desktop,<Other>,referral,<Other> / referral,Referral,New,209,205,2,2,2,83.0,0.009569377990430622,0.00975609756097561,41.5,0.39712918660287083
2020-11-24,desktop,<Other>,referral,<Other> / referral,Referral,Returning,50,48,0,0,0,0.0,0.0,0.0,,0.0
2020-11-24,desktop,shop.googlemerchandisestore.com,referral,shop.googlemerchandisestore.com / referral,Referral,New,152,148,2,2,2,185.0,0.013157894736842105,0.013513513513513514,92.5,1.2171052631578947
2020-11-24,desktop,shop.googlemerchandisestore.com,referral,shop.googlemerchandisestore.com / referral,Referral,Returning,92,92,1,1,6,264.0,0.010869565217391304,0.010869565217391304,44.0,2.869565217391304
2020-11-24,mobile,(direct),(none),(direct) / (none),Direct,New,290,281,6,6,8,351.0,0.020689655172413793,0.021352313167259787,43.875,1.210344827586207
2020-11-24,mobile,(direct),(none),(direct) / (none),Direct,Returning,100,96,4,4,5,572.0,0.04,0.041666666666666664,114.4,5.72
2020-11-24,mobile,<Other>,organic,<Other> / organic,Organic Search,New,41,41,1,1,1,280.0,0.024390243902439025,0.024390243902439025,280.0,6.829268292682927
2020-11-24,mobile,<Other>,organic,<Other> / organic,Organic Search,Returning,6,5,0,0,0,0.0,0.0,0.0,,0.0
2020-11-24,mobile,google,organic,google / organic,Organic Search,New,451,435,5,5,8,906.0,0.011086474501108648,0.011494252873563218,113.25,2.008869179600887
2020-11-24,mobile,google,organic,google / organic,Organic Search,Returning,80,75,1,1,6,176.0,0.0125,0.013333333333333334,29.333333333333332,2.2
2020-11-24,mobile,(data deleted),(data deleted),(data deleted) / (data deleted),Other,New,68,66,0,0,0,0.0,0.0,0.0,,0.0
2020-11-24,mobile,(data deleted),(data deleted),(data deleted) / (data deleted),Other,Returning,74,70,5,5,10,1058.0,0.06756756756756757,0.07142857142857142,105.8,14.297297297297296
2020-11-24,mobile,<Other>,(data deleted),<Other> / (data deleted),Other,New,2,2,0,0,0,0.0,0.0,0.0,,0.0
2020-11-24,mobile,<Other>,(data deleted),<Other> / (data deleted),Other,Returning,2,2,0,0,0,0.0,0.0,0.0,,0.0
2020-11-24,mobile,<Other>,<Other>,<Other> / <Other>,Other,New,204,202,2,2,3,172.0,0.00980392156862745,0.009900990099009901,57.333333333333336,0.8431372549019608
2020-11-24,mobile,<Other>,<Other>,<Other> / <Other>,Other,Returning,24,24,1,1,2,88.0,0.041666666666666664,0.041666666666666664,44.0,3.6666666666666665
2020-11-24,mobile,google,cpc,google / cpc,Paid Search,New,57,57,0,0,0,0.0,0.0,0.0,,0.0
2020-11-24,mobile,google,cpc,google / cpc,Paid Search,Returning,3,3,0,0,0,0.0,0.0,0.0,,0.0
2020-11-24,mobile,<Other>,referral,<Other> / referral,Referral,New,137,133,5,5,8,237.0,0.0364963503649635,0.03759398496240601,29.625,1.72992700729927
2020-11-24,mobile,<Other>,referral,<Other> / referral,Referral,Returning,46,46,2,2,3,151.0,0.043478260869565216,0.043478260869565216,50.333333333333336,3.282608695652174
2020-11-24,mobile,shop.googlemerchandisestore.com,referral,shop.googlemerchandisestore.com / referral,Referral,New,108,106,2,2,2,83.0,0.018518518518518517,0.018867924528301886,41.5,0.7685185185185185
2020-11-24,mobile,shop.googlemerchandisestore.com,referral,shop.googlemerchandisestore.com / referral,Referral,Returning,62,61,3,3,5,379.0,0.04838709677419355,0.04918032786885246,75.8,6.112903225806452
2020-11-24,tablet,(direct),(none),(direct) / (none),Direct,New,17,17,0,0,0,0.0,0.0,0.0,,0.0
2020-11-24,tablet,(direct),(none),(direct) / (none),Direct,Returning,4,4,0,0,0,0.0,0.0,0.0,,0.0
2020-11-24,tablet,<Other>,organic,<Other> / organic,Organic Search,New,5,5,0,0,0,0.0,0.0,0.0,,0.0
2020-11-24,tablet,google,organic,google / organic,Organic Search,New,17,17,0,0,0,0.0,0.0,0.0,,0.0
2020-11-24,tablet,google,organic,google / organic,Organic Search,Returning,6,5,0,0,0,0.0,0.0,0.0,,0.0
2020-11-24,tablet,(data deleted),(data deleted),(data deleted) / (data deleted),Other,New,4,3,0,0,0,0.0,0.0,0.0,,0.0
2020-11-24,tablet,(data deleted),(data deleted),(data deleted) / (data deleted),Other,Returning,3,3,0,0,0,0.0,0.0,0.0,,0.0
2020-11-24,tablet,<Other>,<Other>,<Other> / <Other>,Other,New,5,5,0,0,0,0.0,0.0,0.0,,0.0
2020-11-24,tablet,<Other>,<Other>,<Other> / <Other>,Other,Returning,2,2,1,1,1,60.0,0.5,0.5,60.0,30.0
2020-11-24,tablet,google,cpc,google / cpc,Paid Search,New,2,2,0,0,0,0.0,0.0,0.0,,0.0
2020-11-24,tablet,google,cpc,google / cpc,Paid Search,Returning,1,1,0,0,0,0.0,0.0,0.0,,0.0
2020-11-24,tablet,<Other>,referral,<Other> / referral,Referral,New,13,13,0,0,0,0.0,0.0,0.0,,0.0
2020-11-24,tablet,shop.googlemerchandisestore.com,referral,shop.googlemerchandisestore.com / referral,Referral,New,8,8,0,0,0,0.0,0.0,0.0,,0.0
2020-11-24,tablet,shop.googlemerchandisestore.com,referral,shop.googlemerchandisestore.com / referral,Referral,Returning,3,3,0,0,0,0.0,0.0,0.0,,0.0
2020-11-25,desktop,(direct),(none),(direct) / (none),Direct,New,508,487,5,5,6,337.0,0.00984251968503937,0.01026694045174538,56.166666666666664,0.6633858267716536
2020-11-25,desktop,(direct),(none),(direct) / (none),Direct,Returning,110,104,5,5,5,934.0,0.045454545454545456,0.04807692307692308,186.8,8.49090909090909
2020-11-25,desktop,<Other>,organic,<Other> / organic,Organic Search,New,67,67,0,0,0,0.0,0.0,0.0,,0.0
2020-11-25,desktop,<Other>,organic,<Other> / organic,Organic Search,Returning,3,3,0,0,0,0.0,0.0,0.0,,0.0
2020-11-25,desktop,google,organic,google / organic,Organic Search,New,714,694,7,7,9,458.0,0.00980392156862745,0.010086455331412104,50.888888888888886,0.6414565826330533
2020-11-25,desktop,google,organic,google / organic,Organic Search,Returning,115,106,5,5,5,397.0,0.043478260869565216,0.04716981132075472,79.4,3.4521739130434783
2020-11-25,desktop,(data deleted),(data deleted),(data deleted) / (data deleted),Other,New,112,105,5,5,6,285.0,0.044642857142857144,0.047619047619047616,47.5,2.544642857142857
2020-11-25,desktop,(data deleted),(data deleted),(data deleted) / (data deleted),Other,Returning,127,115,5,5,6,399.0,0.03937007874015748,0.043478260869565216,66.5,3.141732283464567
2020-11-25,desktop,<Other>,(data deleted),<Other> / (data deleted),Other,New,2,2,0,0,0,0.0,0.0,0.0,,0.0
2020-11-25,desktop,<Other>,(data deleted),<Other> / (data deleted),Other,Returning,2,2,0,0,0,0.0,0.0,0.0,,0.0
2020-11-25,desktop,<Other>,<Other>,<Other> / <Other>,Other,New,321,321,2,2,2,240.0,0.006230529595015576,0.006230529595015576,120.0,0.7476635514018691
2020-11-25,desktop,<Other>,<Other>,<Other> / <Other>,Other,Returning,29,29,3,3,12,705.0,0.10344827586206896,0.10344827586206896,58.75,24.310344827586206
2020-11-25,desktop,google,cpc,google / cpc,Paid Search,New,104,104,0,0,0,0.0,0.0,0.0,,0.0
2020-11-25,desktop,google,cpc,google / cpc,Paid Search,Returning,9,8,0,0,0,0.0,0.0,0.0,,0.0
2020-11-25,desktop,<Other>,referral,<Other> / referral,Referral,New,183,180,2,2,2,163.0,0.01092896174863388,0.011111111111111112,81.5,0.8907103825136612
2020-11-25,desktop,<Other>,referral,<Other> / referral,Referral,Returning,61,60,3,3,3,147.0,0.04918032786885246,0.05,49.0,2.4098360655737703
2020-11-25,desktop,shop.googlemerchandisestore.com,referral,shop.googlemerchandisestore.com / referral,Referral,New,145,143,2,2,3,78.0,0.013793103448275862,0.013986013986013986,26.0,0.5379310344827586
2020-11-25,desktop,shop.googlemerchandisestore.com,referral,shop.googlemerchandisestore.com / referral,Referral,Returning,87,84,4,4,6,267.0,0.04597701149425287,0.047619047619047616,44.5,3.0689655172413794
2020-11-25,mobile,(direct),(none),(direct) / (none),Direct,New,335,321,3,3,3,90.0,0.008955223880597015,0.009345794392523364,30.0,0.26865671641791045
2020-11-25,mobile,(direct),(none),(direct) / (none),Direct,Returning,76,73,2,2,3,454.0,0.02631578947368421,0.0273972602739726,151.33333333333334,5.973684210526316
2020-11-25,mobile,<Other>,organic,<Other> / organic,Organic Search,New,35,35,0,0,0,0.0,0.0,0.0,,0.0
2020-11-25,mobile,<Other>,organic,<Other> / organic,Organic Search,Returning,1,1,0,0,0,0.0,0.0,0.0,,0.0
2020-11-25,mobile,google,organic,google / organic,Organic Search,New,454,448,7,7,9,1150.0,0.015418502202643172,0.015625,127.77777777777777,2.5330396475770924
2020-11-25,mobile,google,organic,google / organic,Organic Search,Returning,89,85,3,3,3,250.0,0.033707865168539325,0.03529411764705882,83.33333333333333,2.808988764044944
2020-11-25,mobile,(data deleted),(data deleted),(data deleted) / (data deleted),Other,New,54,54,2,2,2,77.0,0.037037037037037035,0.037037037037037035,38.5,1.4259259259259258
2020-11-25,mobile,(data deleted),(data deleted),(data deleted) / (data deleted),Other,Returning,71,68,7,7,7,488.0,0.09859154929577464,0.10294117647058823,69.71428571428571,6.873239436619718
2020-11-25,mobile,<Other>,(data deleted),<Other> / (data deleted),Other,New,1,1,0,0,0,0.0,0.0,0.0,,0.0
2020-11-25,mobile,<Other>,(data deleted),<Other> / (data deleted),Other,Returning,1,1,0,0,0,0.0,0.0,0.0,,0.0
2020-11-25,mobile,<Other>,<Other>,<Other> / <Other>,Other,New,243,240,1,1,1,92.0,0.00411522633744856,0.004166666666666667,92.0,0.3786008230452675
2020-11-25,mobile,<Other>,<Other>,<Other> / <Other>,Other,Returning,18,18,1,1,1,32.0,0.05555555555555555,0.05555555555555555,32.0,1.7777777777777777
2020-11-25,mobile,google,cpc,google / cpc,Paid Search,New,69,69,1,1,1,26.0,0.014492753623188406,0.014492753623188406,26.0,0.37681159420289856
2020-11-25,mobile,google,cpc,google / cpc,Paid Search,Returning,5,5,0,0,0,0.0,0.0,0.0,,0.0
2020-11-25,mobile,<Other>,referral,<Other> / referral,Referral,New,161,160,1,1,1,133.0,0.006211180124223602,0.00625,133.0,0.8260869565217391
2020-11-25,mobile,<Other>,referral,<Other> / referral,Referral,Returning,47,47,3,3,3,45.0,0.06382978723404255,0.06382978723404255,15.0,0.9574468085106383
2020-11-25,mobile,shop.googlemerchandisestore.com,referral,shop.googlemerchandisestore.com / referral,Referral,New,95,95,1,1,1,265.0,0.010526315789473684,0.010526315789473684,265.0,2.789473684210526
2020-11-25,mobile,shop.googlemerchandisestore.com,referral,shop.googlemerchandisestore.com / referral,Referral,Returning,70,68,5,5,7,548.0,0.07142857142857142,0.07352941176470588,78.28571428571429,7.828571428571428
2020-11-25,tablet,(direct),(none),(direct) / (none),Direct,New,10,10,0,0,0,0.0,0.0,0.0,,0.0
2020-11-25,tablet,(direct),(none),(direct) / (none),Direct,Returning,4,4,0,0,0,0.0,0.0,0.0,,0.0
2020-11-25,tablet,<Other>,organic,<Other> / organic,Organic Search,New,3,3,0,0,0,0.0,0.0,0.0,,0.0
2020-11-25,tablet,google,organic,google / organic,Organic Search,New,21,21,0,0,0,0.0,0.0,0.0,,0.0
2020-11-25,tablet,google,organic,google / organic,Organic Search,Returning,9,8,0,0,0,0.0,0.0,0.0,,0.0
2020-11-25,tablet,(data deleted),(data deleted),(data deleted) / (data deleted),Other,New,4,4,0,0,0,0.0,0.0,0.0,,0.0
2020-11-25,tablet,(data deleted),(data deleted),(data deleted) / (data deleted),Other,Returning,7,7,1,1,1,61.0,0.14285714285714285,0.14285714285714285,61.0,8.714285714285714
2020-11-25,tablet,<Other>,<Other>,<Other> / <Other>,Other,New,11,11,0,0,0,0.0,0.0,0.0,,0.0
2020-11-25,tablet,<Other>,<Other>,<Other> / <Other>,Other,Returning,2,2,0,0,0,0.0,0.0,0.0,,0.0
2020-11-25,tablet,google,cpc,google / cpc,Paid Search,New,4,4,0,0,0,0.0,0.0,0.0,,0.0
2020-11-25,tablet,<Other>,referral,<Other> / referral,Referral,New,11,11,0,0,0,0.0,0.0,0.0,,0.0
2020-11-25,tablet,<Other>,referral,<Other> / referral,Referral,Returning,3,3,0,0,0,0.0,0.0,0.0,,0.0
2020-11-25,tablet,shop.googlemerchandisestore.com,referral,shop.googlemerchandisestore.com / referral,Referral,New,4,4,0,0,0,0.0,0.0,0.0,,0.0
2020-11-25,tablet,shop.googlemerchandisestore.com,referral,shop.googlemerchandisestore.com / referral,Referral,Returning,2,2,0,0,0,0.0,0.0,0.0,,0.0
2020-11-26,desktop,(direct),(none),(direct) / (none),Direct,New,441,428,2,2,2,128.0,0.0045351473922902496,0.004672897196261682,64.0,0.29024943310657597
2020-11-26,desktop,(direct),(none),(direct) / (none),Direct,Returning,88,83,2,2,2,138.0,0.022727272727272728,0.024096385542168676,69.0,1.5681818181818181
2020-11-26,desktop,<Other>,organic,<Other> / organic,Organic Search,New,52,52,1,1,1,71.0,0.019230769230769232,0.019230769230769232,71.0,1.3653846153846154
2020-11-26,desktop,<Other>,organic,<Other> / organic,Organic Search,Returning,1,1,0,0,0,0.0,0.0,0.0,,0.0
2020-11-26,desktop,google,organic,google / organic,Organic Search,New,668,649,9,9,9,485.0,0.01347305389221557,0.01386748844375963,53.888888888888886,0.7260479041916168
2020-11-26,desktop,google,organic,google / organic,Organic Search,Returning,71,68,3,3,4,213.0,0.04225352112676056,0.04411764705882353,53.25,3.0
2020-11-26,desktop,(data deleted),(data deleted),(data deleted) / (data deleted),Other,New,66,62,1,1,1,93.0,0.015151515151515152,0.016129032258064516,93.0,1.4090909090909092
2020-11-26,desktop,(data deleted),(data deleted),(data deleted) / (data deleted),Other,Returning,106,102,2,2,2,46.0,0.018867924528301886,0.0196078431372549,23.0,0.4339622641509434
2020-11-26,desktop,<Other>,(data deleted),<Other> / (data deleted),Other,New,3,3,0,0,0,0.0,0.0,0.0,,0.0
2020-11-26,desktop,<Other>,(data deleted),<Other> / (data deleted),Other,Returning,3,3,0,0,0,0.0,0.0,0.0,,0.0
2020-11-26,desktop,<Other>,<Other>,<Other> / <Other>,Other,New,343,342,1,1,1,0.0,0.0029154518950437317,0.0029239766081871343,0.0,0.0
2020-11-26,desktop,<Other>,<Other>,<Other> / <Other>,Other,Returning,18,18,2,2,2,27.0,0.1111111111111111,0.1111111111111111,13.5,1.5
2020-11-26,desktop,google,cpc,google / cpc,Paid Search,New,82,81,1,1,1,12.0,0.012195121951219513,0.012345679012345678,12.0,0.14634146341463414
2020-11-26,desktop,google,cpc,google / cpc,Paid Search,Returning,10,10,0,0,0,0.0,0.0,0.0,,0.0
2020-11-26,desktop,<Other>,referral,<Other> / referral,Referral,New,184,182,3,3,3,339.0,0.016304347826086956,0.016483516483516484,113.0,1.8423913043478262
2020-11-26,desktop,<Other>,referral,<Other> / referral,Referral,Returning,44,43,0,0,0,0.0,0.0,0.0,,0.0
2020-11-26,desktop,shop.googlemerchandisestore.com,referral,shop.googlemerchandisestore.com / referral,Referral,New,134,131,1,1,1,25.0,0.007462686567164179,0.007633587786259542,25.0,0.1865671641791045
2020-11-26,desktop,shop.googlemerchandisestore.com,referral,shop.googlemerchandisestore.com / referral,Referral,Returning,66,64,1,1,1,25.0,0.015151515151515152,0.015625,25.0,0.3787878787878788
2020-11-26,mobile,(direct),(none),(direct) / (none),Direct,New,372,362,2,2,2,89.0,0.005376344086021506,0.0055248618784530384,44.5,0.239247311827957
2020-11-26,mobile,(direct),(none),(direct) / (none),Direct,Returning,77,71,2,2,2,43.0,0.025974025974025976,0.028169014084507043,21.5,0.5584415584415584
2020-11-26,mobile,<Other>,organic,<Other> / organic,Organic Search,New,47,47,2,2,2,212.0,0.0425531914893617,0.0425531914893617,106.0,4.51063829787234
2020-11-26,mobile,<Other>,organic,<Other> / organic,Organic Search,Returning,3,3,0,0,0,0.0,0.0,0.0,,0.0
2020-11-26,mobile,google,organic,google / organic,Organic Search,New,461,443,7,7,7,1200.0,0.015184381778741865,0.01580135440180587,171.42857142857142,2.6030368763557483
2020-11-26,mobile,google,organic,google / organic,Organic Search,Returning,66,63,2,2,2,133.0,0.030303030303030304,0.031746031746031744,66.5,2.015151515151515
2020-11-26,mobile,(data deleted),(data deleted),(data deleted) / (data deleted),Other,New,48,46,1,1,1,266.0,0.020833333333333332,0.021739130434782608,266.0,5.541666666666667
2020-11-26,mobile,(data deleted),(data deleted),(data deleted) / (data deleted),Other,Returning,72,71,0,0,0,0.0,0.0,0.0,,0.0
2020-11-26,mobile,<Other>,(data deleted),<Other> / (data deleted),Other,New,1,1,0,0,0,0.0,0.0,0.0,,0.0
2020-11-26,mobile,<Other>,(data deleted),<Other> / (data deleted),Other,Returning,2,2,0,0,0,0.0,0.0,0.0,,0.0
2020-11-26,mobile,<Other>,<Other>,<Other> / <Other>,Other,New,222,222,2,2,2,93.0,0.009009009009009009,0.009009009009009009,46.5,0.4189189189189189
2020-11-26,mobile,<Other>,<Other>,<Other> / <Other>,Other,Returning,17,17,2,2,2,236.0,0.11764705882352941,0.11764705882352941,118.0,13.882352941176471
2020-11-26,mobile,google,cpc,google / cpc,Paid Search,New,56,56,1,1,1,34.0,0.017857142857142856,0.017857142857142856,34.0,0.6071428571428571
2020-11-26,mobile,google,cpc,google / cpc,Paid Search,Returning,4,4,0,0,0,0.0,0.0,0.0,,0.0
2020-11-26,mobile,<Other>,referral,<Other> / referral,Referral,New,100,100,0,0,0,0.0,0.0,0.0,,0.0
2020-11-26,mobile,<Other>,referral,<Other> / referral,Referral,Returning,34,33,3,3,3,125.0,0.08823529411764706,0.09090909090909091,41.666666666666664,3.676470588235294
2020-11-26,mobile,shop.googlemerchandisestore.com,referral,shop.googlemerchandisestore.com / referral,Referral,New,79,72,1,1,2,45.0,0.012658227848101266,0.013888888888888888,22.5,0.569620253164557
2020-11-26,mobile,shop.googlemerchandisestore.com,referral,shop.googlemerchandisestore.com / referral,Referral,Returning,52,50,0,0,0,0.0,0.0,0.0,,0.0
2020-11-26,tablet,(direct),(none),(direct) / (none),Direct,New,14,14,0,0,0,0.0,0.0,0.0,,0.0
2020-11-26,tablet,(direct),(none),(direct) / (none),Direct,Returning,3,3,1,1,1,55.0,0.3333333333333333,0.3333333333333333,55.0,18.333333333333332
2020-11-26,tablet,<Other>,organic,<Other> / organic,Organic Search,New,3,3,0,0,0,0.0,0.0,0.0,,0.0
2020-11-26,tablet,google,organic,google / organic,Organic Search,New,26,26,0,0,0,0.0,0.0,0.0,,0.0
2020-11-26,tablet,google,organic,google / organic,Organic Search,Returning,5,5,0,0,0,0.0,0.0,0.0,,0.0
2020-11-26,tablet,(data deleted),(data deleted),(data deleted) / (data deleted),Other,New,5,5,0,0,0,0.0,0.0,0.0,,0.0
2020-11-26,tablet,(data deleted),(data deleted),(data deleted) / (data deleted),Other,Returning,5,5,0,0,0,0.0,0.0,0.0,,0.0
2020-11-26,tablet,<Other>,<Other>,<Other> / <Other>,Other,New,10,10,0,0,0,0.0,0.0,0.0,,0.0
2020-11-26,tablet,<Other>,<Other>,<Other> / <Other>,Other,Returning,2,2,0,0,0,0.0,0.0,0.0,,0.0
2020-11-26,tablet,google,cpc,google / cpc,Paid Search,New,3,3,0,0,0,0.0,0.0,0.0,,0.0
2020-11-26,tablet,<Other>,referral,<Other> / referral,Referral,New,12,12,0,0,0,0.0,0.0,0.0,,0.0
2020-11-26,tablet,<Other>,referral,<Other> / referral,Referral,Returning,4,3,0,0,0,0.0,0.0,0.0,,0.0
2020-11-26,tablet,shop.googlemerchandisestore.com,referral,shop.googlemerchandisestore.com / referral,Referral,New,2,2,0,0,0,0.0,0.0,0.0,,0.0
2020-11-26,tablet,shop.googlemerchandisestore.com,referral,shop.googlemerchandisestore.com / referral,Referral,Returning,3,3,0,0,0,0.0,0.0,0.0,,0.0
2020-11-27,desktop,(direct),(none),(direct) / (none),Direct,New,425,414,7,7,7,298.0,0.01647058823529412,0.016908212560386472,42.57142857142857,0.7011764705882353
2020-11-27,desktop,(direct),(none),(direct) / (none),Direct,Returning,94,90,2,2,2,246.0,0.02127659574468085,0.022222222222222223,123.0,2.617021276595745
2020-11-27,desktop,<Other>,organic,<Other> / organic,Organic Search,New,65,64,0,0,0,0.0,0.0,0.0,,0.0
2020-11-27,desktop,<Other>,organic,<Other> / organic,Organic Search,Returning,9,9,0,0,0,0.0,0.0,0.0,,0.0
2020-11-27,desktop,google,organic,google / organic,Organic Search,New,590,576,4,4,4,172.0,0.006779661016949152,0.006944444444444444,43.0,0.29152542372881357
2020-11-27,desktop,google,organic,google / organic,Organic Search,Returning,99,89,3,3,3,293.0,0.030303030303030304,0.033707865168539325,97.66666666666667,2.95959595959596
2020-11-27,desktop,(data deleted),(data deleted),(data deleted) / (data deleted),Other,New,64,62,3,3,3,240.0,0.046875,0.04838709677419355,80.0,3.75
2020-11-27,desktop,(data deleted),(data deleted),(data deleted) / (data deleted),Other,Returning,89,87,10,10,11,581.0,0.11235955056179775,0.11494252873563218,52.81818181818182,6.52808988764045
2020-11-27,desktop,<Other>,(data deleted),<Other> / (data deleted),Other,New,1,1,0,0,0,0.0,0.0,0.0,,0.0
2020-11-27,desktop,<Other>,(data deleted),<Other> / (data deleted),Other,Returning,4,4,1,1,1,72.0,0.25,0.25,72.0,18.0
2020-11-27,desktop,<Other>,<Other>,<Other> / <Other>,Other,New,336,332,5,5,8,597.0,0.01488095238095238,0.015060240963855422,74.625,1.7767857142857142
2020-11-27,desktop,<Other>,<Other>,<Other> / <Other>,Other,Returning,18,18,1,1,1,131.0,0.05555555555555555,0.05555555555555555,131.0,7.277777777777778
2020-11-27,desktop,google,cpc,google / cpc,Paid Search,New,93,93,2,2,2,186.0,0.021505376344086023,0.021505376344086023,93.0,2.0
2020-11-27,desktop,google,cpc,google / cpc,Paid Search,Returning,3,3,0,0,0,0.0,0.0,0.0,,0.0
2020-11-27,desktop,<Other>,referral,<Other> / referral,Referral,New,180,176,3,3,3,307.0,0.016666666666666666,0.017045454545454544,102.33333333333333,1.7055555555555555
2020-11-27,desktop,<Other>,referral,<Other> / referral,Referral,Returning,45,45,2,2,2,57.0,0.044444444444444446,0.044444444444444446,28.5,1.2666666666666666
2020-11-27,desktop,shop.googlemerchandisestore.com,referral,shop.googlemerchandisestore.com / referral,Referral,New,123,122,1,1,1,188.0,0.008130081300813009,0.00819672131147541,188.0,1.5284552845528456
2020-11-27,desktop,shop.googlemerchandisestore.com,referral,shop.googlemerchandisestore.com / referral,Referral,Returning,63,60,8,8,8,934.0,0.12698412698412698,0.13333333333333333,116.75,14.825396825396826
2020-11-27,mobile,(direct),(none),(direct) / (none),Direct,New,315,304,9,9,9,522.0,0.02857142857142857,0.029605263157894735,58.0,1.6571428571428573
2020-11-27,mobile,(direct),(none),(direct) / (none),Direct,Returning,68,64,2,2,2,213.0,0.029411764705882353,0.03125,106.5,3.1323529411764706
2020-11-27,mobile,<Other>,organic,<Other> / organic,Organic Search,New,50,50,0,0,0,0.0,0.0,0.0,,0.0
2020-11-27,mobile,<Other>,organic,<Other> / organic,Organic Search,Returning,4,4,0,0,0,0.0,0.0,0.0,,0.0
2020-11-27,mobile,google,organic,google / organic,Organic Search,New,407,389,5,5,6,581.0,0.012285012285012284,0.012853470437017995,96.83333333333333,1.4275184275184276
2020-11-27,mobile,google,organic,google / organic,Organic Search,Returning,66,64,1,1,1,71.0,0.015151515151515152,0.015625,71.0,1.0757575757575757
2020-11-27,mobile,(data deleted),(data deleted),(data deleted) / (data deleted),Other,New,32,31,0,0,0,0.0,0.0,0.0,,0.0
2020-11-27,mobile,(data deleted),(data deleted),(data deleted) / (data deleted),Other,Returning,49,47,4,4,5,170.0,0.08163265306122448,0.0851063829787234,34.0,3.4693877551020407
2020-11-27,mobile,<Other>,(data deleted),<Other> / (data deleted),Other,New,1,1,0,0,0,0.0,0.0,0.0,,0.0
2020-11-27,mobile,<Other>,(data deleted),<Other> / (data deleted),Other,Returning,1,1,0,0,0,0.0,0.0,0.0,,0.0
2020-11-27,mobile,<Other>,<Other>,<Other> / <Other>,Other,New,217,215,1,1,1,34.0,0.004608294930875576,0.004651162790697674,34.0,0.15668202764976957
2020-11-27,mobile,<Other>,<Other>,<Other> / <Other>,Other,Returning,16,16,0,0,0,0.0,0.0,0.0,,0.0
2020-11-27,mobile,google,cpc,google / cpc,Paid Search,New,77,77,2,2,2,70.0,0.025974025974025976,0.025974025974025976,35.0,0.9090909090909091
2020-11-27,mobile,google,cpc,google / cpc,Paid Search,Returning,5,5,1,1,1,6.0,0.2,0.2,6.0,1.2
2020-11-27,mobile,<Other>,referral,<Other> / referral,Referral,New,125,125,1,1,1,16.0,0.008,0.008,16.0,0.128
2020-11-27,mobile,<Other>,referral,<Other> / referral,Referral,Returning,29,29,1,1,1,72.0,0.034482758620689655,0.034482758620689655,72.0,2.4827586206896552
2020-11-27,mobile,shop.googlemerchandisestore.com,referral,shop.googlemerchandisestore.com / referral,Referral,New,83,82,4,4,4,96.0,0.04819277108433735,0.04878048780487805,24.0,1.1566265060240963
2020-11-27,mobile,shop.googlemerchandisestore.com,referral,shop.googlemerchandisestore.com / referral,Referral,Returning,47,47,2,2,2,205.0,0.0425531914893617,0.0425531914893617,102.5,4.361702127659575
2020-11-27,tablet,(direct),(none),(direct) / (none),Direct,New,21,21,0,0,0,0.0,0.0,0.0,,0.0
2020-11-27,tablet,(direct),(none),(direct) / (none),Direct,Returning,2,2,0,0,0,0.0,0.0,0.0,,0.0
2020-11-27,tablet,<Other>,organic,<Other> / organic,Organic Search,New,1,1,0,0,0,0.0,0.0,0.0,,0.0
2020-11-27,tablet,google,organic,google / organic,Organic Search,New,25,25,0,0,0,0.0,0.0,0.0,,0.0
2020-11-27,tablet,google,organic,google / organic,Organic Search,Returning,1,1,1,1,1,73.0,1.0,1.0,73.0,73.0
2020-11-27,tablet,(data deleted),(data deleted),(data deleted) / (data deleted),Other,New,3,3,1,1,1,76.0,0.3333333333333333,0.3333333333333333,76.0,25.333333333333332
2020-11-27,tablet,(data deleted),(data deleted),(data deleted) / (data deleted),Other,Returning,2,2,0,0,0,0.0,0.0,0.0,,0.0
2020-11-27,tablet,<Other>,<Other>,<Other> / <Other>,Other,New,17,17,0,0,0,0.0,0.0,0.0,,0.0
2020-11-27,tablet,google,cpc,google / cpc,Paid Search,New,9,9,0,0,0,0.0,0.0,0.0,,0.0
2020-11-27,tablet,google,cpc,google / cpc,Paid Search,Returning,1,1,0,0,0,0.0,0.0,0.0,,0.0
2020-11-27,tablet,<Other>,referral,<Other> / referral,Referral,New,3,3,0,0,0,0.0,0.0,0.0,,0.0
2020-11-27,tablet,<Other>,referral,<Other> / referral,Referral,Returning,1,1,1,1,1,34.0,1.0,1.0,34.0,34.0
2020-11-27,tablet,shop.googlemerchandisestore.com,referral,shop.googlemerchandisestore.com / referral,Referral,New,3,3,0,0,0,0.0,0.0,0.0,,0.0
2020-11-27,tablet,shop.googlemerchandisestore.com,referral,shop.googlemerchandisestore.com / referral,Referral,Returning,3,3,2,2,3,158.0,0.6666666666666666,0.6666666666666666,52.666666666666664,52.666666666666664
2020-11-28,desktop,(direct),(none),(direct) / (none),Direct,New,418,408,4,4,4,380.0,0.009569377990430622,0.00980392156862745,95.0,0.9090909090909091
2020-11-28,desktop,(direct),(none),(direct) / (none),Direct,Returning,86,82,4,4,5,307.0,0.046511627906976744,0.04878048780487805,61.4,3.5697674418604652
2020-11-28,desktop,<Other>,organic,<Other> / organic,Organic Search,New,44,44,1,1,1,88.0,0.022727272727272728,0.022727272727272728,88.0,2.0
2020-11-28,desktop,<Other>,organic,<Other> / organic,Organic Search,Returning,11,11,1,1,1,31.0,0.09090909090909091,0.09090909090909091,31.0,2.8181818181818183
2020-11-28,desktop,google,organic,google / organic,Organic Search,New,533,515,8,8,8,665.0,0.0150093808630394,0.015533980582524271,83.125,1.2476547842401502
2020-11-28,desktop,google,organic,google / organic,Organic Search,Returning,57,55,3,3,3,134.0,0.05263157894736842,0.05454545454545454,44.666666666666664,2.3508771929824563
2020-11-28,desktop,(data deleted),(data deleted),(data deleted) / (data deleted),Other,New,32,31,0,0,0,0.0,0.0,0.0,,0.0
2020-11-28,desktop,(data deleted),(data deleted),(data deleted) / (data deleted),Other,Returning,66,62,4,4,4,354.0,0.06060606060606061,0.06451612903225806,88.5,5.363636363636363
2020-11-28,desktop,<Other>,(data deleted),<Other> / (data deleted),Other,New,1,1,0,0,0,0.0,0.0,0.0,,0.0
2020-11-28,desktop,<Other>,(data deleted),<Other> / (data deleted),Other,Returning,2,2,0,0,0,0.0,0.0,0.0,,0.0
2020-11-28,desktop,<Other>,<Other>,<Other> / <Other>,Other,New,290,287,3,3,4,209.0,0.010344827586206896,0.010452961672473868,52.25,0.7206896551724138
2020-11-28,desktop,<Other>,<Other>,<Other> / <Other>,Other,Returning,19,19,1,1,1,86.0,0.05263157894736842,0.05263157894736842,86.0,4.526315789473684
2020-11-28,desktop,google,cpc,google / cpc,Paid Search,New,73,70,1,1,1,63.0,0.0136986301369863,0.014285714285714285,63.0,0.863013698630137
2020-11-28,desktop,google,cpc,google / cpc,Paid Search,Returning,4,4,0,0,0,0.0,0.0,0.0,,0.0
2020-11-28,desktop,<Other>,referral,<Other> / referral,Referral,New,171,169,2,2,2,211.0,0.011695906432748537,0.011834319526627219,105.5,1.2339181286549707
2020-11-28,desktop,<Other>,referral,<Other> / referral,Referral,Returning,30,29,0,0,0,0.0,0.0,0.0,,0.0
2020-11-28,desktop,shop.googlemerchandisestore.com,referral,shop.googlemerchandisestore.com / referral,Referral,New,87,86,2,2,2,235.0,0.022988505747126436,0.023255813953488372,117.5,2.7011494252873565
2020-11-28,desktop,shop.googlemerchandisestore.com,referral,shop.googlemerchandisestore.com / referral,Referral,Returning,46,44,2,2,2,433.0,0.043478260869565216,0.045454545454545456,216.5,9.41304347826087
2020-11-28,mobile,(direct),(none),(direct) / (none),Direct,New,258,253,6,6,7,441.0,0.023255813953488372,0.023715415019762844,63.0,1.7093023255813953
2020-11-28,mobile,(direct),(none),(direct) / (none),Direct,Returning,50,47,2,2,2,166.0,0.04,0.0425531914893617,83.0,3.32
2020-11-28,mobile,<Other>,organic,<Other> / organic,Organic Search,New,38,38,0,0,0,0.0,0.0,0.0,,0.0
2020-11-28,mobile,<Other>,organic,<Other> / organic,Organic Search,Returning,2,2,0,0,0,0.0,0.0,0.0,,0.0
2020-11-28,mobile,google,organic,google / organic,Organic Search,New,394,384,5,5,5,255.0,0.012690355329949238,0.013020833333333334,51.0,0.6472081218274112
2020-11-28,mobile,google,organic,google / organic,Organic Search,Returning,48,45,4,4,4,726.0,0.08333333333333333,0.08888888888888889,181.5,15.125
2020-11-28,mobile,(data deleted),(data deleted),(data deleted) / (data deleted),Other,New,27,27,2,2,2,43.0,0.07407407407407407,0.07407407407407407,21.5,1.5925925925925926
2020-11-28,mobile,(data deleted),(data deleted),(data deleted) / (data deleted),Other,Returning,49,47,2,2,2,120.0,0.04081632653061224,0.0425531914893617,60.0,2.4489795918367347
2020-11-28,mobile,<Other>,(data deleted),<Other> / (data deleted),Other,Returning,1,1,0,0,0,0.0,0.0,0.0,,0.0
2020-11-28,mobile,<Other>,<Other>,<Other> / <Other>,Other,New,175,173,2,2,2,167.0,0.011428571428571429,0.011560693641618497,83.5,0.9542857142857143
2020-11-28,mobile,<Other>,<Other>,<Other> / <Other>,Other,Returning,14,14,4,4,4,708.0,0.2857142857142857,0.2857142857142857,177.0,50.57142857142857
2020-11-28,mobile,google,cpc,google / cpc,Paid Search,New,50,50,1,1,1,0.0,0.02,0.02,0.0,0.0
2020-11-28,mobile,google,cpc,google / cpc,Paid Search,Returning,1,1,0,0,0,0.0,0.0,0.0,,0.0
2020-11-28,mobile,<Other>,referral,<Other> / referral,Referral,New,118,115,4,5,5,210.0,0.0423728813559322,0.034782608695652174,42.0,1.7796610169491525
2020-11-28,mobile,<Other>,referral,<Other> / referral,Referral,Returning,28,28,1,1,1,85.0,0.03571428571428571,0.03571428571428571,85.0,3.0357142857142856
2020-11-28,mobile,shop.googlemerchandisestore.com,referral,shop.googlemerchandisestore.com / referral,Referral,New,71,70,2,2,2,94.0,0.028169014084507043,0.02857142857142857,47.0,1.323943661971831
2020-11-28,mobile,shop.googlemerchandisestore.com,referral,shop.googlemerchandisestore.com / referral,Referral,Returning,35,33,1,1,1,30.0,0.02857142857142857,0.030303030303030304,30.0,0.8571428571428571
2020-11-28,tablet,(direct),(none),(direct) / (none),Direct,New,12,12,0,0,0,0.0,0.0,0.0,,0.0
2020-11-28,tablet,(direct),(none),(direct) / (none),Direct,Returning,1,1,0,0,0,0.0,0.0,0.0,,0.0
2020-11-28,tablet,<Other>,organic,<Other> / organic,Organic Search,New,1,1,0,0,0,0.0,0.0,0.0,,0.0
2020-11-28,tablet,google,organic,google / organic,Organic Search,New,19,19,0,0,0,0.0,0.0,0.0,,0.0
2020-11-28,tablet,google,organic,google / organic,Organic Search,Returning,4,4,0,0,0,0.0,0.0,0.0,,0.0
2020-11-28,tablet,(data deleted),(data deleted),(data deleted) / (data deleted),Other,Returning,1,1,0,0,0,0.0,0.0,0.0,,0.0
2020-11-28,tablet,<Other>,<Other>,<Other> / <Other>,Other,New,9,9,1,1,1,14.0,0.1111111111111111,0.1111111111111111,14.0,1.5555555555555556
2020-11-28,tablet,<Other>,<Other>,<Other> / <Other>,Other,Returning,1,1,0,0,0,0.0,0.0,0.0,,0.0
2020-11-28,tablet,google,cpc,google / cpc,Paid Search,New,3,3,0,0,0,0.0,0.0,0.0,,0.0
2020-11-28,tablet,<Other>,referral,<Other> / referral,Referral,New,4,4,0,0,0,0.0,0.0,0.0,,0.0
2020-11-28,tablet,<Other>,referral,<Other> / referral,Referral,Returning,1,1,0,0,0,0.0,0.0,0.0,,0.0
2020-11-28,tablet,shop.googlemerchandisestore.com,referral,shop.googlemerchandisestore.com / referral,Referral,New,5,5,0,0,0,0.0,0.0,0.0,,0.0
2020-11-28,tablet,shop.googlemerchandisestore.com,referral,shop.googlemerchandisestore.com / referral,Referral,Returning,6,6,1,1,1,0.0,0.16666666666666666,0.16666666666666666,0.0,0.0
2020-11-29,desktop,(direct),(none),(direct) / (none),Direct,New,354,347,2,2,2,128.0,0.005649717514124294,0.005763688760806916,64.0,0.3615819209039548
2020-11-29,desktop,(direct),(none),(direct) / (none),Direct,Returning,72,66,2,2,2,395.0,0.027777777777777776,0.030303030303030304,197.5,5.486111111111111
2020-11-29,desktop,<Other>,organic,<Other> / organic,Organic Search,New,43,43,1,1,1,63.0,0.023255813953488372,0.023255813953488372,63.0,1.4651162790697674
2020-11-29,desktop,<Other>,organic,<Other> / organic,Organic Search,Returning,11,11,0,0,0,0.0,0.0,0.0,,0.0
2020-11-29,desktop,google,organic,google / organic,Organic Search,New,495,484,5,5,5,267.0,0.010101010101010102,0.010330578512396695,53.4,0.5393939393939394
2020-11-29,desktop,google,organic,google / organic,Organic Search,Returning,60,58,1,1,1,59.0,0.016666666666666666,0.017241379310344827,59.0,0.9833333333333333
2020-11-29,desktop,(data deleted),(data deleted),(data deleted) / (data deleted),Other,New,43,43,0,0,0,0.0,0.0,0.0,,0.0
2020-11-29,desktop,(data deleted),(data deleted),(data deleted) / (data deleted),Other,Returning,73,66,5,5,5,237.0,0.0684931506849315,0.07575757575757576,47.4,3.2465753424657535
2020-11-29,desktop,<Other>,(data deleted),<Other> / (data deleted),Other,New,2,2,0,0,0,0.0,0.0,0.0,,0.0
2020-11-29,desktop,<Other>,(data deleted),<Other> / (data deleted),Other,Returning,1,1,1,1,1,24.0,1.0,1.0,24.0,24.0
2020-11-29,desktop,<Other>,<Other>,<Other> / <Other>,Other,New,251,248,4,4,5,217.0,0.01593625498007968,0.016129032258064516,43.4,0.8645418326693227
2020-11-29,desktop,<Other>,<Other>,<Other> / <Other>,Other,Returning,28,28,0,0,0,0.0,0.0,0.0,,0.0
2020-11-29,desktop,google,cpc,google / cpc,Paid Search,New,75,75,1,1,1,233.0,0.013333333333333334,0.013333333333333334,233.0,3.1066666666666665
2020-11-29,desktop,google,cpc,google / cpc,Paid Search,Returning,4,4,0,0,0,0.0,0.0,0.0,,0.0
2020-11-29,desktop,<Other>,referral,<Other> / referral,Referral,New,156,155,2,2,2,37.0,0.01282051282051282,0.012903225806451613,18.5,0.23717948717948717
2020-11-29,desktop,<Other>,referral,<Other> / referral,Referral,Returning,36,36,0,0,0,0.0,0.0,0.0,,0.0
2020-11-29,desktop,shop.googlemerchandisestore.com,referral,shop.googlemerchandisestore.com / referral,Referral,New,114,108,3,3,3,480.0,0.02631578947368421,0.027777777777777776,160.0,4.2105263157894735
2020-11-29,desktop,shop.googlemerchandisestore.com,referral,shop.googlemerchandisestore.com / referral,Referral,Returning,52,49,1,1,1,48.0,0.019230769230769232,0.02040816326530612,48.0,0.9230769230769231
2020-11-29,mobile,(direct),(none),(direct) / (none),Direct,New,267,256,1,1,1,54.0,0.003745318352059925,0.00390625,54.0,0.20224719101123595
2020-11-29,mobile,(direct),(none),(direct) / (none),Direct,Returning,44,42,1,1,1,70.0,0.022727272727272728,0.023809523809523808,70.0,1.5909090909090908
2020-11-29,mobile,<Other>,organic,<Other> / organic,Organic Search,New,39,39,0,0,0,0.0,0.0,0.0,,0.0
2020-11-29,mobile,<Other>,organic,<Other> / organic,Organic Search,Returning,4,4,1,1,1,24.0,0.25,0.25,24.0,6.0
2020-11-29,mobile,google,organic,google / organic,Organic Search,New,371,363,6,6,6,601.0,0.016172506738544475,0.01652892561983471,100.16666666666667,1.6199460916442048
2020-11-29,mobile,google,organic,google / organic,Organic Search,Returning,53,52,3,3,3,215.0,0.05660377358490566,0.057692307692307696,71.66666666666667,4.056603773584905
2020-11-29,mobile,(data deleted),(data deleted),(data deleted) / (data deleted),Other,New,26,25,0,0,0,0.0,0.0,0.0,,0.0
2020-11-29,mobile,(data deleted),(data deleted),(data deleted) / (data deleted),Other,Returning,59,54,4,4,4,154.0,0.06779661016949153,0.07407407407407407,38.5,2.610169491525424
2020-11-29,mobile,<Other>,(data deleted),<Other> / (data deleted),Other,Returning,1,1,0,0,0,0.0,0.0,0.0,,0.0
2020-11-29,mobile,<Other>,<Other>,<Other> / <Other>,Other,New,195,195,1,1,1,150.0,0.005128205128205128,0.005128205128205128,150.0,0.7692307692307693
2020-11-29,mobile,<Other>,<Other>,<Other> / <Other>,Other,Returning,15,15,0,0,0,0.0,0.0,0.0,,0.0
2020-11-29,mobile,google,cpc,google / cpc,Paid Search,New,41,41,0,0,0,0.0,0.0,0.0,,0.0
2020-11-29,mobile,google,cpc,google / cpc,Paid Search,Returning,7,7,0,0,0,0.0,0.0,0.0,,0.0
2020-11-29,mobile,<Other>,referral,<Other> / referral,Referral,New,89,88,1,1,2,68.0,0.011235955056179775,0.011363636363636364,34.0,0.7640449438202247
2020-11-29,mobile,<Other>,referral,<Other> / referral,Referral,Returning,25,25,1,1,1,61.0,0.04,0.04,61.0,2.44
2020-11-29,mobile,shop.googlemerchandisestore.com,referral,shop.googlemerchandisestore.com / referral,Referral,New,59,59,0,0,0,0.0,0.0,0.0,,0.0
2020-11-29,mobile,shop.googlemerchandisestore.com,referral,shop.googlemerchandisestore.com / referral,Referral,Returning,32,32,0,0,0,0.0,0.0,0.0,,0.0
2020-11-29,tablet,(direct),(none),(direct) / (none),Direct,New,11,10,0,0,0,0.0,0.0,0.0,,0.0
2020-11-29,tablet,(direct),(none),(direct) / (none),Direct,Returning,5,5,1,1,1,34.0,0.2,0.2,34.0,6.8
2020-11-29,tablet,<Other>,organic,<Other> / organic,Organic Search,New,1,1,0,0,0,0.0,0.0,0.0,,0.0
2020-11-29,tablet,google,organic,google / organic,Organic Search,New,17,17,0,0,0,0.0,0.0,0.0,,0.0
2020-11-29,tablet,google,organic,google / organic,Organic Search,Returning,2,1,0,0,0,0.0,0.0,0.0,,0.0
2020-11-29,tablet,(data deleted),(data deleted),(data deleted) / (data deleted),Other,New,3,3,0,0,0,0.0,0.0,0.0,,0.0
2020-11-29,tablet,(data deleted),(data deleted),(data deleted) / (data deleted),Other,Returning,3,3,0,0,0,0.0,0.0,0.0,,0.0
2020-11-29,tablet,<Other>,<Other>,<Other> / <Other>,Other,New,8,8,0,0,0,0.0,0.0,0.0,,0.0
2020-11-29,tablet,<Other>,<Other>,<Other> / <Other>,Other,Returning,1,1,0,0,0,0.0,0.0,0.0,,0.0
2020-11-29,tablet,google,cpc,google / cpc,Paid Search,New,3,3,0,0,0,0.0,0.0,0.0,,0.0
2020-11-29,tablet,<Other>,referral,<Other> / referral,Referral,New,3,3,0,0,0,0.0,0.0,0.0,,0.0
2020-11-29,tablet,<Other>,referral,<Other> / referral,Referral,Returning,1,1,0,0,0,0.0,0.0,0.0,,0.0
2020-11-29,tablet,shop.googlemerchandisestore.com,referral,shop.googlemerchandisestore.com / referral,Referral,New,6,6,1,1,1,243.0,0.16666666666666666,0.16666666666666666,243.0,40.5
2020-11-29,tablet,shop.googlemerchandisestore.com,referral,shop.googlemerchandisestore.com / referral,Referral,Returning,1,1,0,0,0,0.0,0.0,0.0,,0.0
2020-11-30,desktop,(direct),(none),(direct) / (none),Direct,New,466,452,9,9,9,775.0,0.019313304721030045,0.01991150442477876,86.11111111111111,1.6630901287553648
2020-11-30,desktop,(direct),(none),(direct) / (none),Direct,Returning,113,105,4,4,6,605.0,0.035398230088495575,0.0380952380952381,100.83333333333333,5.353982300884955
2020-11-30,desktop,<Other>,organic,<Other> / organic,Organic Search,New,73,73,1,1,1,97.0,0.0136986301369863,0.0136986301369863,97.0,1.3287671232876712
2020-11-30,desktop,<Other>,organic,<Other> / organic,Organic Search,Returning,12,12,0,0,0,0.0,0.0,0.0,,0.0
2020-11-30,desktop,google,organic,google / organic,Organic Search,New,704,684,13,14,14,1295.0,0.019886363636363636,0.019005847953216373,92.5,1.8394886363636365
2020-11-30,desktop,google,organic,google / organic,Organic Search,Returning,128,121,5,5,5,1186.0,0.0390625,0.04132231404958678,237.2,9.265625
2020-11-30,desktop,(data deleted),(data deleted),(data deleted) / (data deleted),Other,New,70,65,2,2,2,44.0,0.02857142857142857,0.03076923076923077,22.0,0.6285714285714286
2020-11-30,desktop,(data deleted),(data deleted),(data deleted) / (data deleted),Other,Returning,116,113,6,6,8,457.0,0.05172413793103448,0.05309734513274336,57.125,3.939655172413793
2020-11-30,desktop,<Other>,(data deleted),<Other> / (data deleted),Other,New,1,1,0,0,0,0.0,0.0,0.0,,0.0
2020-11-30,desktop,<Other>,<Other>,<Other> / <Other>,Other,New,361,357,4,4,4,190.0,0.0110803324099723,0.011204481792717087,47.5,0.5263157894736842
2020-11-30,desktop,<Other>,<Other>,<Other> / <Other>,Other,Returning,35,35,1,1,1,22.0,0.02857142857142857,0.02857142857142857,22.0,0.6285714285714286
2020-11-30,desktop,google,cpc,google / cpc,Paid Search,New,117,116,5,5,5,335.0,0.042735042735042736,0.04310344827586207,67.0,2.8632478632478633
2020-11-30,desktop,google,cpc,google / cpc,Paid Search,Returning,10,10,1,1,1,50.0,0.1,0.1,50.0,5.0
2020-11-30,desktop,<Other>,referral,<Other> / referral,Referral,New,205,203,2,2,2,107.0,0.00975609756097561,0.009852216748768473,53.5,0.5219512195121951
2020-11-30,desktop,<Other>,referral,<Other> / referral,Referral,Returning,66,63,5,5,5,756.0,0.07575757575757576,0.07936507936507936,151.2,11.454545454545455
2020-11-30,desktop,shop.googlemerchandisestore.com,referral,shop.googlemerchandisestore.com / referral,Referral,New,141,140,5,5,5,264.0,0.03546099290780142,0.03571428571428571,52.8,1.872340425531915
2020-11-30,desktop,shop.googlemerchandisestore.com,referral,shop.googlemerchandisestore.com / referral,Referral,Returning,81,76,5,5,6,440.0,0.06172839506172839,0.06578947368421052,73.33333333333333,5.432098765432099
2020-11-30,mobile,(direct),(none),(direct) / (none),Direct,New,308,299,8,8,8,470.0,0.025974025974025976,0.026755852842809364,58.75,1.525974025974026
2020-11-30,mobile,(direct),(none),(direct) / (none),Direct,Returning,85,83,3,3,3,514.0,0.03529411764705882,0.03614457831325301,171.33333333333334,6.047058823529412
2020-11-30,mobile,<Other>,organic,<Other> / organic,Organic Search,New,45,45,1,1,1,24.0,0.022222222222222223,0.022222222222222223,24.0,0.5333333333333333
2020-11-30,mobile,<Other>,organic,<Other> / organic,Organic Search,Returning,6,6,0,0,0,0.0,0.0,0.0,,0.0
2020-11-30,mobile,google,organic,google / organic,Organic Search,New,469,460,10,10,11,816.0,0.021321961620469083,0.021739130434782608,74.18181818181819,1.7398720682302773
2020-11-30,mobile,google,organic,google / organic,Organic Search,Returning,76,70,6,6,6,524.0,0.07894736842105263,0.08571428571428572,87.33333333333333,6.894736842105263
2020-11-30,mobile,(data deleted),(data deleted),(data deleted) / (data deleted),Other,New,69,62,2,2,2,243.0,0.028985507246376812,0.03225806451612903,121.5,3.5217391304347827
2020-11-30,mobile,(data deleted),(data deleted),(data deleted) / (data deleted),Other,Returning,81,77,3,3,3,257.0,0.037037037037037035,0.03896103896103896,85.66666666666667,3.1728395061728394
2020-11-30,mobile,<Other>,(data deleted),<Other> / (data deleted),Other,Returning,3,3,1,1,1,52.0,0.3333333333333333,0.3333333333333333,52.0,17.333333333333332
2020-11-30,mobile,<Other>,<Other>,<Other> / <Other>,Other,New,219,216,7,7,10,1063.0,0.0319634703196347,0.032407407407407406,106.3,4.853881278538813
2020-11-30,mobile,<Other>,<Other>,<Other> / <Other>,Other,Returning,13,13,0,0,0,0.0,0.0,0.0,,0.0
2020-11-30,mobile,google,cpc,google / cpc,Paid Search,New,89,89,0,0,0,0.0,0.0,0.0,,0.0
2020-11-30,mobile,google,cpc,google / cpc,Paid Search,Returning,5,5,1,1,1,71.0,0.2,0.2,71.0,14.2
2020-11-30,mobile,<Other>,referral,<Other> / referral,Referral,New,141,139,3,3,5,249.0,0.02127659574468085,0.02158273381294964,49.8,1.7659574468085106
2020-11-30,mobile,<Other>,referral,<Other> / referral,Referral,Returning,38,37,5,5,5,420.0,0.13157894736842105,0.13513513513513514,84.0,11.052631578947368
2020-11-30,mobile,shop.googlemerchandisestore.com,referral,shop.googlemerchandisestore.com / referral,Referral,New,88,85,4,4,7,398.0,0.045454545454545456,0.047058823529411764,56.857142857142854,4.5227272727272725
2020-11-30,mobile,shop.googlemerchandisestore.com,referral,shop.googlemerchandisestore.com / referral,Referral,Returning,53,52,3,3,3,259.0,0.05660377358490566,0.057692307692307696,86.33333333333333,4.886792452830188
2020-11-30,tablet,(direct),(none),(direct) / (none),Direct,New,14,14,0,0,0,0.0,0.0,0.0,,0.0
2020-11-30,tablet,(direct),(none),(direct) / (none),Direct,Returning,6,6,0,0,0,0.0,0.0,0.0,,0.0
2020-11-30,tablet,<Other>,organic,<Other> / organic,Organic Search,New,1,1,0,0,0,0.0,0.0,0.0,,0.0
2020-11-30,tablet,google,organic,google / organic,Organic Search,New,41,41,0,0,0,0.0,0.0,0.0,,0.0
2020-11-30,tablet,google,organic,google / organic,Organic Search,Returning,7,7,0,0,0,0.0,0.0,0.0,,0.0
2020-11-30,tablet,(data deleted),(data deleted),(data deleted) / (data deleted),Other,New,2,2,0,0,0,0.0,0.0,0.0,,0.0
2020-11-30,tablet,(data deleted),(data deleted),(data deleted) / (data deleted),Other,Returning,3,3,0,0,0,0.0,0.0,0.0,,0.0
2020-11-30,tablet,<Other>,<Other>,<Other> / <Other>,Other,New,11,11,1,1,1,7.0,0.09090909090909091,0.09090909090909091,7.0,0.6363636363636364
2020-11-30,tablet,<Other>,<Other>,<Other> / <Other>,Other,Returning,1,1,0,0,0,0.0,0.0,0.0,,0.0
2020-11-30,tablet,google,cpc,google / cpc,Paid Search,New,5,5,0,0,0,0.0,0.0,0.0,,0.0
2020-11-30,tablet,<Other>,referral,<Other> / referral,Referral,New,5,5,0,0,0,0.0,0.0,0.0,,0.0
2020-11-30,tablet,<Other>,referral,<Other> / referral,Referral,Returning,4,4,0,0,0,0.0,0.0,0.0,,0.0
2020-11-30,tablet,shop.googlemerchandisestore.com,referral,shop.googlemerchandisestore.com / referral,Referral,New,4,4,0,0,0,0.0,0.0,0.0,,0.0
2020-11-30,tablet,shop.googlemerchandisestore.com,referral,shop.googlemerchandisestore.com / referral,Referral,Returning,2,2,0,0,0,0.0,0.0,0.0,,0.0
2020-12-01,desktop,(direct),(none),(direct) / (none),Direct,New,537,523,4,4,4,176.0,0.0074487895716946,0.0076481835564053535,44.0,0.32774674115456237
2020-12-01,desktop,(direct),(none),(direct) / (none),Direct,Returning,124,120,6,6,6,432.0,0.04838709677419355,0.05,72.0,3.4838709677419355
2020-12-01,desktop,<Other>,organic,<Other> / organic,Organic Search,New,66,65,0,0,0,0.0,0.0,0.0,,0.0
2020-12-01,desktop,<Other>,organic,<Other> / organic,Organic Search,Returning,10,10,0,0,0,0.0,0.0,0.0,,0.0
2020-12-01,desktop,google,organic,google / organic,Organic Search,New,757,730,8,8,8,166.0,0.010568031704095112,0.010958904109589041,20.75,0.2192866578599736
2020-12-01,desktop,google,organic,google / organic,Organic Search,Returning,140,134,5,5,6,663.0,0.03571428571428571,0.03731343283582089,110.5,4.735714285714286
2020-12-01,desktop,(data deleted),(data deleted),(data deleted) / (data deleted),Other,New,93,89,4,4,4,144.0,0.043010752688172046,0.0449438202247191,36.0,1.5483870967741935
2020-12-01,desktop,(data deleted),(data deleted),(data deleted) / (data deleted),Other,Returning,104,97,6,6,7,518.0,0.057692307692307696,0.061855670103092786,74.0,4.980769230769231
2020-12-01,desktop,<Other>,(data deleted),<Other> / (data deleted),Other,New,1,1,0,0,0,0.0,0.0,0.0,,0.0
2020-12-01,desktop,<Other>,(data deleted),<Other> / (data deleted),Other,Returning,3,3,0,0,0,0.0,0.0,0.0,,0.0
2020-12-01,desktop,<Other>,<Other>,<Other> / <Other>,Other,New,351,350,8,8,9,312.0,0.022792022792022793,0.022857142857142857,34.666666666666664,0.8888888888888888
2020-12-01,desktop,<Other>,<Other>,<Other> / <Other>,Other,Returning,31,31,3,3,3,130.0,0.0967741935483871,0.0967741935483871,43.333333333333336,4.193548387096774
2020-12-01,desktop,google,cpc,google / cpc,Paid Search,New,99,99,1,1,1,123.0,0.010101010101010102,0.010101010101010102,123.0,1.2424242424242424
2020-12-01,desktop,google,cpc,google / cpc,Paid Search,Returning,9,9,1,1,1,112.0,0.1111111111111111,0.1111111111111111,112.0,12.444444444444445
2020-12-01,desktop,<Other>,referral,<Other> / referral,Referral,New,229,223,4,4,5,251.0,0.017467248908296942,0.017937219730941704,50.2,1.0960698689956332
2020-12-01,desktop,<Other>,referral,<Other> / referral,Referral,Returning,72,71,5,5,5,171.0,0.06944444444444445,0.07042253521126761,34.2,2.375
2020-12-01,desktop,shop.googlemerchandisestore.com,referral,shop.googlemerchandisestore.com / referral,Referral,New,177,172,2,2,2,65.0,0.011299435028248588,0.011627906976744186,32.5,0.3672316384180791
2020-12-01,desktop,shop.googlemerchandisestore.com,referral,shop.googlemerchandisestore.com / referral,Referral,Returning,111,110,2,2,2,42.0,0.018018018018018018,0.01818181818181818,21.0,0.3783783783783784
2020-12-01,mobile,(direct),(none),(direct) / (none),Direct,New,365,354,3,3,3,74.0,0.00821917808219178,0.00847457627118644,24.666666666666668,0.20273972602739726
2020-12-01,mobile,(direct),(none),(direct) / (none),Direct,Returning,86,81,8,9,11,464.0,0.10465116279069768,0.09876543209876543,42.18181818181818,5.395348837209302
2020-12-01,mobile,<Other>,organic,<Other> / organic,Organic Search,New,39,39,0,0,0,0.0,0.0,0.0,,0.0
2020-12-01,mobile,<Other>,organic,<Other> / organic,Organic Search,Returning,12,12,0,0,0,0.0,0.0,0.0,,0.0
2020-12-01,mobile,google,organic,google / organic,Organic Search,New,520,510,4,4,4,214.0,0.007692307692307693,0.00784313725490196,53.5,0.4115384615384615
2020-12-01,mobile,google,organic,google / organic,Organic Search,Returning,96,90,4,4,4,223.0,0.041666666666666664,0.044444444444444446,55.75,2.3229166666666665
2020-12-01,mobile,(data deleted),(data deleted),(data deleted) / (data deleted),Other,New,59,56,1,1,1,38.0,0.01694915254237288,0.017857142857142856,38.0,0.6440677966101694
2020-12-01,mobile,(data deleted),(data deleted),(data deleted) / (data deleted),Other,Returning,85,82,3,3,3,143.0,0.03529411764705882,0.036585365853658534,47.666666666666664,1.6823529411764706
2020-12-01,mobile,<Other>,(data deleted),<Other> / (data deleted),Other,Returning,1,1,0,0,0,0.0,0.0,0.0,,0.0
2020-12-01,mobile,<Other>,<Other>,<Other> / <Other>,Other,New,260,258,5,5,5,860.0,0.019230769230769232,0.01937984496124031,172.0,3.3076923076923075
2020-12-01,mobile,<Other>,<Other>,<Other> / <Other>,Other,Returning,29,29,1,1,1,93.0,0.034482758620689655,0.034482758620689655,93.0,3.206896551724138
2020-12-01,mobile,google,cpc,google / cpc,Paid Search,New,89,89,1,1,1,11.0,0.011235955056179775,0.011235955056179775,11.0,0.12359550561797752
2020-12-01,mobile,google,cpc,google / cpc,Paid Search,Returning,6,6,0,0,0,0.0,0.0,0.0,,0.0
2020-12-01,mobile,<Other>,referral,<Other> / referral,Referral,New,140,139,3,3,3,154.0,0.02142857142857143,0.02158273381294964,51.333333333333336,1.1
2020-12-01,mobile,<Other>,referral,<Other> / referral,Referral,Returning,40,38,1,1,1,80.0,0.025,0.02631578947368421,80.0,2.0
2020-12-01,mobile,shop.googlemerchandisestore.com,referral,shop.googlemerchandisestore.com / referral,Referral,New,101,98,3,3,3,212.0,0.0297029702970297,0.030612244897959183,70.66666666666667,2.099009900990099
2020-12-01,mobile,shop.googlemerchandisestore.com,referral,shop.googlemerchandisestore.com / referral,Referral,Returning,50,47,2,2,3,325.0,0.04,0.0425531914893617,108.33333333333333,6.5
2020-12-01,tablet,(direct),(none),(direct) / (none),Direct,New,17,16,1,1,1,62.0,0.058823529411764705,0.0625,62.0,3.6470588235294117
2020-12-01,tablet,(direct),(none),(direct) / (none),Direct,Returning,7,7,0,0,0,0.0,0.0,0.0,,0.0
2020-12-01,tablet,google,organic,google / organic,Organic Search,New,28,25,0,0,0,0.0,0.0,0.0,,0.0
2020-12-01,tablet,google,organic,google / organic,Organic Search,Returning,7,6,0,0,0,0.0,0.0,0.0,,0.0
2020-12-01,tablet,(data deleted),(data deleted),(data deleted) / (data deleted),Other,New,8,7,0,0,0,0.0,0.0,0.0,,0.0
2020-12-01,tablet,(data deleted),(data deleted),(data deleted) / (data deleted),Other,Returning,2,1,0,0,0,0.0,0.0,0.0,,0.0
2020-12-01,tablet,<Other>,<Other>,<Other> / <Other>,Other,New,14,14,0,0,0,0.0,0.0,0.0,,0.0
2020-12-01,tablet,google,cpc,google / cpc,Paid Search,New,1,1,0,0,0,0.0,0.0,0.0,,0.0
2020-12-01,tablet,<Other>,referral,<Other> / referral,Referral,New,13,13,0,0,0,0.0,0.0,0.0,,0.0
2020-12-01,tablet,shop.googlemerchandisestore.com,referral,shop.googlemerchandisestore.com / referral,Referral,New,9,9,0,0,0,0.0,0.0,0.0,,0.0
2020-12-01,tablet,shop.googlemerchandisestore.com,referral,shop.googlemerchandisestore.com / referral,Referral,Returning,2,2,0,0,0,0.0,0.0,0.0,,0.0
2020-12-02,desktop,(direct),(none),(direct) / (none),Direct,New,519,496,6,6,6,243.0,0.011560693641618497,0.012096774193548387,40.5,0.4682080924855491
2020-12-02,desktop,(direct),(none),(direct) / (none),Direct,Returning,138,130,4,4,5,130.0,0.028985507246376812,0.03076923076923077,26.0,0.9420289855072463
2020-12-02,desktop,<Other>,organic,<Other> / organic,Organic Search,New,67,67,0,0,0,0.0,0.0,0.0,,0.0
2020-12-02,desktop,<Other>,organic,<Other> / organic,Organic Search,Returning,14,14,0,0,0,0.0,0.0,0.0,,0.0
2020-12-02,desktop,google,organic,google / organic,Organic Search,New,716,698,9,9,9,305.0,0.012569832402234637,0.012893982808022923,33.888888888888886,0.4259776536312849
2020-12-02,desktop,google,organic,google / organic,Organic Search,Returning,128,116,5,5,5,548.0,0.0390625,0.04310344827586207,109.6,4.28125
2020-12-02,desktop,(data deleted),(data deleted),(data deleted) / (data deleted),Other,New,90,83,1,1,1,39.0,0.011111111111111112,0.012048192771084338,39.0,0.43333333333333335
2020-12-02,desktop,(data deleted),(data deleted),(data deleted) / (data deleted),Other,Returning,118,109,2,2,2,263.0,0.01694915254237288,0.01834862385321101,131.5,2.2288135593220337
2020-12-02,desktop,<Other>,(data deleted),<Other> / (data deleted),Other,New,1,1,0,0,0,0.0,0.0,0.0,,0.0
2020-12-02,desktop,<Other>,(data deleted),<Other> / (data deleted),Other,Returning,5,5,0,0,0,0.0,0.0,0.0,,0.0
2020-12-02,desktop,<Other>,<Other>,<Other> / <Other>,Other,New,357,356,4,4,4,203.0,0.011204481792717087,0.011235955056179775,50.75,0.5686274509803921
2020-12-02,desktop,<Other>,<Other>,<Other> / <Other>,Other,Returning,35,34,1,1,1,135.0,0.02857142857142857,0.029411764705882353,135.0,3.857142857142857
2020-12-02,desktop,google,cpc,google / cpc,Paid Search,New,128,128,2,2,2,121.0,0.015625,0.015625,60.5,0.9453125
2020-12-02,desktop,google,cpc,google / cpc,Paid Search,Returning,7,7,1,1,1,49.0,0.14285714285714285,0.14285714285714285,49.0,7.0
2020-12-02,desktop,<Other>,referral,<Other> / referral,Referral,New,180,178,2,2,3,109.0,0.011111111111111112,0.011235955056179775,36.333333333333336,0.6055555555555555
2020-12-02,desktop,<Other>,referral,<Other> / referral,Referral,Returning,67,66,2,2,2,55.0,0.029850746268656716,0.030303030303030304,27.5,0.8208955223880597
2020-12-02,desktop,shop.googlemerchandisestore.com,referral,shop.googlemerchandisestore.com / referral,Referral,New,147,145,2,2,2,58.0,0.013605442176870748,0.013793103448275862,29.0,0.3945578231292517
2020-12-02,desktop,shop.googlemerchandisestore.com,referral,shop.googlemerchandisestore.com / referral,Referral,Returning,105,102,3,3,3,160.0,0.02857142857142857,0.029411764705882353,53.333333333333336,1.5238095238095237
2020-12-02,mobile,(direct),(none),(direct) / (none),Direct,New,330,322,2,2,2,78.0,0.006060606060606061,0.006211180124223602,39.0,0.23636363636363636
2020-12-02,mobile,(direct),(none),(direct) / (none),Direct,Returning,75,69,1,1,1,71.0,0.013333333333333334,0.014492753623188406,71.0,0.9466666666666667
2020-12-02,mobile,<Other>,organic,<Other> / organic,Organic Search,New,49,49,0,0,0,0.0,0.0,0.0,,0.0
2020-12-02,mobile,<Other>,organic,<Other> / organic,Organic Search,Returning,5,5,1,1,1,91.0,0.2,0.2,91.0,18.2
2020-12-02,mobile,google,organic,google / organic,Organic Search,New,533,507,4,4,4,686.0,0.0075046904315197,0.007889546351084813,171.5,1.2870544090056286
2020-12-02,mobile,google,organic,google / organic,Organic Search,Returning,92,87,3,3,3,376.0,0.03260869565217391,0.034482758620689655,125.33333333333333,4.086956521739131
2020-12-02,mobile,(data deleted),(data deleted),(data deleted) / (data deleted),Other,New,42,42,1,1,1,76.0,0.023809523809523808,0.023809523809523808,76.0,1.8095238095238095
2020-12-02,mobile,(data deleted),(data deleted),(data deleted) / (data deleted),Other,Returning,78,75,4,4,8,617.0,0.05128205128205128,0.05333333333333334,77.125,7.910256410256411
2020-12-02,mobile,<Other>,(data deleted),<Other> / (data deleted),Other,New,1,1,0,0,0,0.0,0.0,0.0,,0.0
2020-12-02,mobile,<Other>,(data deleted),<Other> / (data deleted),Other,Returning,3,3,0,0,0,0.0,0.0,0.0,,0.0
2020-12-02,mobile,<Other>,<Other>,<Other> / <Other>,Other,New,219,218,4,4,4,149.0,0.0182648401826484,0.01834862385321101,37.25,0.680365296803653
2020-12-02,mobile,<Other>,<Other>,<Other> / <Other>,Other,Returning,18,18,1,1,1,57.0,0.05555555555555555,0.05555555555555555,57.0,3.1666666666666665
2020-12-02,mobile,google,cpc,google / cpc,Paid Search,New,70,70,2,2,2,138.0,0.02857142857142857,0.02857142857142857,69.0,1.9714285714285715
2020-12-02,mobile,google,cpc,google / cpc,Paid Search,Returning,5,5,0,0,0,0.0,0.0,0.0,,0.0
2020-12-02,mobile,<Other>,referral,<Other> / referral,Referral,New,137,133,1,1,1,48.0,0.0072992700729927005,0.007518796992481203,48.0,0.35036496350364965
2020-12-02,mobile,<Other>,referral,<Other> / referral,Referral,Returning,44,43,1,1,1,146.0,0.022727272727272728,0.023255813953488372,146.0,3.3181818181818183
2020-12-02,mobile,shop.googlemerchandisestore.com,referral,shop.googlemerchandisestore.com / referral,Referral,New,115,113,2,2,2,55.0,0.017391304347826087,0.017699115044247787,27.5,0.4782608695652174
2020-12-02,mobile,shop.googlemerchandisestore.com,referral,shop.googlemerchandisestore.com / referral,Referral,Returning,58,55,1,1,1,0.0,0.017241379310344827,0.01818181818181818,0.0,0.0
2020-12-02,tablet,(direct),(none),(direct) / (none),Direct,New,18,18,0,0,0,0.0,0.0,0.0,,0.0
2020-12-02,tablet,(direct),(none),(direct) / (none),Direct,Returning,7,7,0,0,0,0.0,0.0,0.0,,0.0
2020-12-02,tablet,<Other>,organic,<Other> / organic,Organic Search,New,6,6,0,0,0,0.0,0.0,0.0,,0.0
2020-12-02,tablet,google,organic,google / organic,Organic Search,New,34,34,0,0,0,0.0,0.0,0.0,,0.0
2020-12-02,tablet,google,organic,google / organic,Organic Search,Returning,5,5,0,0,0,0.0,0.0,0.0,,0.0
2020-12-02,tablet,(data deleted),(data deleted),(data deleted) / (data deleted),Other,New,5,4,0,0,0,0.0,0.0,0.0,,0.0
2020-12-02,tablet,(data deleted),(data deleted),(data deleted) / (data deleted),Other,Returning,6,5,2,2,2,81.0,0.3333333333333333,0.4,40.5,13.5
2020-12-02,tablet,<Other>,<Other>,<Other> / <Other>,Other,New,16,16,0,0,0,0.0,0.0,0.0,,0.0
2020-12-02,tablet,<Other>,<Other>,<Other> / <Other>,Other,Returning,1,1,0,0,0,0.0,0.0,0.0,,0.0
2020-12-02,tablet,google,cpc,google / cpc,Paid Search,New,4,4,0,0,0,0.0,0.0,0.0,,0.0
2020-12-02,tablet,<Other>,referral,<Other> / referral,Referral,New,4,4,0,0,0,0.0,0.0,0.0,,0.0
2020-12-02,tablet,<Other>,referral,<Other> / referral,Referral,Returning,2,2,0,0,0,0.0,0.0,0.0,,0.0
2020-12-02,tablet,shop.googlemerchandisestore.com,referral,shop.googlemerchandisestore.com / referral,Referral,New,6,6,0,0,0,0.0,0.0,0.0,,0.0
2020-12-02,tablet,shop.googlemerchandisestore.com,referral,shop.googlemerchandisestore.com / referral,Referral,Returning,4,4,1,1,2,114.0,0.25,0.25,57.0,28.5
2020-12-03,desktop,(direct),(none),(direct) / (none),Direct,New,589,569,8,8,8,312.0,0.013582342954159592,0.014059753954305799,39.0,0.5297113752122241
2020-12-03,desktop,(direct),(none),(direct) / (none),Direct,Returning,120,111,7,7,7,432.0,0.058333333333333334,0.06306306306306306,61.714285714285715,3.6
2020-12-03,desktop,<Other>,organic,<Other> / organic,Organic Search,New,81,81,1,1,1,76.0,0.012345679012345678,0.012345679012345678,76.0,0.9382716049382716
2020-12-03,desktop,<Other>,organic,<Other> / organic,Organic Search,Returning,11,11,1,1,1,127.0,0.09090909090909091,0.09090909090909091,127.0,11.545454545454545
2020-12-03,desktop,google,organic,google / organic,Organic Search,New,823,805,9,9,9,328.0,0.010935601458080195,0.011180124223602485,36.44444444444444,0.3985419198055893
2020-12-03,desktop,google,organic,google / organic,Organic Search,Returning,128,120,7,7,7,307.0,0.0546875,0.058333333333333334,43.857142857142854,2.3984375
2020-12-03,desktop,(data deleted),(data deleted),(data deleted) / (data deleted),Other,New,74,73,2,2,2,24.0,0.02702702702702703,0.0273972602739726,12.0,0.32432432432432434
2020-12-03,desktop,(data deleted),(data deleted),(data deleted) / (data deleted),Other,Returning,121,113,3,3,4,209.0,0.024793388429752067,0.02654867256637168,52.25,1.7272727272727273
2020-12-03,desktop,<Other>,(data deleted),<Other> / (data deleted),Other,New,1,1,0,0,0,0.0,0.0,0.0,,0.0
2020-12-03,desktop,<Other>,<Other>,<Other> / <Other>,Other,New,385,382,8,8,8,322.0,0.02077922077922078,0.020942408376963352,40.25,0.8363636363636363
2020-12-03,desktop,<Other>,<Other>,<Other> / <Other>,Other,Returning,31,29,2,2,2,64.0,0.06451612903225806,0.06896551724137931,32.0,2.064516129032258
2020-12-03,desktop,google,cpc,google / cpc,Paid Search,New,131,131,1,1,1,50.0,0.007633587786259542,0.007633587786259542,50.0,0.3816793893129771
2020-12-03,desktop,google,cpc,google / cpc,Paid Search,Returning,14,14,0,0,0,0.0,0.0,0.0,,0.0
2020-12-03,desktop,<Other>,referral,<Other> / referral,Referral,New,224,220,1,1,1,149.0,0.004464285714285714,0.004545454545454545,149.0,0.6651785714285714
2020-12-03,desktop,<Other>,referral,<Other> / referral,Referral,Returning,79,73,2,2,2,90.0,0.02531645569620253,0.0273972602739726,45.0,1.139240506329114
2020-12-03,desktop,shop.googlemerchandisestore.com,referral,shop.googlemerchandisestore.com / referral,Referral,New,168,164,2,2,2,91.0,0.011904761904761904,0.012195121951219513,45.5,0.5416666666666666
2020-12-03,desktop,shop.googlemerchandisestore.com,referral,shop.googlemerchandisestore.com / referral,Referral,Returning,103,95,3,3,3,156.0,0.02912621359223301,0.031578947368421054,52.0,1.5145631067961165
2020-12-03,mobile,(direct),(none),(direct) / (none),Direct,New,351,339,4,4,4,226.0,0.011396011396011397,0.011799410029498525,56.5,0.6438746438746439
2020-12-03,mobile,(direct),(none),(direct) / (none),Direct,Returning,92,88,1,1,1,94.0,0.010869565217391304,0.011363636363636364,94.0,1.0217391304347827
2020-12-03,mobile,<Other>,organic,<Other> / organic,Organic Search,New,48,48,1,1,1,40.0,0.020833333333333332,0.020833333333333332,40.0,0.8333333333333334
2020-12-03,mobile,<Other>,organic,<Other> / organic,Organic Search,Returning,6,6,0,0,0,0.0,0.0,0.0,,0.0
2020-12-03,mobile,google,organic,google / organic,Organic Search,New,566,547,4,4,5,169.0,0.007067137809187279,0.007312614259597806,33.8,0.29858657243816256
2020-12-03,mobile,google,organic,google / organic,Organic Search,Returning,109,104,2,2,2,66.0,0.01834862385321101,0.019230769230769232,33.0,0.6055045871559633
2020-12-03,mobile,(data deleted),(data deleted),(data deleted) / (data deleted),Other,New,49,47,1,1,1,44.0,0.02040816326530612,0.02127659574468085,44.0,0.8979591836734694
2020-12-03,mobile,(data deleted),(data deleted),(data deleted) / (data deleted),Other,Returning,84,78,2,2,2,104.0,0.023809523809523808,0.02564102564102564,52.0,1.2380952380952381
2020-12-03,mobile,<Other>,(data deleted),<Other> / (data deleted),Other,New,1,1,0,0,0,0.0,0.0,0.0,,0.0
2020-12-03,mobile,<Other>,(data deleted),<Other> / (data deleted),Other,Returning,1,1,0,0,0,0.0,0.0,0.0,,0.0
2020-12-03,mobile,<Other>,<Other>,<Other> / <Other>,Other,New,238,238,1,1,1,258.0,0.004201680672268907,0.004201680672268907,258.0,1.084033613445378
2020-12-03,mobile,<Other>,<Other>,<Other> / <Other>,Other,Returning,30,30,0,0,0,0.0,0.0,0.0,,0.0
2020-12-03,mobile,google,cpc,google / cpc,Paid Search,New,75,74,0,0,0,0.0,0.0,0.0,,0.0
2020-12-03,mobile,google,cpc,google / cpc,Paid Search,Returning,5,5,0,0,0,0.0,0.0,0.0,,0.0
2020-12-03,mobile,<Other>,referral,<Other> / referral,Referral,New,119,119,3,3,3,143.0,0.025210084033613446,0.025210084033613446,47.666666666666664,1.2016806722689075
2020-12-03,mobile,<Other>,referral,<Other> / referral,Referral,Returning,54,54,1,1,1,32.0,0.018518518518518517,0.018518518518518517,32.0,0.5925925925925926
2020-12-03,mobile,shop.googlemerchandisestore.com,referral,shop.googlemerchandisestore.com / referral,Referral,New,100,96,2,2,2,92.0,0.02,0.020833333333333332,46.0,0.92
2020-12-03,mobile,shop.googlemerchandisestore.com,referral,shop.googlemerchandisestore.com / referral,Referral,Returning,70,68,4,4,6,271.0,0.05714285714285714,0.058823529411764705,45.166666666666664,3.8714285714285714
2020-12-03,tablet,(direct),(none),(direct) / (none),Direct,New,23,22,0,0,0,0.0,0.0,0.0,,0.0
2020-12-03,tablet,(direct),(none),(direct) / (none),Direct,Returning,2,2,0,0,0,0.0,0.0,0.0,,0.0
2020-12-03,tablet,<Other>,organic,<Other> / organic,Organic Search,New,6,6,1,1,1,28.0,0.16666666666666666,0.16666666666666666,28.0,4.666666666666667
2020-12-03,tablet,google,organic,google / organic,Organic Search,New,25,25,0,0,0,0.0,0.0,0.0,,0.0
2020-12-03,tablet,google,organic,google / organic,Organic Search,Returning,3,3,0,0,0,0.0,0.0,0.0,,0.0
2020-12-03,tablet,(data deleted),(data deleted),(data deleted) / (data deleted),Other,New,2,2,0,0,0,0.0,0.0,0.0,,0.0
2020-12-03,tablet,(data deleted),(data deleted),(data deleted) / (data deleted),Other,Returning,8,8,0,0,0,0.0,0.0,0.0,,0.0
2020-12-03,tablet,<Other>,<Other>,<Other> / <Other>,Other,New,14,14,0,0,0,0.0,0.0,0.0,,0.0
2020-12-03,tablet,<Other>,<Other>,<Other> / <Other>,Other,Returning,4,4,1,1,1,0.0,0.25,0.25,0.0,0.0
2020-12-03,tablet,google,cpc,google / cpc,Paid Search,New,5,5,0,0,0,0.0,0.0,0.0,,0.0
2020-12-03,tablet,<Other>,referral,<Other> / referral,Referral,New,9,8,1,1,1,13.0,0.1111111111111111,0.125,13.0,1.4444444444444444
2020-12-03,tablet,<Other>,referral,<Other> / referral,Referral,Returning,7,6,0,0,0,0.0,0.0,0.0,,0.0
2020-12-03,tablet,shop.googlemerchandisestore.com,referral,shop.googlemerchandisestore.com / referral,Referral,New,9,9,0,0,0,0.0,0.0,0.0,,0.0
2020-12-03,tablet,shop.googlemerchandisestore.com,referral,shop.googlemerchandisestore.com / referral,Referral,Returning,2,2,0,0,0,0.0,0.0,0.0,,0.0
2020-12-04,desktop,(direct),(none),(direct) / (none),Direct,New,524,509,5,5,6,237.0,0.009541984732824428,0.009823182711198428,39.5,0.45229007633587787
2020-12-04,desktop,(direct),(none),(direct) / (none),Direct,Returning,124,117,3,3,3,112.0,0.024193548387096774,0.02564102564102564,37.333333333333336,0.9032258064516129
2020-12-04,desktop,<Other>,organic,<Other> / organic,Organic Search,New,73,73,0,0,0,0.0,0.0,0.0,,0.0
2020-12-04,desktop,<Other>,organic,<Other> / organic,Organic Search,Returning,6,6,0,0,0,0.0,0.0,0.0,,0.0
2020-12-04,desktop,google,organic,google / organic,Organic Search,New,760,740,12,12,15,1080.0,0.015789473684210527,0.016216216216216217,72.0,1.4210526315789473
2020-12-04,desktop,google,organic,google / organic,Organic Search,Returning,121,114,7,7,8,322.0,0.05785123966942149,0.06140350877192982,40.25,2.6611570247933884
2020-12-04,desktop,(data deleted),(data deleted),(data deleted) / (data deleted),Other,New,61,58,0,0,0,0.0,0.0,0.0,,0.0
2020-12-04,desktop,(data deleted),(data deleted),(data deleted) / (data deleted),Other,Returning,112,104,4,4,4,130.0,0.03571428571428571,0.038461538461538464,32.5,1.1607142857142858
2020-12-04,desktop,<Other>,(data deleted),<Other> / (data deleted),Other,New,3,3,0,0,0,0.0,0.0,0.0,,0.0
2020-12-04,desktop,<Other>,(data deleted),<Other> / (data deleted),Other,Returning,1,1,0,0,0,0.0,0.0,0.0,,0.0
2020-12-04,desktop,<Other>,<Other>,<Other> / <Other>,Other,New,322,321,2,2,2,73.0,0.006211180124223602,0.006230529595015576,36.5,0.2267080745341615
2020-12-04,desktop,<Other>,<Other>,<Other> / <Other>,Other,Returning,28,28,1,1,1,139.0,0.03571428571428571,0.03571428571428571,139.0,4.964285714285714
2020-12-04,desktop,google,cpc,google / cpc,Paid Search,New,120,120,2,2,2,55.0,0.016666666666666666,0.016666666666666666,27.5,0.4583333333333333
2020-12-04,desktop,google,cpc,google / cpc,Paid Search,Returning,6,6,0,0,0,0.0,0.0,0.0,,0.0
2020-12-04,desktop,<Other>,referral,<Other> / referral,Referral,New,206,206,2,2,2,172.0,0.009708737864077669,0.009708737864077669,86.0,0.8349514563106796
2020-12-04,desktop,<Other>,referral,<Other> / referral,Referral,Returning,49,48,1,1,1,326.0,0.02040816326530612,0.020833333333333332,326.0,6.653061224489796
2020-12-04,desktop,shop.googlemerchandisestore.com,referral,shop.googlemerchandisestore.com / referral,Referral,New,146,141,3,3,3,572.0,0.02054794520547945,0.02127659574468085,190.66666666666666,3.9178082191780823
2020-12-04,desktop,shop.googlemerchandisestore.com,referral,shop.googlemerchandisestore.com / referral,Referral,Returning,80,75,4,4,6,612.0,0.05,0.05333333333333334,102.0,7.65
2020-12-04,mobile,(direct),(none),(direct) / (none),Direct,New,370,360,3,3,3,116.0,0.008108108108108109,0.008333333333333333,38.666666666666664,0.31351351351351353
2020-12-04,mobile,(direct),(none),(direct) / (none),Direct,Returning,66,64,1,1,1,278.0,0.015151515151515152,0.015625,278.0,4.212121212121212
2020-12-04,mobile,<Other>,organic,<Other> / organic,Organic Search,New,40,40,0,0,0,0.0,0.0,0.0,,0.0
2020-12-04,mobile,<Other>,organic,<Other> / organic,Organic Search,Returning,9,9,1,1,1,0.0,0.1111111111111111,0.1111111111111111,0.0,0.0
2020-12-04,mobile,google,organic,google / organic,Organic Search,New,483,462,10,10,10,507.0,0.020703933747412008,0.021645021645021644,50.7,1.049689440993789
2020-12-04,mobile,google,organic,google / organic,Organic Search,Returning,92,90,5,5,6,381.0,0.05434782608695652,0.05555555555555555,63.5,4.141304347826087
2020-12-04,mobile,(data deleted),(data deleted),(data deleted) / (data deleted),Other,New,59,56,1,1,1,48.0,0.01694915254237288,0.017857142857142856,48.0,0.8135593220338984
2020-12-04,mobile,(data deleted),(data deleted),(data deleted) / (data deleted),Other,Returning,104,96,3,3,3,81.0,0.028846153846153848,0.03125,27.0,0.7788461538461539
2020-12-04,mobile,<Other>,(data deleted),<Other> / (data deleted),Other,Returning,1,1,0,0,0,0.0,0.0,0.0,,0.0
2020-12-04,mobile,<Other>,<Other>,<Other> / <Other>,Other,New,216,213,1,1,1,79.0,0.004629629629629629,0.004694835680751174,79.0,0.36574074074074076
2020-12-04,mobile,<Other>,<Other>,<Other> / <Other>,Other,Returning,21,21,1,1,1,63.0,0.047619047619047616,0.047619047619047616,63.0,3.0
2020-12-04,mobile,google,cpc,google / cpc,Paid Search,New,63,63,1,1,1,40.0,0.015873015873015872,0.015873015873015872,40.0,0.6349206349206349
2020-12-04,mobile,google,cpc,google / cpc,Paid Search,Returning,11,11,0,0,0,0.0,0.0,0.0,,0.0
2020-12-04,mobile,<Other>,referral,<Other> / referral,Referral,New,139,136,2,2,2,171.0,0.014388489208633094,0.014705882352941176,85.5,1.2302158273381294
2020-12-04,mobile,<Other>,referral,<Other> / referral,Referral,Returning,34,34,3,3,3,102.0,0.08823529411764706,0.08823529411764706,34.0,3.0
2020-12-04,mobile,shop.googlemerchandisestore.com,referral,shop.googlemerchandisestore.com / referral,Referral,New,102,99,2,2,2,213.0,0.0196078431372549,0.020202020202020204,106.5,2.088235294117647
2020-12-04,mobile,shop.googlemerchandisestore.com,referral,shop.googlemerchandisestore.com / referral,Referral,Returning,68,65,4,4,6,441.0,0.058823529411764705,0.06153846153846154,73.5,6.485294117647059
2020-12-04,tablet,(direct),(none),(direct) / (none),Direct,New,22,20,0,0,0,0.0,0.0,0.0,,0.0
2020-12-04,tablet,(direct),(none),(direct) / (none),Direct,Returning,6,6,1,1,1,76.0,0.16666666666666666,0.16666666666666666,76.0,12.666666666666666
2020-12-04,tablet,<Other>,organic,<Other> / organic,Organic Search,New,2,2,0,0,0,0.0,0.0,0.0,,0.0
2020-12-04,tablet,google,organic,google / organic,Organic Search,New,28,28,0,0,0,0.0,0.0,0.0,,0.0
2020-12-04,tablet,google,organic,google / organic,Organic Search,Returning,7,7,0,0,0,0.0,0.0,0.0,,0.0
2020-12-04,tablet,(data deleted),(data deleted),(data deleted) / (data deleted),Other,New,1,1,0,0,0,0.0,0.0,0.0,,0.0
2020-12-04,tablet,(data deleted),(data deleted),(data deleted) / (data deleted),Other,Returning,5,4,0,0,0,0.0,0.0,0.0,,0.0
2020-12-04,tablet,<Other>,<Other>,<Other> / <Other>,Other,New,16,16,0,0,0,0.0,0.0,0.0,,0.0
2020-12-04,tablet,<Other>,<Other>,<Other> / <Other>,Other,Returning,1,1,1,1,1,32.0,1.0,1.0,32.0,32.0
2020-12-04,tablet,google,cpc,google / cpc,Paid Search,New,5,5,0,0,0,0.0,0.0,0.0,,0.0
2020-12-04,tablet,<Other>,referral,<Other> / referral,Referral,New,5,5,0,0,0,0.0,0.0,0.0,,0.0
2020-12-04,tablet,shop.googlemerchandisestore.com,referral,shop.googlemerchandisestore.com / referral,Referral,New,4,4,0,0,0,0.0,0.0,0.0,,0.0
2020-12-04,tablet,shop.googlemerchandisestore.com,referral,shop.googlemerchandisestore.com / referral,Referral,Returning,3,3,0,0,0,0.0,0.0,0.0,,0.0
2020-12-05,desktop,(direct),(none),(direct) / (none),Direct,New,419,409,2,2,2,214.0,0.00477326968973747,0.004889975550122249,107.0,0.5107398568019093
2020-12-05,desktop,(direct),(none),(direct) / (none),Direct,Returning,79,71,8,8,12,507.0,0.10126582278481013,0.11267605633802817,42.25,6.417721518987341
2020-12-05,desktop,<Other>,organic,<Other> / organic,Organic Search,New,48,48,0,0,0,0.0,0.0,0.0,,0.0
2020-12-05,desktop,<Other>,organic,<Other> / organic,Organic Search,Returning,5,5,0,0,0,0.0,0.0,0.0,,0.0
2020-12-05,desktop,google,organic,google / organic,Organic Search,New,516,500,7,7,7,505.0,0.013565891472868217,0.014,72.14285714285714,0.9786821705426356
2020-12-05,desktop,google,organic,google / organic,Organic Search,Returning,80,76,6,6,6,457.0,0.075,0.07894736842105263,76.16666666666667,5.7125
2020-12-05,desktop,(data deleted),(data deleted),(data deleted) / (data deleted),Other,New,42,40,3,3,3,192.0,0.07142857142857142,0.075,64.0,4.571428571428571
2020-12-05,desktop,(data deleted),(data deleted),(data deleted) / (data deleted),Other,Returning,67,66,4,4,6,532.0,0.05970149253731343,0.06060606060606061,88.66666666666667,7.940298507462686
2020-12-05,desktop,<Other>,(data deleted),<Other> / (data deleted),Other,Returning,4,4,0,0,0,0.0,0.0,0.0,,0.0
2020-12-05,desktop,<Other>,<Other>,<Other> / <Other>,Other,New,287,284,3,3,3,245.0,0.010452961672473868,0.01056338028169014,81.66666666666667,0.8536585365853658
2020-12-05,desktop,<Other>,<Other>,<Other> / <Other>,Other,Returning,22,21,0,0,0,0.0,0.0,0.0,,0.0
2020-12-05,desktop,google,cpc,google / cpc,Paid Search,New,98,98,1,1,1,307.0,0.01020408163265306,0.01020408163265306,307.0,3.13265306122449
2020-12-05,desktop,google,cpc,google / cpc,Paid Search,Returning,10,10,0,0,0,0.0,0.0,0.0,,0.0
2020-12-05,desktop,<Other>,referral,<Other> / referral,Referral,New,133,131,1,1,1,194.0,0.007518796992481203,0.007633587786259542,194.0,1.4586466165413534
2020-12-05,desktop,<Other>,referral,<Other> / referral,Referral,Returning,38,36,2,2,2,79.0,0.05263157894736842,0.05555555555555555,39.5,2.0789473684210527
2020-12-05,desktop,shop.googlemerchandisestore.com,referral,shop.googlemerchandisestore.com / referral,Referral,New,104,103,1,1,1,273.0,0.009615384615384616,0.009708737864077669,273.0,2.625
2020-12-05,desktop,shop.googlemerchandisestore.com,referral,shop.googlemerchandisestore.com / referral,Referral,Returning,62,57,5,5,5,267.0,0.08064516129032258,0.08771929824561403,53.4,4.306451612903226
2020-12-05,mobile,(direct),(none),(direct) / (none),Direct,New,275,264,4,4,4,241.0,0.014545454545454545,0.015151515151515152,60.25,0.8763636363636363
2020-12-05,mobile,(direct),(none),(direct) / (none),Direct,Returning,61,57,4,4,4,261.0,0.06557377049180328,0.07017543859649122,65.25,4.278688524590164
2020-12-05,mobile,<Other>,organic,<Other> / organic,Organic Search,New,27,27,0,0,0,0.0,0.0,0.0,,0.0
2020-12-05,mobile,<Other>,organic,<Other> / organic,Organic Search,Returning,3,3,0,0,0,0.0,0.0,0.0,,0.0
2020-12-05,mobile,google,organic,google / organic,Organic Search,New,405,399,7,7,9,827.0,0.01728395061728395,0.017543859649122806,91.88888888888889,2.0419753086419754
2020-12-05,mobile,google,organic,google / organic,Organic Search,Returning,73,66,1,1,1,61.0,0.0136986301369863,0.015151515151515152,61.0,0.8356164383561644
2020-12-05,mobile,(data deleted),(data deleted),(data deleted) / (data deleted),Other,New,24,21,3,3,4,275.0,0.125,0.14285714285714285,68.75,11.458333333333334
2020-12-05,mobile,(data deleted),(data deleted),(data deleted) / (data deleted),Other,Returning,55,52,1,1,1,34.0,0.01818181818181818,0.019230769230769232,34.0,0.6181818181818182
2020-12-05,mobile,<Other>,(data deleted),<Other> / (data deleted),Other,New,1,1,0,0,0,0.0,0.0,0.0,,0.0
2020-12-05,mobile,<Other>,(data deleted),<Other> / (data deleted),Other,Returning,1,1,0,0,0,0.0,0.0,0.0,,0.0
2020-12-05,mobile,<Other>,<Other>,<Other> / <Other>,Other,New,191,191,3,3,4,137.0,0.015706806282722512,0.015706806282722512,34.25,0.7172774869109948
2020-12-05,mobile,<Other>,<Other>,<Other> / <Other>,Other,Returning,15,15,1,1,1,119.0,0.06666666666666667,0.06666666666666667,119.0,7.933333333333334
2020-12-05,mobile,google,cpc,google / cpc,Paid Search,New,57,57,0,0,0,0.0,0.0,0.0,,0.0
2020-12-05,mobile,google,cpc,google / cpc,Paid Search,Returning,6,6,0,0,0,0.0,0.0,0.0,,0.0
2020-12-05,mobile,<Other>,referral,<Other> / referral,Referral,New,98,98,2,2,2,192.0,0.02040816326530612,0.02040816326530612,96.0,1.9591836734693877
2020-12-05,mobile,<Other>,referral,<Other> / referral,Referral,Returning,25,25,2,2,2,205.0,0.08,0.08,102.5,8.2
2020-12-05,mobile,shop.googlemerchandisestore.com,referral,shop.googlemerchandisestore.com / referral,Referral,New,78,77,3,3,3,113.0,0.038461538461538464,0.03896103896103896,37.666666666666664,1.4487179487179487
2020-12-05,mobile,shop.googlemerchandisestore.com,referral,shop.googlemerchandisestore.com / referral,Referral,Returning,39,39,1,1,1,38.0,0.02564102564102564,0.02564102564102564,38.0,0.9743589743589743
2020-12-05,tablet,(direct),(none),(direct) / (none),Direct,New,14,13,0,0,0,0.0,0.0,0.0,,0.0
2020-12-05,tablet,(direct),(none),(direct) / (none),Direct,Returning,2,2,0,0,0,0.0,0.0,0.0,,0.0
2020-12-05,tablet,<Other>,organic,<Other> / organic,Organic Search,New,2,2,0,0,0,0.0,0.0,0.0,,0.0
2020-12-05,tablet,<Other>,organic,<Other> / organic,Organic Search,Returning,1,1,0,0,0,0.0,0.0,0.0,,0.0
2020-12-05,tablet,google,organic,google / organic,Organic Search,New,14,14,1,1,1,50.0,0.07142857142857142,0.07142857142857142,50.0,3.5714285714285716
2020-12-05,tablet,google,organic,google / organic,Organic Search,Returning,5,4,1,1,1,71.0,0.2,0.25,71.0,14.2
2020-12-05,tablet,(data deleted),(data deleted),(data deleted) / (data deleted),Other,New,1,1,0,0,0,0.0,0.0,0.0,,0.0
2020-12-05,tablet,(data deleted),(data deleted),(data deleted) / (data deleted),Other,Returning,1,1,0,0,0,0.0,0.0,0.0,,0.0
2020-12-05,tablet,<Other>,<Other>,<Other> / <Other>,Other,New,7,7,0,0,0,0.0,0.0,0.0,,0.0
2020-12-05,tablet,<Other>,<Other>,<Other> / <Other>,Other,Returning,1,1,0,0,0,0.0,0.0,0.0,,0.0
2020-12-05,tablet,google,cpc,google / cpc,Paid Search,New,6,6,0,0,0,0.0,0.0,0.0,,0.0
2020-12-05,tablet,<Other>,referral,<Other> / referral,Referral,New,4,4,0,0,0,0.0,0.0,0.0,,0.0
2020-12-05,tablet,<Other>,referral,<Other> / referral,Referral,Returning,1,1,0,0,0,0.0,0.0,0.0,,0.0
2020-12-05,tablet,shop.googlemerchandisestore.com,referral,shop.googlemerchandisestore.com / referral,Referral,New,3,3,0,0,0,0.0,0.0,0.0,,0.0
2020-12-06,desktop,(direct),(none),(direct) / (none),Direct,New,347,337,1,1,1,22.0,0.002881844380403458,0.002967359050445104,22.0,0.06340057636887608
2020-12-06,desktop,(direct),(none),(direct) / (none),Direct,Returning,70,66,4,4,4,303.0,0.05714285714285714,0.06060606060606061,75.75,4.328571428571428
2020-12-06,desktop,<Other>,organic,<Other> / organic,Organic Search,New,52,52,1,1,1,89.0,0.019230769230769232,0.019230769230769232,89.0,1.7115384615384615
2020-12-06,desktop,<Other>,organic,<Other> / organic,Organic Search,Returning,3,3,0,0,0,0.0,0.0,0.0,,0.0
2020-12-06,desktop,google,organic,google / organic,Organic Search,New,484,476,4,4,5,293.0,0.008264462809917356,0.008403361344537815,58.6,0.6053719008264463
2020-12-06,desktop,google,organic,google / organic,Organic Search,Returning,86,85,1,1,1,52.0,0.011627906976744186,0.011764705882352941,52.0,0.6046511627906976
2020-12-06,desktop,(data deleted),(data deleted),(data deleted) / (data deleted),Other,New,55,49,2,2,2,210.0,0.03636363636363636,0.04081632653061224,105.0,3.8181818181818183
2020-12-06,desktop,(data deleted),(data deleted),(data deleted) / (data deleted),Other,Returning,66,59,2,2,2,178.0,0.030303030303030304,0.03389830508474576,89.0,2.696969696969697
2020-12-06,desktop,<Other>,(data deleted),<Other> / (data deleted),Other,New,1,1,0,0,0,0.0,0.0,0.0,,0.0
2020-12-06,desktop,<Other>,<Other>,<Other> / <Other>,Other,New,260,259,1,1,1,39.0,0.0038461538461538464,0.003861003861003861,39.0,0.15
2020-12-06,desktop,<Other>,<Other>,<Other> / <Other>,Other,Returning,20,19,0,0,0,0.0,0.0,0.0,,0.0
2020-12-06,desktop,google,cpc,google / cpc,Paid Search,New,74,74,0,0,0,0.0,0.0,0.0,,0.0
2020-12-06,desktop,google,cpc,google / cpc,Paid Search,Returning,6,6,0,0,0,0.0,0.0,0.0,,0.0
2020-12-06,desktop,<Other>,referral,<Other> / referral,Referral,New,169,167,3,3,4,269.0,0.01775147928994083,0.017964071856287425,67.25,1.5917159763313609
2020-12-06,desktop,<Other>,referral,<Other> / referral,Referral,Returning,35,35,1,1,1,68.0,0.02857142857142857,0.02857142857142857,68.0,1.9428571428571428
2020-12-06,desktop,shop.googlemerchandisestore.com,referral,shop.googlemerchandisestore.com / referral,Referral,New,103,100,1,1,1,68.0,0.009708737864077669,0.01,68.0,0.6601941747572816
2020-12-06,desktop,shop.googlemerchandisestore.com,referral,shop.googlemerchandisestore.com / referral,Referral,Returning,49,48,1,1,1,38.0,0.02040816326530612,0.020833333333333332,38.0,0.7755102040816326
2020-12-06,mobile,(direct),(none),(direct) / (none),Direct,New,277,268,3,3,3,58.0,0.010830324909747292,0.011194029850746268,19.333333333333332,0.20938628158844766
2020-12-06,mobile,(direct),(none),(direct) / (none),Direct,Returning,50,48,0,0,0,0.0,0.0,0.0,,0.0
2020-12-06,mobile,<Other>,organic,<Other> / organic,Organic Search,New,32,32,0,0,0,0.0,0.0,0.0,,0.0
2020-12-06,mobile,<Other>,organic,<Other> / organic,Organic Search,Returning,9,9,0,0,0,0.0,0.0,0.0,,0.0
2020-12-06,mobile,google,organic,google / organic,Organic Search,New,363,358,3,3,3,45.0,0.008264462809917356,0.008379888268156424,15.0,0.12396694214876033
2020-12-06,mobile,google,organic,google / organic,Organic Search,Returning,55,50,2,2,2,68.0,0.03636363636363636,0.04,34.0,1.2363636363636363
2020-12-06,mobile,(data deleted),(data deleted),(data deleted) / (data deleted),Other,New,36,36,1,1,1,128.0,0.027777777777777776,0.027777777777777776,128.0,3.5555555555555554
2020-12-06,mobile,(data deleted),(data deleted),(data deleted) / (data deleted),Other,Returning,54,50,1,1,1,55.0,0.018518518518518517,0.02,55.0,1.0185185185185186
2020-12-06,mobile,<Other>,<Other>,<Other> / <Other>,Other,New,184,183,2,2,2,161.0,0.010869565217391304,0.01092896174863388,80.5,0.875
2020-12-06,mobile,<Other>,<Other>,<Other> / <Other>,Other,Returning,17,16,0,0,0,0.0,0.0,0.0,,0.0
2020-12-06,mobile,google,cpc,google / cpc,Paid Search,New,62,62,0,0,0,0.0,0.0,0.0,,0.0
2020-12-06,mobile,google,cpc,google / cpc,Paid Search,Returning,7,7,0,0,0,0.0,0.0,0.0,,0.0
2020-12-06,mobile,<Other>,referral,<Other> / referral,Referral,New,85,84,1,1,1,54.0,0.011764705882352941,0.011904761904761904,54.0,0.6352941176470588
2020-12-06,mobile,<Other>,referral,<Other> / referral,Referral,Returning,34,31,0,0,0,0.0,0.0,0.0,,0.0
2020-12-06,mobile,shop.googlemerchandisestore.com,referral,shop.googlemerchandisestore.com / referral,Referral,New,71,70,1,1,1,14.0,0.014084507042253521,0.014285714285714285,14.0,0.19718309859154928
2020-12-06,mobile,shop.googlemerchandisestore.com,referral,shop.googlemerchandisestore.com / referral,Referral,Returning,39,36,2,2,2,66.0,0.05128205128205128,0.05555555555555555,33.0,1.6923076923076923
2020-12-06,tablet,(direct),(none),(direct) / (none),Direct,New,16,15,0,0,0,0.0,0.0,0.0,,0.0
2020-12-06,tablet,(direct),(none),(direct) / (none),Direct,Returning,1,1,0,0,0,0.0,0.0,0.0,,0.0
2020-12-06,tablet,google,organic,google / organic,Organic Search,New,23,22,0,0,0,0.0,0.0,0.0,,0.0
2020-12-06,tablet,google,organic,google / organic,Organic Search,Returning,4,3,0,0,0,0.0,0.0,0.0,,0.0
2020-12-06,tablet,(data deleted),(data deleted),(data deleted) / (data deleted),Other,New,2,2,0,0,0,0.0,0.0,0.0,,0.0
2020-12-06,tablet,(data deleted),(data deleted),(data deleted) / (data deleted),Other,Returning,1,1,1,1,1,20.0,1.0,1.0,20.0,20.0
2020-12-06,tablet,<Other>,<Other>,<Other> / <Other>,Other,New,18,18,1,1,1,30.0,0.05555555555555555,0.05555555555555555,30.0,1.6666666666666667
2020-12-06,tablet,<Other>,<Other>,<Other> / <Other>,Other,Returning,1,1,0,0,0,0.0,0.0,0.0,,0.0
2020-12-06,tablet,google,cpc,google / cpc,Paid Search,New,2,2,0,0,0,0.0,0.0,0.0,,0.0
2020-12-06,tablet,<Other>,referral,<Other> / referral,Referral,New,11,11,0,0,0,0.0,0.0,0.0,,0.0
2020-12-06,tablet,shop.googlemerchandisestore.com,referral,shop.googlemerchandisestore.com / referral,Referral,New,3,3,0,0,0,0.0,0.0,0.0,,0.0
2020-12-06,tablet,shop.googlemerchandisestore.com,referral,shop.googlemerchandisestore.com / referral,Referral,Returning,2,2,0,0,0,0.0,0.0,0.0,,0.0
2020-12-07,desktop,(direct),(none),(direct) / (none),Direct,New,610,592,7,7,8,787.0,0.011475409836065573,0.011824324324324325,98.375,1.2901639344262295
2020-12-07,desktop,(direct),(none),(direct) / (none),Direct,Returning,144,133,6,6,9,461.0,0.041666666666666664,0.045112781954887216,51.22222222222222,3.201388888888889
2020-12-07,desktop,<Other>,organic,<Other> / organic,Organic Search,New,80,80,0,0,0,0.0,0.0,0.0,,0.0
2020-12-07,desktop,<Other>,organic,<Other> / organic,Organic Search,Returning,11,11,2,2,3,890.0,0.18181818181818182,0.18181818181818182,296.6666666666667,80.9090909090909
2020-12-07,desktop,google,organic,google / organic,Organic Search,New,819,794,2,2,3,612.0,0.002442002442002442,0.0025188916876574307,204.0,0.7472527472527473
2020-12-07,desktop,google,organic,google / organic,Organic Search,Returning,132,123,3,3,3,984.0,0.022727272727272728,0.024390243902439025,328.0,7.454545454545454
2020-12-07,desktop,(data deleted),(data deleted),(data deleted) / (data deleted),Other,New,74,70,2,2,2,95.0,0.02702702702702703,0.02857142857142857,47.5,1.2837837837837838
2020-12-07,desktop,(data deleted),(data deleted),(data deleted) / (data deleted),Other,Returning,160,149,9,9,16,618.0,0.05625,0.06040268456375839,38.625,3.8625
2020-12-07,desktop,<Other>,(data deleted),<Other> / (data deleted),Other,New,2,2,0,0,0,0.0,0.0,0.0,,0.0
2020-12-07,desktop,<Other>,(data deleted),<Other> / (data deleted),Other,Returning,6,6,0,0,0,0.0,0.0,0.0,,0.0
2020-12-07,desktop,<Other>,<Other>,<Other> / <Other>,Other,New,423,423,3,3,3,226.0,0.0070921985815602835,0.0070921985815602835,75.33333333333333,0.5342789598108747
2020-12-07,desktop,<Other>,<Other>,<Other> / <Other>,Other,Returning,30,30,2,2,2,92.0,0.06666666666666667,0.06666666666666667,46.0,3.066666666666667
2020-12-07,desktop,google,cpc,google / cpc,Paid Search,New,120,120,4,4,4,316.0,0.03333333333333333,0.03333333333333333,79.0,2.6333333333333333
2020-12-07,desktop,google,cpc,google / cpc,Paid Search,Returning,16,16,0,0,0,0.0,0.0,0.0,,0.0
2020-12-07,desktop,<Other>,referral,<Other> / referral,Referral,New,235,231,2,2,3,120.0,0.00851063829787234,0.008658008658008658,40.0,0.5106382978723404
2020-12-07,desktop,<Other>,referral,<Other> / referral,Referral,Returning,67,63,2,2,2,93.0,0.029850746268656716,0.031746031746031744,46.5,1.3880597014925373
2020-12-07,desktop,shop.googlemerchandisestore.com,referral,shop.googlemerchandisestore.com / referral,Referral,New,153,151,2,2,2,236.0,0.013071895424836602,0.013245033112582781,118.0,1.542483660130719
2020-12-07,desktop,shop.googlemerchandisestore.com,referral,shop.googlemerchandisestore.com / referral,Referral,Returning,110,104,6,6,6,609.0,0.05454545454545454,0.057692307692307696,101.5,5.536363636363636
2020-12-07,mobile,(direct),(none),(direct) / (none),Direct,New,407,393,1,1,1,17.0,0.002457002457002457,0.002544529262086514,17.0,0.04176904176904177
2020-12-07,mobile,(direct),(none),(direct) / (none),Direct,Returning,96,86,4,4,5,290.0,0.041666666666666664,0.046511627906976744,58.0,3.0208333333333335
2020-12-07,mobile,<Other>,organic,<Other> / organic,Organic Search,New,61,61,0,0,0,0.0,0.0,0.0,,0.0
2020-12-07,mobile,<Other>,organic,<Other> / organic,Organic Search,Returning,7,7,0,0,0,0.0,0.0,0.0,,0.0
2020-12-07,mobile,google,organic,google / organic,Organic Search,New,573,556,6,6,6,524.0,0.010471204188481676,0.01079136690647482,87.33333333333333,0.9144851657940664
2020-12-07,mobile,google,organic,google / organic,Organic Search,Returning,91,87,6,6,6,461.0,0.06593406593406594,0.06896551724137931,76.83333333333333,5.065934065934066
2020-12-07,mobile,(data deleted),(data deleted),(data deleted) / (data deleted),Other,New,61,58,1,1,1,74.0,0.01639344262295082,0.017241379310344827,74.0,1.2131147540983607
2020-12-07,mobile,(data deleted),(data deleted),(data deleted) / (data deleted),Other,Returning,96,90,3,3,3,112.0,0.03125,0.03333333333333333,37.333333333333336,1.1666666666666667
2020-12-07,mobile,<Other>,(data deleted),<Other> / (data deleted),Other,New,1,1,0,0,0,0.0,0.0,0.0,,0.0
2020-12-07,mobile,<Other>,(data deleted),<Other> / (data deleted),Other,Returning,3,3,1,1,1,32.0,0.3333333333333333,0.3333333333333333,32.0,10.666666666666666
2020-12-07,mobile,<Other>,<Other>,<Other> / <Other>,Other,New,265,264,3,3,3,134.0,0.011320754716981131,0.011363636363636364,44.666666666666664,0.5056603773584906
2020-12-07,mobile,<Other>,<Other>,<Other> / <Other>,Other,Returning,20,20,1,1,1,113.0,0.05,0.05,113.0,5.65
2020-12-07,mobile,google,cpc,google / cpc,Paid Search,New,91,91,1,1,1,29.0,0.01098901098901099,0.01098901098901099,29.0,0.31868131868131866
2020-12-07,mobile,google,cpc,google / cpc,Paid Search,Returning,4,4,0,0,0,0.0,0.0,0.0,,0.0
2020-12-07,mobile,<Other>,referral,<Other> / referral,Referral,New,167,165,4,4,8,182.0,0.023952095808383235,0.024242424242424242,22.75,1.089820359281437
2020-12-07,mobile,<Other>,referral,<Other> / referral,Referral,Returning,50,49,3,3,3,91.0,0.06,0.061224489795918366,30.333333333333332,1.82
2020-12-07,mobile,shop.googlemerchandisestore.com,referral,shop.googlemerchandisestore.com / referral,Referral,New,112,110,1,1,1,32.0,0.008928571428571428,0.00909090909090909,32.0,0.2857142857142857
2020-12-07,mobile,shop.googlemerchandisestore.com,referral,shop.googlemerchandisestore.com / referral,Referral,Returning,62,60,3,3,3,196.0,0.04838709677419355,0.05,65.33333333333333,3.161290322580645
2020-12-07,tablet,(direct),(none),(direct) / (none),Direct,New,17,17,0,0,0,0.0,0.0,0.0,,0.0
2020-12-07,tablet,(direct),(none),(direct) / (none),Direct,Returning,2,2,0,0,0,0.0,0.0,0.0,,0.0
2020-12-07,tablet,<Other>,organic,<Other> / organic,Organic Search,New,3,3,0,0,0,0.0,0.0,0.0,,0.0
2020-12-07,tablet,<Other>,organic,<Other> / organic,Organic Search,Returning,1,1,0,0,0,0.0,0.0,0.0,,0.0
2020-12-07,tablet,google,organic,google / organic,Organic Search,New,27,26,1,1,1,46.0,0.037037037037037035,0.038461538461538464,46.0,1.7037037037037037
2020-12-07,tablet,google,organic,google / organic,Organic Search,Returning,3,2,0,0,0,0.0,0.0,0.0,,0.0
2020-12-07,tablet,(data deleted),(data deleted),(data deleted) / (data deleted),Other,New,2,2,0,0,0,0.0,0.0,0.0,,0.0
2020-12-07,tablet,(data deleted),(data deleted),(data deleted) / (data deleted),Other,Returning,2,2,0,0,0,0.0,0.0,0.0,,0.0
2020-12-07,tablet,<Other>,<Other>,<Other> / <Other>,Other,New,15,15,0,0,0,0.0,0.0,0.0,,0.0
2020-12-07,tablet,google,cpc,google / cpc,Paid Search,New,8,8,0,0,0,0.0,0.0,0.0,,0.0
2020-12-07,tablet,<Other>,referral,<Other> / referral,Referral,New,6,6,0,0,0,0.0,0.0,0.0,,0.0
2020-12-07,tablet,<Other>,referral,<Other> / referral,Referral,Returning,1,1,0,0,0,0.0,0.0,0.0,,0.0
2020-12-07,tablet,shop.googlemerchandisestore.com,referral,shop.googlemerchandisestore.com / referral,Referral,New,9,9,0,0,0,0.0,0.0,0.0,,0.0
2020-12-07,tablet,shop.googlemerchandisestore.com,referral,shop.googlemerchandisestore.com / referral,Referral,Returning,6,6,0,0,0,0.0,0.0,0.0,,0.0
2020-12-08,desktop,(direct),(none),(direct) / (none),Direct,New,857,841,2,2,2,80.0,0.002333722287047841,0.0023781212841854932,40.0,0.09334889148191365
2020-12-08,desktop,(direct),(none),(direct) / (none),Direct,Returning,178,170,15,15,17,1902.0,0.08426966292134831,0.08823529411764706,111.88235294117646,10.685393258426966
2020-12-08,desktop,<Other>,organic,<Other> / organic,Organic Search,New,85,85,1,1,1,17.0,0.011764705882352941,0.011764705882352941,17.0,0.2
2020-12-08,desktop,<Other>,organic,<Other> / organic,Organic Search,Returning,10,10,1,1,1,42.0,0.1,0.1,42.0,4.2
2020-12-08,desktop,google,organic,google / organic,Organic Search,New,1242,1203,6,6,6,278.0,0.004830917874396135,0.004987531172069825,46.333333333333336,0.22383252818035426
2020-12-08,desktop,google,organic,google / organic,Organic Search,Returning,177,165,4,4,4,132.0,0.022598870056497175,0.024242424242424242,33.0,0.7457627118644068
2020-12-08,desktop,(data deleted),(data deleted),(data deleted) / (data deleted),Other,New,102,97,1,1,1,110.0,0.00980392156862745,0.010309278350515464,110.0,1.0784313725490196
2020-12-08,desktop,(data deleted),(data deleted),(data deleted) / (data deleted),Other,Returning,156,148,6,6,6,478.0,0.038461538461538464,0.04054054054054054,79.66666666666667,3.0641025641025643
2020-12-08,desktop,<Other>,(data deleted),<Other> / (data deleted),Other,New,2,2,0,0,0,0.0,0.0,0.0,,0.0
2020-12-08,desktop,<Other>,(data deleted),<Other> / (data deleted),Other,Returning,2,2,0,0,0,0.0,0.0,0.0,,0.0
2020-12-08,desktop,<Other>,<Other>,<Other> / <Other>,Other,New,610,609,5,5,5,351.0,0.00819672131147541,0.008210180623973728,70.2,0.5754098360655737
2020-12-08,desktop,<Other>,<Other>,<Other> / <Other>,Other,Returning,51,50,5,5,9,220.0,0.09803921568627451,0.1,24.444444444444443,4.313725490196078
2020-12-08,desktop,google,cpc,google / cpc,Paid Search,New,170,167,4,4,4,167.0,0.023529411764705882,0.023952095808383235,41.75,0.9823529411764705
2020-12-08,desktop,google,cpc,google / cpc,Paid Search,Returning,16,16,1,1,1,25.0,0.0625,0.0625,25.0,1.5625
2020-12-08,desktop,<Other>,referral,<Other> / referral,Referral,New,358,354,5,5,6,290.0,0.013966480446927373,0.014124293785310734,48.333333333333336,0.8100558659217877
2020-12-08,desktop,<Other>,referral,<Other> / referral,Referral,Returning,85,82,5,5,9,347.0,0.058823529411764705,0.06097560975609756,38.55555555555556,4.08235294117647
2020-12-08,desktop,shop.googlemerchandisestore.com,referral,shop.googlemerchandisestore.com / referral,Referral,New,230,227,2,2,2,160.0,0.008695652173913044,0.00881057268722467,80.0,0.6956521739130435
2020-12-08,desktop,shop.googlemerchandisestore.com,referral,shop.googlemerchandisestore.com / referral,Referral,Returning,119,112,4,4,4,248.0,0.03361344537815126,0.03571428571428571,62.0,2.0840336134453783
2020-12-08,mobile,(direct),(none),(direct) / (none),Direct,New,568,553,9,9,9,652.0,0.01584507042253521,0.0162748643761302,72.44444444444444,1.147887323943662
2020-12-08,mobile,(direct),(none),(direct) / (none),Direct,Returning,109,101,3,3,3,763.0,0.027522935779816515,0.0297029702970297,254.33333333333334,7.0
2020-12-08,mobile,<Other>,organic,<Other> / organic,Organic Search,New,74,74,0,0,0,0.0,0.0,0.0,,0.0
2020-12-08,mobile,<Other>,organic,<Other> / organic,Organic Search,Returning,7,6,0,0,0,0.0,0.0,0.0,,0.0
2020-12-08,mobile,google,organic,google / organic,Organic Search,New,801,779,6,6,6,466.0,0.00749063670411985,0.007702182284980745,77.66666666666667,0.581772784019975
2020-12-08,mobile,google,organic,google / organic,Organic Search,Returning,114,108,3,3,3,159.0,0.02631578947368421,0.027777777777777776,53.0,1.394736842105263
2020-12-08,mobile,(data deleted),(data deleted),(data deleted) / (data deleted),Other,New,70,65,2,2,2,86.0,0.02857142857142857,0.03076923076923077,43.0,1.2285714285714286
2020-12-08,mobile,(data deleted),(data deleted),(data deleted) / (data deleted),Other,Returning,119,113,4,4,4,387.0,0.03361344537815126,0.035398230088495575,96.75,3.2521008403361344
2020-12-08,mobile,<Other>,(data deleted),<Other> / (data deleted),Other,New,1,1,0,0,0,0.0,0.0,0.0,,0.0
2020-12-08,mobile,<Other>,(data deleted),<Other> / (data deleted),Other,Returning,4,4,0,0,0,0.0,0.0,0.0,,0.0
2020-12-08,mobile,<Other>,<Other>,<Other> / <Other>,Other,New,407,405,0,0,0,0.0,0.0,0.0,,0.0
2020-12-08,mobile,<Other>,<Other>,<Other> / <Other>,Other,Returning,31,31,2,2,2,102.0,0.06451612903225806,0.06451612903225806,51.0,3.2903225806451615
2020-12-08,mobile,google,cpc,google / cpc,Paid Search,New,136,136,1,1,1,16.0,0.007352941176470588,0.007352941176470588,16.0,0.11764705882352941
2020-12-08,mobile,google,cpc,google / cpc,Paid Search,Returning,7,7,0,0,0,0.0,0.0,0.0,,0.0
2020-12-08,mobile,<Other>,referral,<Other> / referral,Referral,New,237,235,0,0,0,0.0,0.0,0.0,,0.0
2020-12-08,mobile,<Other>,referral,<Other> / referral,Referral,Returning,52,49,2,2,2,217.0,0.038461538461538464,0.04081632653061224,108.5,4.173076923076923
2020-12-08,mobile,shop.googlemerchandisestore.com,referral,shop.googlemerchandisestore.com / referral,Referral,New,143,140,0,0,0,0.0,0.0,0.0,,0.0
2020-12-08,mobile,shop.googlemerchandisestore.com,referral,shop.googlemerchandisestore.com / referral,Referral,Returning,83,80,9,9,9,585.0,0.10843373493975904,0.1125,65.0,7.048192771084337
2020-12-08,tablet,(direct),(none),(direct) / (none),Direct,New,35,35,0,0,0,0.0,0.0,0.0,,0.0
2020-12-08,tablet,(direct),(none),(direct) / (none),Direct,Returning,10,9,0,0,0,0.0,0.0,0.0,,0.0
2020-12-08,tablet,<Other>,organic,<Other> / organic,Organic Search,New,3,3,0,0,0,0.0,0.0,0.0,,0.0
2020-12-08,tablet,google,organic,google / organic,Organic Search,New,43,41,1,1,1,33.0,0.023255813953488372,0.024390243902439025,33.0,0.7674418604651163
2020-12-08,tablet,google,organic,google / organic,Organic Search,Returning,3,3,0,0,0,0.0,0.0,0.0,,0.0
2020-12-08,tablet,(data deleted),(data deleted),(data deleted) / (data deleted),Other,New,6,6,0,0,0,0.0,0.0,0.0,,0.0
2020-12-08,tablet,(data deleted),(data deleted),(data deleted) / (data deleted),Other,Returning,7,7,0,0,0,0.0,0.0,0.0,,0.0
2020-12-08,tablet,<Other>,<Other>,<Other> / <Other>,Other,New,29,29,1,1,1,20.0,0.034482758620689655,0.034482758620689655,20.0,0.6896551724137931
2020-12-08,tablet,<Other>,<Other>,<Other> / <Other>,Other,Returning,1,1,0,0,0,0.0,0.0,0.0,,0.0
2020-12-08,tablet,google,cpc,google / cpc,Paid Search,New,7,7,0,0,0,0.0,0.0,0.0,,0.0
2020-12-08,tablet,<Other>,referral,<Other> / referral,Referral,New,13,13,0,0,0,0.0,0.0,0.0,,0.0
2020-12-08,tablet,<Other>,referral,<Other> / referral,Referral,Returning,4,4,1,1,1,362.0,0.25,0.25,362.0,90.5
2020-12-08,tablet,shop.googlemerchandisestore.com,referral,shop.googlemerchandisestore.com / referral,Referral,New,11,11,0,0,0,0.0,0.0,0.0,,0.0
2020-12-08,tablet,shop.googlemerchandisestore.com,referral,shop.googlemerchandisestore.com / referral,Referral,Returning,3,3,0,0,0,0.0,0.0,0.0,,0.0
2020-12-09,desktop,(direct),(none),(direct) / (none),Direct,New,685,665,8,8,10,662.0,0.01167883211678832,0.012030075187969926,66.2,0.9664233576642336
2020-12-09,desktop,(direct),(none),(direct) / (none),Direct,Returning,136,126,10,10,11,801.0,0.07352941176470588,0.07936507936507936,72.81818181818181,5.889705882352941
2020-12-09,desktop,<Other>,organic,<Other> / organic,Organic Search,New,103,101,3,3,3,253.0,0.02912621359223301,0.0297029702970297,84.33333333333333,2.4563106796116503
2020-12-09,desktop,<Other>,organic,<Other> / organic,Organic Search,Returning,10,10,1,1,2,56.0,0.1,0.1,28.0,5.6
2020-12-09,desktop,google,organic,google / organic,Organic Search,New,990,970,18,18,20,1657.0,0.01818181818181818,0.018556701030927835,82.85,1.6737373737373737
2020-12-09,desktop,google,organic,google / organic,Organic Search,Returning,144,136,6,6,6,257.0,0.041666666666666664,0.04411764705882353,42.833333333333336,1.7847222222222223
2020-12-09,desktop,(data deleted),(data deleted),(data deleted) / (data deleted),Other,New,79,76,2,2,2,199.0,0.02531645569620253,0.02631578947368421,99.5,2.518987341772152
2020-12-09,desktop,(data deleted),(data deleted),(data deleted) / (data deleted),Other,Returning,156,142,5,6,15,809.0,0.038461538461538464,0.035211267605633804,53.93333333333333,5.185897435897436
2020-12-09,desktop,<Other>,(data deleted),<Other> / (data deleted),Other,New,1,1,0,0,0,0.0,0.0,0.0,,0.0
2020-12-09,desktop,<Other>,(data deleted),<Other> / (data deleted),Other,Returning,1,1,0,0,0,0.0,0.0,0.0,,0.0
2020-12-09,desktop,<Other>,<Other>,<Other> / <Other>,Other,New,493,491,7,7,9,1049.0,0.014198782961460446,0.014256619144602852,116.55555555555556,2.127789046653144
2020-12-09,desktop,<Other>,<Other>,<Other> / <Other>,Other,Returning,40,39,3,3,3,141.0,0.075,0.07692307692307693,47.0,3.525
2020-12-09,desktop,google,cpc,google / cpc,Paid Search,New,121,121,1,1,1,58.0,0.008264462809917356,0.008264462809917356,58.0,0.4793388429752066
2020-12-09,desktop,google,cpc,google / cpc,Paid Search,Returning,11,11,0,0,0,0.0,0.0,0.0,,0.0
2020-12-09,desktop,<Other>,referral,<Other> / referral,Referral,New,281,275,5,5,5,273.0,0.017793594306049824,0.01818181818181818,54.6,0.9715302491103203
2020-12-09,desktop,<Other>,referral,<Other> / referral,Referral,Returning,80,77,3,3,3,140.0,0.0375,0.03896103896103896,46.666666666666664,1.75
2020-12-09,desktop,shop.googlemerchandisestore.com,referral,shop.googlemerchandisestore.com / referral,Referral,New,197,192,2,2,2,10.0,0.01015228426395939,0.010416666666666666,5.0,0.050761421319796954
2020-12-09,desktop,shop.googlemerchandisestore.com,referral,shop.googlemerchandisestore.com / referral,Referral,Returning,126,123,7,7,7,328.0,0.05555555555555555,0.056910569105691054,46.857142857142854,2.6031746031746033
2020-12-09,mobile,(direct),(none),(direct) / (none),Direct,New,469,458,7,7,7,411.0,0.014925373134328358,0.015283842794759825,58.714285714285715,0.8763326226012793
2020-12-09,mobile,(direct),(none),(direct) / (none),Direct,Returning,91,86,3,3,3,366.0,0.03296703296703297,0.03488372093023256,122.0,4.021978021978022
2020-12-09,mobile,<Other>,organic,<Other> / organic,Organic Search,New,60,60,2,2,2,106.0,0.03333333333333333,0.03333333333333333,53.0,1.7666666666666666
2020-12-09,mobile,<Other>,organic,<Other> / organic,Organic Search,Returning,10,10,0,0,0,0.0,0.0,0.0,,0.0
2020-12-09,mobile,google,organic,google / organic,Organic Search,New,698,680,11,12,12,1066.0,0.017191977077363897,0.016176470588235296,88.83333333333333,1.527220630372493
2020-12-09,mobile,google,organic,google / organic,Organic Search,Returning,105,100,3,3,3,236.0,0.02857142857142857,0.03,78.66666666666667,2.2476190476190476
2020-12-09,mobile,(data deleted),(data deleted),(data deleted) / (data deleted),Other,New,43,40,2,2,3,183.0,0.046511627906976744,0.05,61.0,4.255813953488372
2020-12-09,mobile,(data deleted),(data deleted),(data deleted) / (data deleted),Other,Returning,103,93,3,3,3,253.0,0.02912621359223301,0.03225806451612903,84.33333333333333,2.4563106796116503
2020-12-09,mobile,<Other>,(data deleted),<Other> / (data deleted),Other,New,2,2,0,0,0,0.0,0.0,0.0,,0.0
2020-12-09,mobile,<Other>,(data deleted),<Other> / (data deleted),Other,Returning,2,2,0,0,0,0.0,0.0,0.0,,0.0
2020-12-09,mobile,<Other>,<Other>,<Other> / <Other>,Other,New,330,329,4,4,4,466.0,0.012121212121212121,0.0121580547112462,116.5,1.412121212121212
2020-12-09,mobile,<Other>,<Other>,<Other> / <Other>,Other,Returning,29,29,0,0,0,0.0,0.0,0.0,,0.0
2020-12-09,mobile,google,cpc,google / cpc,Paid Search,New,97,97,0,0,0,0.0,0.0,0.0,,0.0
2020-12-09,mobile,google,cpc,google / cpc,Paid Search,Returning,9,9,1,1,1,24.0,0.1111111111111111,0.1111111111111111,24.0,2.6666666666666665
2020-12-09,mobile,<Other>,referral,<Other> / referral,Referral,New,151,150,2,2,2,76.0,0.013245033112582781,0.013333333333333334,38.0,0.5033112582781457
2020-12-09,mobile,<Other>,referral,<Other> / referral,Referral,Returning,62,62,1,1,1,25.0,0.016129032258064516,0.016129032258064516,25.0,0.4032258064516129
2020-12-09,mobile,shop.googlemerchandisestore.com,referral,shop.googlemerchandisestore.com / referral,Referral,New,132,129,1,1,1,66.0,0.007575757575757576,0.007751937984496124,66.0,0.5
2020-12-09,mobile,shop.googlemerchandisestore.com,referral,shop.googlemerchandisestore.com / referral,Referral,Returning,85,82,4,4,5,625.0,0.047058823529411764,0.04878048780487805,125.0,7.352941176470588
2020-12-09,tablet,(direct),(none),(direct) / (none),Direct,New,31,30,0,0,0,0.0,0.0,0.0,,0.0
2020-12-09,tablet,(direct),(none),(direct) / (none),Direct,Returning,9,8,1,1,1,134.0,0.1111111111111111,0.125,134.0,14.88888888888889
2020-12-09,tablet,<Other>,organic,<Other> / organic,Organic Search,New,8,8,0,0,0,0.0,0.0,0.0,,0.0
2020-12-09,tablet,google,organic,google / organic,Organic Search,New,26,25,0,0,0,0.0,0.0,0.0,,0.0
2020-12-09,tablet,google,organic,google / organic,Organic Search,Returning,3,3,0,0,0,0.0,0.0,0.0,,0.0
2020-12-09,tablet,(data deleted),(data deleted),(data deleted) / (data deleted),Other,New,4,4,0,0,0,0.0,0.0,0.0,,0.0
2020-12-09,tablet,(data deleted),(data deleted),(data deleted) / (data deleted),Other,Returning,13,11,0,0,0,0.0,0.0,0.0,,0.0
2020-12-09,tablet,<Other>,<Other>,<Other> / <Other>,Other,New,16,16,0,0,0,0.0,0.0,0.0,,0.0
2020-12-09,tablet,<Other>,<Other>,<Other> / <Other>,Other,Returning,2,2,0,0,0,0.0,0.0,0.0,,0.0
2020-12-09,tablet,google,cpc,google / cpc,Paid Search,New,8,8,0,0,0,0.0,0.0,0.0,,0.0
2020-12-09,tablet,google,cpc,google / cpc,Paid Search,Returning,1,1,0,0,0,0.0,0.0,0.0,,0.0
2020-12-09,tablet,<Other>,referral,<Other> / referral,Referral,New,11,11,0,0,0,0.0,0.0,0.0,,0.0
2020-12-09,tablet,<Other>,referral,<Other> / referral,Referral,Returning,1,1,0,0,0,0.0,0.0,0.0,,0.0
2020-12-09,tablet,shop.googlemerchandisestore.com,referral,shop.googlemerchandisestore.com / referral,Referral,New,14,11,0,0,0,0.0,0.0,0.0,,0.0
2020-12-09,tablet,shop.googlemerchandisestore.com,referral,shop.googlemerchandisestore.com / referral,Referral,Returning,11,11,3,3,3,133.0,0.2727272727272727,0.2727272727272727,44.333333333333336,12.090909090909092
2020-12-10,desktop,(direct),(none),(direct) / (none),Direct,New,669,655,11,11,11,838.0,0.016442451420029897,0.016793893129770993,76.18181818181819,1.2526158445440956
2020-12-10,desktop,(direct),(none),(direct) / (none),Direct,Returning,152,141,7,7,7,964.0,0.046052631578947366,0.04964539007092199,137.71428571428572,6.342105263157895
2020-12-10,desktop,<Other>,organic,<Other> / organic,Organic Search,New,77,77,1,1,1,60.0,0.012987012987012988,0.012987012987012988,60.0,0.7792207792207793
2020-12-10,desktop,<Other>,organic,<Other> / organic,Organic Search,Returning,16,16,0,0,0,0.0,0.0,0.0,,0.0
2020-12-10,desktop,google,organic,google / organic,Organic Search,New,896,882,7,7,7,519.0,0.0078125,0.007936507936507936,74.14285714285714,0.5792410714285714
2020-12-10,desktop,google,organic,google / organic,Organic Search,Returning,145,134,14,14,18,972.0,0.09655172413793103,0.1044776119402985,54.0,6.703448275862069
2020-12-10,desktop,(data deleted),(data deleted),(data deleted) / (data deleted),Other,New,93,91,4,4,4,376.0,0.043010752688172046,0.04395604395604396,94.0,4.043010752688172
2020-12-10,desktop,(data deleted),(data deleted),(data deleted) / (data deleted),Other,Returning,157,145,10,10,10,674.0,0.06369426751592357,0.06896551724137931,67.4,4.292993630573249
2020-12-10,desktop,<Other>,(data deleted),<Other> / (data deleted),Other,New,1,1,0,0,0,0.0,0.0,0.0,,0.0
2020-12-10,desktop,<Other>,(data deleted),<Other> / (data deleted),Other,Returning,4,4,0,0,0,0.0,0.0,0.0,,0.0
2020-12-10,desktop,<Other>,<Other>,<Other> / <Other>,Other,New,447,447,2,2,2,54.0,0.0044742729306487695,0.0044742729306487695,27.0,0.12080536912751678
2020-12-10,desktop,<Other>,<Other>,<Other> / <Other>,Other,Returning,59,56,3,3,5,96.0,0.05084745762711865,0.05357142857142857,19.2,1.6271186440677967
2020-12-10,desktop,google,cpc,google / cpc,Paid Search,New,156,156,1,1,1,18.0,0.00641025641025641,0.00641025641025641,18.0,0.11538461538461539
2020-12-10,desktop,google,cpc,google / cpc,Paid Search,Returning,4,4,0,0,0,0.0,0.0,0.0,,0.0
2020-12-10,desktop,(data deleted),referral,(data deleted) / referral,Referral,Returning,1,1,0,0,0,0.0,0.0,0.0,,0.0
2020-12-10,desktop,<Other>,referral,<Other> / referral,Referral,New,279,275,4,4,4,271.0,0.014336917562724014,0.014545454545454545,67.75,0.9713261648745519
2020-12-10,desktop,<Other>,referral,<Other> / referral,Referral,Returning,95,92,5,5,5,263.0,0.05263157894736842,0.05434782608695652,52.6,2.768421052631579
2020-12-10,desktop,shop.googlemerchandisestore.com,referral,shop.googlemerchandisestore.com / referral,Referral,New,164,161,4,4,4,175.0,0.024390243902439025,0.024844720496894408,43.75,1.0670731707317074
2020-12-10,desktop,shop.googlemerchandisestore.com,referral,shop.googlemerchandisestore.com / referral,Referral,Returning,123,121,3,3,4,279.0,0.024390243902439025,0.024793388429752067,69.75,2.268292682926829
2020-12-10,mobile,(direct),(none),(direct) / (none),Direct,New,430,422,5,5,5,399.0,0.011627906976744186,0.011848341232227487,79.8,0.9279069767441861
2020-12-10,mobile,(direct),(none),(direct) / (none),Direct,Returning,91,84,4,4,4,522.0,0.04395604395604396,0.047619047619047616,130.5,5.736263736263736
2020-12-10,mobile,<Other>,organic,<Other> / organic,Organic Search,New,58,58,0,0,0,0.0,0.0,0.0,,0.0
2020-12-10,mobile,<Other>,organic,<Other> / organic,Organic Search,Returning,9,8,1,1,1,840.0,0.1111111111111111,0.125,840.0,93.33333333333333
2020-12-10,mobile,google,organic,google / organic,Organic Search,New,586,577,7,7,7,338.0,0.011945392491467578,0.012131715771230503,48.285714285714285,0.5767918088737202
2020-12-10,mobile,google,organic,google / organic,Organic Search,Returning,118,110,6,6,8,706.0,0.05084745762711865,0.05454545454545454,88.25,5.983050847457627
2020-12-10,mobile,(data deleted),(data deleted),(data deleted) / (data deleted),Other,New,68,63,3,3,3,283.0,0.04411764705882353,0.047619047619047616,94.33333333333333,4.161764705882353
2020-12-10,mobile,(data deleted),(data deleted),(data deleted) / (data deleted),Other,Returning,111,101,9,9,10,1030.0,0.08108108108108109,0.0891089108910891,103.0,9.27927927927928
2020-12-10,mobile,<Other>,(data deleted),<Other> / (data deleted),Other,New,2,2,0,0,0,0.0,0.0,0.0,,0.0
2020-12-10,mobile,<Other>,(data deleted),<Other> / (data deleted),Other,Returning,3,3,0,0,0,0.0,0.0,0.0,,0.0
2020-12-10,mobile,<Other>,<Other>,<Other> / <Other>,Other,New,300,299,1,1,1,18.0,0.0033333333333333335,0.0033444816053511705,18.0,0.06
2020-12-10,mobile,<Other>,<Other>,<Other> / <Other>,Other,Returning,35,35,2,2,2,161.0,0.05714285714285714,0.05714285714285714,80.5,4.6
2020-12-10,mobile,google,cpc,google / cpc,Paid Search,New,92,92,0,0,0,0.0,0.0,0.0,,0.0
2020-12-10,mobile,google,cpc,google / cpc,Paid Search,Returning,10,10,0,0,0,0.0,0.0,0.0,,0.0
2020-12-10,mobile,<Other>,referral,<Other> / referral,Referral,New,187,183,2,2,2,34.0,0.0106951871657754,0.01092896174863388,17.0,0.18181818181818182
2020-12-10,mobile,<Other>,referral,<Other> / referral,Referral,Returning,51,51,3,3,7,79.0,0.058823529411764705,0.058823529411764705,11.285714285714286,1.5490196078431373
2020-12-10,mobile,shop.googlemerchandisestore.com,referral,shop.googlemerchandisestore.com / referral,Referral,New,120,118,3,3,3,180.0,0.025,0.025423728813559324,60.0,1.5
2020-12-10,mobile,shop.googlemerchandisestore.com,referral,shop.googlemerchandisestore.com / referral,Referral,Returning,72,67,5,5,5,551.0,0.06944444444444445,0.07462686567164178,110.2,7.652777777777778
2020-12-10,tablet,(direct),(none),(direct) / (none),Direct,New,23,21,0,0,0,0.0,0.0,0.0,,0.0
2020-12-10,tablet,(direct),(none),(direct) / (none),Direct,Returning,9,8,0,0,0,0.0,0.0,0.0,,0.0
2020-12-10,tablet,<Other>,organic,<Other> / organic,Organic Search,New,2,2,0,0,0,0.0,0.0,0.0,,0.0
2020-12-10,tablet,google,organic,google / organic,Organic Search,New,34,34,0,0,0,0.0,0.0,0.0,,0.0
2020-12-10,tablet,google,organic,google / organic,Organic Search,Returning,4,4,0,0,0,0.0,0.0,0.0,,0.0
2020-12-10,tablet,(data deleted),(data deleted),(data deleted) / (data deleted),Other,New,5,4,0,0,0,0.0,0.0,0.0,,0.0
2020-12-10,tablet,(data deleted),(data deleted),(data deleted) / (data deleted),Other,Returning,8,8,0,0,0,0.0,0.0,0.0,,0.0
2020-12-10,tablet,<Other>,<Other>,<Other> / <Other>,Other,New,12,12,1,1,1,21.0,0.08333333333333333,0.08333333333333333,21.0,1.75
2020-12-10,tablet,google,cpc,google / cpc,Paid Search,New,9,9,1,1,1,35.0,0.1111111111111111,0.1111111111111111,35.0,3.888888888888889
2020-12-10,tablet,<Other>,referral,<Other> / referral,Referral,New,10,10,0,0,0,0.0,0.0,0.0,,0.0
2020-12-10,tablet,<Other>,referral,<Other> / referral,Referral,Returning,2,2,0,0,0,0.0,0.0,0.0,,0.0
2020-12-10,tablet,shop.googlemerchandisestore.com,referral,shop.googlemerchandisestore.com / referral,Referral,New,6,6,0,0,0,0.0,0.0,0.0,,0.0
2020-12-10,tablet,shop.googlemerchandisestore.com,referral,shop.googlemerchandisestore.com / referral,Referral,Returning,6,6,0,0,0,0.0,0.0,0.0,,0.0
2020-12-11,desktop,(direct),(none),(direct) / (none),Direct,New,600,587,7,7,7,365.0,0.011666666666666667,0.01192504258943782,52.142857142857146,0.6083333333333333
2020-12-11,desktop,(direct),(none),(direct) / (none),Direct,Returning,157,144,11,11,12,1092.0,0.07006369426751592,0.0763888888888889,91.0,6.955414012738854
2020-12-11,desktop,<Other>,organic,<Other> / organic,Organic Search,New,70,70,2,2,2,71.0,0.02857142857142857,0.02857142857142857,35.5,1.0142857142857142
2020-12-11,desktop,<Other>,organic,<Other> / organic,Organic Search,Returning,14,14,3,3,3,171.0,0.21428571428571427,0.21428571428571427,57.0,12.214285714285714
2020-12-11,desktop,google,organic,google / organic,Organic Search,New,854,836,12,12,13,732.0,0.01405152224824356,0.014354066985645933,56.30769230769231,0.8571428571428571
2020-12-11,desktop,google,organic,google / organic,Organic Search,Returning,137,129,9,9,9,370.0,0.06569343065693431,0.06976744186046512,41.111111111111114,2.7007299270072993
2020-12-11,desktop,(data deleted),(data deleted),(data deleted) / (data deleted),Other,New,73,72,5,5,5,300.0,0.0684931506849315,0.06944444444444445,60.0,4.109589041095891
2020-12-11,desktop,(data deleted),(data deleted),(data deleted) / (data deleted),Other,Returning,164,152,6,6,6,217.0,0.036585365853658534,0.039473684210526314,36.166666666666664,1.3231707317073171
2020-12-11,desktop,<Other>,<Other>,<Other> / <Other>,Other,New,430,425,5,5,5,302.0,0.011627906976744186,0.011764705882352941,60.4,0.7023255813953488
2020-12-11,desktop,<Other>,<Other>,<Other> / <Other>,Other,Returning,43,42,5,5,5,377.0,0.11627906976744186,0.11904761904761904,75.4,8.767441860465116
2020-12-11,desktop,google,cpc,google / cpc,Paid Search,New,139,138,4,4,4,180.0,0.02877697841726619,0.028985507246376812,45.0,1.2949640287769784
2020-12-11,desktop,google,cpc,google / cpc,Paid Search,Returning,9,9,1,1,1,52.0,0.1111111111111111,0.1111111111111111,52.0,5.777777777777778
2020-12-11,desktop,<Other>,referral,<Other> / referral,Referral,New,252,252,1,1,1,44.0,0.003968253968253968,0.003968253968253968,44.0,0.1746031746031746
2020-12-11,desktop,<Other>,referral,<Other> / referral,Referral,Returning,74,72,7,7,10,499.0,0.0945945945945946,0.09722222222222222,49.9,6.743243243243243
2020-12-11,desktop,shop.googlemerchandisestore.com,referral,shop.googlemerchandisestore.com / referral,Referral,New,179,173,5,5,5,311.0,0.027932960893854747,0.028901734104046242,62.2,1.7374301675977655
2020-12-11,desktop,shop.googlemerchandisestore.com,referral,shop.googlemerchandisestore.com / referral,Referral,Returning,93,90,4,4,4,696.0,0.043010752688172046,0.044444444444444446,174.0,7.483870967741935
2020-12-11,mobile,(direct),(none),(direct) / (none),Direct,New,365,358,6,6,6,239.0,0.01643835616438356,0.01675977653631285,39.833333333333336,0.6547945205479452
2020-12-11,mobile,(direct),(none),(direct) / (none),Direct,Returning,99,93,8,8,12,649.0,0.08080808080808081,0.08602150537634409,54.083333333333336,6.555555555555555
2020-12-11,mobile,<Other>,organic,<Other> / organic,Organic Search,New,51,51,1,1,2,173.0,0.0196078431372549,0.0196078431372549,86.5,3.392156862745098
2020-12-11,mobile,<Other>,organic,<Other> / organic,Organic Search,Returning,3,3,0,0,0,0.0,0.0,0.0,,0.0
2020-12-11,mobile,google,organic,google / organic,Organic Search,New,588,580,10,10,10,831.0,0.017006802721088437,0.017241379310344827,83.1,1.413265306122449
2020-12-11,mobile,google,organic,google / organic,Organic Search,Returning,105,99,8,8,8,702.0,0.0761904761904762,0.08080808080808081,87.75,6.685714285714286
2020-12-11,mobile,(data deleted),(data deleted),(data deleted) / (data deleted),Other,New,50,50,0,0,0,0.0,0.0,0.0,,0.0
2020-12-11,mobile,(data deleted),(data deleted),(data deleted) / (data deleted),Other,Returning,96,89,7,7,7,565.0,0.07291666666666667,0.07865168539325842,80.71428571428571,5.885416666666667
2020-12-11,mobile,<Other>,(data deleted),<Other> / (data deleted),Other,Returning,1,1,0,0,0,0.0,0.0,0.0,,0.0
2020-12-11,mobile,<Other>,<Other>,<Other> / <Other>,Other,New,317,315,0,0,0,0.0,0.0,0.0,,0.0
2020-12-11,mobile,<Other>,<Other>,<Other> / <Other>,Other,Returning,30,30,2,2,2,143.0,0.06666666666666667,0.06666666666666667,71.5,4.766666666666667
2020-12-11,mobile,google,cpc,google / cpc,Paid Search,New,96,95,1,1,1,24.0,0.010416666666666666,0.010526315789473684,24.0,0.25
2020-12-11,mobile,google,cpc,google / cpc,Paid Search,Returning,11,11,1,1,1,176.0,0.09090909090909091,0.09090909090909091,176.0,16.0
2020-12-11,mobile,<Other>,referral,<Other> / referral,Referral,New,170,170,3,3,3,189.0,0.01764705882352941,0.01764705882352941,63.0,1.111764705882353
2020-12-11,mobile,<Other>,referral,<Other> / referral,Referral,Returning,55,55,3,3,3,100.0,0.05454545454545454,0.05454545454545454,33.333333333333336,1.8181818181818181
2020-12-11,mobile,shop.googlemerchandisestore.com,referral,shop.googlemerchandisestore.com / referral,Referral,New,113,111,6,6,6,393.0,0.05309734513274336,0.05405405405405406,65.5,3.47787610619469
2020-12-11,mobile,shop.googlemerchandisestore.com,referral,shop.googlemerchandisestore.com / referral,Referral,Returning,57,56,4,4,6,381.0,0.07017543859649122,0.07142857142857142,63.5,6.684210526315789
2020-12-11,tablet,(direct),(none),(direct) / (none),Direct,New,19,18,0,0,0,0.0,0.0,0.0,,0.0
2020-12-11,tablet,(direct),(none),(direct) / (none),Direct,Returning,5,3,1,1,1,56.0,0.2,0.3333333333333333,56.0,11.2
2020-12-11,tablet,<Other>,organic,<Other> / organic,Organic Search,New,3,3,0,0,0,0.0,0.0,0.0,,0.0
2020-12-11,tablet,google,organic,google / organic,Organic Search,New,33,31,0,0,0,0.0,0.0,0.0,,0.0
2020-12-11,tablet,google,organic,google / organic,Organic Search,Returning,5,5,0,0,0,0.0,0.0,0.0,,0.0
2020-12-11,tablet,(data deleted),(data deleted),(data deleted) / (data deleted),Other,New,1,1,0,0,0,0.0,0.0,0.0,,0.0
2020-12-11,tablet,(data deleted),(data deleted),(data deleted) / (data deleted),Other,Returning,8,8,0,0,0,0.0,0.0,0.0,,0.0
2020-12-11,tablet,<Other>,<Other>,<Other> / <Other>,Other,New,17,17,0,0,0,0.0,0.0,0.0,,0.0
2020-12-11,tablet,google,cpc,google / cpc,Paid Search,New,6,6,0,0,0,0.0,0.0,0.0,,0.0
2020-12-11,tablet,<Other>,referral,<Other> / referral,Referral,New,8,8,0,0,0,0.0,0.0,0.0,,0.0
2020-12-11,tablet,<Other>,referral,<Other> / referral,Referral,Returning,7,7,0,0,0,0.0,0.0,0.0,,0.0
2020-12-11,tablet,shop.googlemerchandisestore.com,referral,shop.googlemerchandisestore.com / referral,Referral,New,9,8,0,0,0,0.0,0.0,0.0,,0.0
2020-12-11,tablet,shop.googlemerchandisestore.com,referral,shop.googlemerchandisestore.com / referral,Referral,Returning,1,1,0,0,0,0.0,0.0,0.0,,0.0
2020-12-12,desktop,(direct),(none),(direct) / (none),Direct,New,484,473,10,10,10,1152.0,0.02066115702479339,0.021141649048625793,115.2,2.3801652892561984
2020-12-12,desktop,(direct),(none),(direct) / (none),Direct,Returning,78,74,8,8,8,208.0,0.10256410256410256,0.10810810810810811,26.0,2.6666666666666665
2020-12-12,desktop,<Other>,organic,<Other> / organic,Organic Search,New,75,74,1,1,1,90.0,0.013333333333333334,0.013513513513513514,90.0,1.2
2020-12-12,desktop,<Other>,organic,<Other> / organic,Organic Search,Returning,8,8,0,0,0,0.0,0.0,0.0,,0.0
2020-12-12,desktop,google,organic,google / organic,Organic Search,New,669,656,9,9,9,279.0,0.013452914798206279,0.013719512195121951,31.0,0.4170403587443946
2020-12-12,desktop,google,organic,google / organic,Organic Search,Returning,68,64,9,9,9,676.0,0.1323529411764706,0.140625,75.11111111111111,9.941176470588236
2020-12-12,desktop,(data deleted),(data deleted),(data deleted) / (data deleted),Other,New,48,46,2,2,3,187.0,0.041666666666666664,0.043478260869565216,62.333333333333336,3.8958333333333335
2020-12-12,desktop,(data deleted),(data deleted),(data deleted) / (data deleted),Other,Returning,83,80,10,10,12,631.0,0.12048192771084337,0.125,52.583333333333336,7.602409638554217
2020-12-12,desktop,<Other>,(data deleted),<Other> / (data deleted),Other,Returning,2,2,1,1,1,88.0,0.5,0.5,88.0,44.0
2020-12-12,desktop,<Other>,<Other>,<Other> / <Other>,Other,New,357,353,5,5,5,182.0,0.014005602240896359,0.014164305949008499,36.4,0.5098039215686274
2020-12-12,desktop,<Other>,<Other>,<Other> / <Other>,Other,Returning,26,24,1,1,1,67.0,0.038461538461538464,0.041666666666666664,67.0,2.576923076923077
2020-12-12,desktop,google,cpc,google / cpc,Paid Search,New,103,103,1,1,1,50.0,0.009708737864077669,0.009708737864077669,50.0,0.4854368932038835
2020-12-12,desktop,google,cpc,google / cpc,Paid Search,Returning,2,2,0,0,0,0.0,0.0,0.0,,0.0
2020-12-12,desktop,<Other>,referral,<Other> / referral,Referral,New,211,208,2,2,4,206.0,0.009478672985781991,0.009615384615384616,51.5,0.976303317535545
2020-12-12,desktop,<Other>,referral,<Other> / referral,Referral,Returning,51,49,3,3,3,204.0,0.058823529411764705,0.061224489795918366,68.0,4.0
2020-12-12,desktop,shop.googlemerchandisestore.com,referral,shop.googlemerchandisestore.com / referral,Referral,New,136,132,1,1,1,127.0,0.007352941176470588,0.007575757575757576,127.0,0.9338235294117647
2020-12-12,desktop,shop.googlemerchandisestore.com,referral,shop.googlemerchandisestore.com / referral,Referral,Returning,61,58,3,3,3,216.0,0.04918032786885246,0.05172413793103448,72.0,3.540983606557377
2020-12-12,mobile,(direct),(none),(direct) / (none),Direct,New,298,289,5,5,5,167.0,0.016778523489932886,0.01730103806228374,33.4,0.5604026845637584
2020-12-12,mobile,(direct),(none),(direct) / (none),Direct,Returning,56,52,3,3,3,255.0,0.05357142857142857,0.057692307692307696,85.0,4.553571428571429
2020-12-12,mobile,<Other>,organic,<Other> / organic,Organic Search,New,37,37,2,2,2,26.0,0.05405405405405406,0.05405405405405406,13.0,0.7027027027027027
2020-12-12,mobile,<Other>,organic,<Other> / organic,Organic Search,Returning,4,4,0,0,0,0.0,0.0,0.0,,0.0
2020-12-12,mobile,google,organic,google / organic,Organic Search,New,445,443,3,3,4,168.0,0.006741573033707865,0.006772009029345372,42.0,0.3775280898876405
2020-12-12,mobile,google,organic,google / organic,Organic Search,Returning,66,63,3,3,3,197.0,0.045454545454545456,0.047619047619047616,65.66666666666667,2.984848484848485
2020-12-12,mobile,(data deleted),(data deleted),(data deleted) / (data deleted),Other,New,23,22,0,0,0,0.0,0.0,0.0,,0.0
2020-12-12,mobile,(data deleted),(data deleted),(data deleted) / (data deleted),Other,Returning,49,49,5,5,6,332.0,0.10204081632653061,0.10204081632653061,55.333333333333336,6.775510204081633
2020-12-12,mobile,<Other>,(data deleted),<Other> / (data deleted),Other,Returning,1,1,0,0,0,0.0,0.0,0.0,,0.0
2020-12-12,mobile,<Other>,<Other>,<Other> / <Other>,Other,New,250,249,4,4,4,318.0,0.016,0.01606425702811245,79.5,1.272
2020-12-12,mobile,<Other>,<Other>,<Other> / <Other>,Other,Returning,12,12,0,0,0,0.0,0.0,0.0,,0.0
2020-12-12,mobile,google,cpc,google / cpc,Paid Search,New,83,83,1,1,1,14.0,0.012048192771084338,0.012048192771084338,14.0,0.1686746987951807
2020-12-12,mobile,google,cpc,google / cpc,Paid Search,Returning,3,3,0,0,0,0.0,0.0,0.0,,0.0
2020-12-12,mobile,<Other>,referral,<Other> / referral,Referral,New,130,129,1,1,1,99.0,0.007692307692307693,0.007751937984496124,99.0,0.7615384615384615
2020-12-12,mobile,<Other>,referral,<Other> / referral,Referral,Returning,22,22,1,1,1,112.0,0.045454545454545456,0.045454545454545456,112.0,5.090909090909091
2020-12-12,mobile,shop.googlemerchandisestore.com,referral,shop.googlemerchandisestore.com / referral,Referral,New,71,71,1,1,1,62.0,0.014084507042253521,0.014084507042253521,62.0,0.8732394366197183
2020-12-12,mobile,shop.googlemerchandisestore.com,referral,shop.googlemerchandisestore.com / referral,Referral,Returning,42,42,3,3,3,171.0,0.07142857142857142,0.07142857142857142,57.0,4.071428571428571
2020-12-12,tablet,(direct),(none),(direct) / (none),Direct,New,12,12,0,0,0,0.0,0.0,0.0,,0.0
2020-12-12,tablet,(direct),(none),(direct) / (none),Direct,Returning,3,3,0,0,0,0.0,0.0,0.0,,0.0
2020-12-12,tablet,google,organic,google / organic,Organic Search,New,33,33,0,0,0,0.0,0.0,0.0,,0.0
2020-12-12,tablet,google,organic,google / organic,Organic Search,Returning,7,7,1,1,1,0.0,0.14285714285714285,0.14285714285714285,0.0,0.0
2020-12-12,tablet,(data deleted),(data deleted),(data deleted) / (data deleted),Other,Returning,3,3,0,0,0,0.0,0.0,0.0,,0.0
2020-12-12,tablet,<Other>,<Other>,<Other> / <Other>,Other,New,8,8,0,0,0,0.0,0.0,0.0,,0.0
2020-12-12,tablet,<Other>,<Other>,<Other> / <Other>,Other,Returning,3,3,0,0,0,0.0,0.0,0.0,,0.0
2020-12-12,tablet,google,cpc,google / cpc,Paid Search,New,4,4,0,0,0,0.0,0.0,0.0,,0.0
2020-12-12,tablet,<Other>,referral,<Other> / referral,Referral,New,6,6,0,0,0,0.0,0.0,0.0,,0.0
2020-12-12,tablet,<Other>,referral,<Other> / referral,Referral,Returning,1,1,0,0,0,0.0,0.0,0.0,,0.0
2020-12-12,tablet,shop.googlemerchandisestore.com,referral,shop.googlemerchandisestore.com / referral,Referral,New,9,9,0,0,0,0.0,0.0,0.0,,0.0
2020-12-13,desktop,(direct),(none),(direct) / (none),Direct,New,435,428,3,3,3,136.0,0.006896551724137931,0.007009345794392523,45.333333333333336,0.31264367816091954
2020-12-13,desktop,(direct),(none),(direct) / (none),Direct,Returning,80,74,3,3,3,132.0,0.0375,0.04054054054054054,44.0,1.65
2020-12-13,desktop,<Other>,organic,<Other> / organic,Organic Search,New,58,58,0,0,0,0.0,0.0,0.0,,0.0
2020-12-13,desktop,<Other>,organic,<Other> / organic,Organic Search,Returning,12,12,1,1,1,54.0,0.08333333333333333,0.08333333333333333,54.0,4.5
2020-12-13,desktop,google,organic,google / organic,Organic Search,New,632,616,7,7,7,467.0,0.011075949367088608,0.011363636363636364,66.71428571428571,0.7389240506329114
2020-12-13,desktop,google,organic,google / organic,Organic Search,Returning,74,70,4,4,4,658.0,0.05405405405405406,0.05714285714285714,164.5,8.891891891891891
2020-12-13,desktop,(data deleted),(data deleted),(data deleted) / (data deleted),Other,New,34,32,1,1,1,33.0,0.029411764705882353,0.03125,33.0,0.9705882352941176
2020-12-13,desktop,(data deleted),(data deleted),(data deleted) / (data deleted),Other,Returning,73,71,3,3,6,610.0,0.0410958904109589,0.04225352112676056,101.66666666666667,8.356164383561644
2020-12-13,desktop,<Other>,<Other>,<Other> / <Other>,Other,New,287,285,3,3,3,112.0,0.010452961672473868,0.010526315789473684,37.333333333333336,0.3902439024390244
2020-12-13,desktop,<Other>,<Other>,<Other> / <Other>,Other,Returning,18,18,4,4,5,157.0,0.2222222222222222,0.2222222222222222,31.4,8.722222222222221
2020-12-13,desktop,google,cpc,google / cpc,Paid Search,New,89,88,0,0,0,0.0,0.0,0.0,,0.0
2020-12-13,desktop,google,cpc,google / cpc,Paid Search,Returning,7,7,0,0,0,0.0,0.0,0.0,,0.0
2020-12-13,desktop,<Other>,referral,<Other> / referral,Referral,New,170,169,3,3,3,205.0,0.01764705882352941,0.01775147928994083,68.33333333333333,1.2058823529411764
2020-12-13,desktop,<Other>,referral,<Other> / referral,Referral,Returning,28,28,0,0,0,0.0,0.0,0.0,,0.0
2020-12-13,desktop,shop.googlemerchandisestore.com,referral,shop.googlemerchandisestore.com / referral,Referral,New,94,90,0,0,0,0.0,0.0,0.0,,0.0
2020-12-13,desktop,shop.googlemerchandisestore.com,referral,shop.googlemerchandisestore.com / referral,Referral,Returning,55,53,4,4,7,319.0,0.07272727272727272,0.07547169811320754,45.57142857142857,5.8
2020-12-13,mobile,(direct),(none),(direct) / (none),Direct,New,302,298,3,3,3,147.0,0.009933774834437087,0.010067114093959731,49.0,0.4867549668874172
2020-12-13,mobile,(direct),(none),(direct) / (none),Direct,Returning,39,37,2,2,2,76.0,0.05128205128205128,0.05405405405405406,38.0,1.9487179487179487
2020-12-13,mobile,<Other>,organic,<Other> / organic,Organic Search,New,44,44,0,0,0,0.0,0.0,0.0,,0.0
2020-12-13,mobile,<Other>,organic,<Other> / organic,Organic Search,Returning,2,2,0,0,0,0.0,0.0,0.0,,0.0
2020-12-13,mobile,google,organic,google / organic,Organic Search,New,455,446,4,4,4,269.0,0.008791208791208791,0.008968609865470852,67.25,0.5912087912087912
2020-12-13,mobile,google,organic,google / organic,Organic Search,Returning,50,47,4,4,4,74.0,0.08,0.0851063829787234,18.5,1.48
2020-12-13,mobile,(data deleted),(data deleted),(data deleted) / (data deleted),Other,New,17,17,0,0,0,0.0,0.0,0.0,,0.0
2020-12-13,mobile,(data deleted),(data deleted),(data deleted) / (data deleted),Other,Returning,48,47,4,4,7,187.0,0.08333333333333333,0.0851063829787234,26.714285714285715,3.8958333333333335
2020-12-13,mobile,<Other>,(data deleted),<Other> / (data deleted),Other,Returning,1,1,0,0,0,0.0,0.0,0.0,,0.0
2020-12-13,mobile,<Other>,<Other>,<Other> / <Other>,Other,New,214,213,4,4,4,209.0,0.018691588785046728,0.018779342723004695,52.25,0.9766355140186916
2020-12-13,mobile,<Other>,<Other>,<Other> / <Other>,Other,Returning,15,15,1,1,1,75.0,0.06666666666666667,0.06666666666666667,75.0,5.0
2020-12-13,mobile,google,cpc,google / cpc,Paid Search,New,67,67,1,1,1,95.0,0.014925373134328358,0.014925373134328358,95.0,1.4179104477611941
2020-12-13,mobile,google,cpc,google / cpc,Paid Search,Returning,1,1,0,0,0,0.0,0.0,0.0,,0.0
2020-12-13,mobile,<Other>,referral,<Other> / referral,Referral,New,116,115,0,0,0,0.0,0.0,0.0,,0.0
2020-12-13,mobile,<Other>,referral,<Other> / referral,Referral,Returning,28,28,2,2,2,145.0,0.07142857142857142,0.07142857142857142,72.5,5.178571428571429
2020-12-13,mobile,shop.googlemerchandisestore.com,referral,shop.googlemerchandisestore.com / referral,Referral,New,62,61,2,2,3,235.0,0.03225806451612903,0.03278688524590164,78.33333333333333,3.7903225806451615
2020-12-13,mobile,shop.googlemerchandisestore.com,referral,shop.googlemerchandisestore.com / referral,Referral,Returning,27,27,0,0,0,0.0,0.0,0.0,,0.0
2020-12-13,tablet,(direct),(none),(direct) / (none),Direct,New,14,14,0,0,0,0.0,0.0,0.0,,0.0
2020-12-13,tablet,(direct),(none),(direct) / (none),Direct,Returning,4,4,0,0,0,0.0,0.0,0.0,,0.0
2020-12-13,tablet,<Other>,organic,<Other> / organic,Organic Search,New,3,3,0,0,0,0.0,0.0,0.0,,0.0
2020-12-13,tablet,google,organic,google / organic,Organic Search,New,23,23,0,0,0,0.0,0.0,0.0,,0.0
2020-12-13,tablet,google,organic,google / organic,Organic Search,Returning,4,3,0,0,0,0.0,0.0,0.0,,0.0
2020-12-13,tablet,(data deleted),(data deleted),(data deleted) / (data deleted),Other,Returning,2,2,0,0,0,0.0,0.0,0.0,,0.0
2020-12-13,tablet,<Other>,<Other>,<Other> / <Other>,Other,New,16,16,0,0,0,0.0,0.0,0.0,,0.0
2020-12-13,tablet,google,cpc,google / cpc,Paid Search,New,3,3,0,0,0,0.0,0.0,0.0,,0.0
2020-12-13,tablet,<Other>,referral,<Other> / referral,Referral,New,2,2,0,0,0,0.0,0.0,0.0,,0.0
2020-12-13,tablet,<Other>,referral,<Other> / referral,Referral,Returning,1,1,0,0,0,0.0,0.0,0.0,,0.0
2020-12-13,tablet,shop.googlemerchandisestore.com,referral,shop.googlemerchandisestore.com / referral,Referral,New,3,3,0,0,0,0.0,0.0,0.0,,0.0
2020-12-13,tablet,shop.googlemerchandisestore.com,referral,shop.googlemerchandisestore.com / referral,Referral,Returning,1,1,0,0,0,0.0,0.0,0.0,,0.0
2020-12-14,desktop,(direct),(none),(direct) / (none),Direct,New,582,568,5,5,5,354.0,0.00859106529209622,0.008802816901408451,70.8,0.6082474226804123
2020-12-14,desktop,(direct),(none),(direct) / (none),Direct,Returning,139,130,3,3,3,162.0,0.02158273381294964,0.023076923076923078,54.0,1.1654676258992807
2020-12-14,desktop,<Other>,organic,<Other> / organic,Organic Search,New,66,66,0,0,0,0.0,0.0,0.0,,0.0
2020-12-14,desktop,<Other>,organic,<Other> / organic,Organic Search,Returning,7,7,0,0,0,0.0,0.0,0.0,,0.0
2020-12-14,desktop,google,organic,google / organic,Organic Search,New,843,823,5,5,5,111.0,0.005931198102016607,0.006075334143377886,22.2,0.13167259786476868
2020-12-14,desktop,google,organic,google / organic,Organic Search,Returning,121,119,5,5,5,1727.0,0.04132231404958678,0.04201680672268908,345.4,14.272727272727273
2020-12-14,desktop,(data deleted),(data deleted),(data deleted) / (data deleted),Other,New,56,56,0,0,0,0.0,0.0,0.0,,0.0
2020-12-14,desktop,(data deleted),(data deleted),(data deleted) / (data deleted),Other,Returning,109,101,4,4,4,424.0,0.03669724770642202,0.039603960396039604,106.0,3.889908256880734
2020-12-14,desktop,<Other>,(data deleted),<Other> / (data deleted),Other,Returning,2,2,0,0,0,0.0,0.0,0.0,,0.0
2020-12-14,desktop,<Other>,<Other>,<Other> / <Other>,Other,New,354,353,4,4,4,735.0,0.011299435028248588,0.0113314447592068,183.75,2.0762711864406778
2020-12-14,desktop,<Other>,<Other>,<Other> / <Other>,Other,Returning,36,34,2,2,2,74.0,0.05555555555555555,0.058823529411764705,37.0,2.0555555555555554
2020-12-14,desktop,google,cpc,google / cpc,Paid Search,New,123,123,1,1,1,107.0,0.008130081300813009,0.008130081300813009,107.0,0.8699186991869918
2020-12-14,desktop,google,cpc,google / cpc,Paid Search,Returning,5,5,0,0,0,0.0,0.0,0.0,,0.0
2020-12-14,desktop,<Other>,referral,<Other> / referral,Referral,New,219,215,1,1,1,13.0,0.0045662100456621,0.004651162790697674,13.0,0.0593607305936073
2020-12-14,desktop,<Other>,referral,<Other> / referral,Referral,Returning,53,50,2,2,2,838.0,0.03773584905660377,0.04,419.0,15.81132075471698
2020-12-14,desktop,shop.googlemerchandisestore.com,referral,shop.googlemerchandisestore.com / referral,Referral,New,147,146,2,2,2,24.0,0.013605442176870748,0.0136986301369863,12.0,0.16326530612244897
2020-12-14,desktop,shop.googlemerchandisestore.com,referral,shop.googlemerchandisestore.com / referral,Referral,Returning,82,79,4,4,4,118.0,0.04878048780487805,0.05063291139240506,29.5,1.4390243902439024
2020-12-14,mobile,(direct),(none),(direct) / (none),Direct,New,365,358,4,4,4,156.0,0.010958904109589041,0.0111731843575419,39.0,0.4273972602739726
2020-12-14,mobile,(direct),(none),(direct) / (none),Direct,Returning,82,77,3,3,10,633.0,0.036585365853658534,0.03896103896103896,63.3,7.719512195121951
2020-12-14,mobile,<Other>,organic,<Other> / organic,Organic Search,New,59,59,0,0,0,0.0,0.0,0.0,,0.0
2020-12-14,mobile,<Other>,organic,<Other> / organic,Organic Search,Returning,5,5,0,0,0,0.0,0.0,0.0,,0.0
2020-12-14,mobile,google,organic,google / organic,Organic Search,New,556,545,6,6,9,571.0,0.01079136690647482,0.011009174311926606,63.44444444444444,1.026978417266187
2020-12-14,mobile,google,organic,google / organic,Organic Search,Returning,81,79,6,6,6,287.0,0.07407407407407407,0.0759493670886076,47.833333333333336,3.54320987654321
2020-12-14,mobile,(data deleted),(data deleted),(data deleted) / (data deleted),Other,New,42,41,4,4,5,314.0,0.09523809523809523,0.0975609756097561,62.8,7.476190476190476
2020-12-14,mobile,(data deleted),(data deleted),(data deleted) / (data deleted),Other,Returning,83,80,5,5,5,200.0,0.060240963855421686,0.0625,40.0,2.4096385542168677
2020-12-14,mobile,<Other>,(data deleted),<Other> / (data deleted),Other,Returning,2,2,0,0,0,0.0,0.0,0.0,,0.0
2020-12-14,mobile,<Other>,<Other>,<Other> / <Other>,Other,New,273,273,6,6,7,417.0,0.02197802197802198,0.02197802197802198,59.57142857142857,1.5274725274725274
2020-12-14,mobile,<Other>,<Other>,<Other> / <Other>,Other,Returning,15,14,0,0,0,0.0,0.0,0.0,,0.0
2020-12-14,mobile,google,cpc,google / cpc,Paid Search,New,78,78,1,1,1,133.0,0.01282051282051282,0.01282051282051282,133.0,1.705128205128205
2020-12-14,mobile,google,cpc,google / cpc,Paid Search,Returning,7,7,0,0,0,0.0,0.0,0.0,,0.0
2020-12-14,mobile,<Other>,referral,<Other> / referral,Referral,New,164,161,2,2,2,107.0,0.012195121951219513,0.012422360248447204,53.5,0.6524390243902439
2020-12-14,mobile,<Other>,referral,<Other> / referral,Referral,Returning,40,40,3,3,4,135.0,0.075,0.075,33.75,3.375
2020-12-14,mobile,shop.googlemerchandisestore.com,referral,shop.googlemerchandisestore.com / referral,Referral,New,121,117,2,2,2,40.0,0.01652892561983471,0.017094017094017096,20.0,0.3305785123966942
2020-12-14,mobile,shop.googlemerchandisestore.com,referral,shop.googlemerchandisestore.com / referral,Referral,Returning,57,51,4,5,5,720.0,0.08771929824561403,0.0784313725490196,144.0,12.631578947368421
2020-12-14,tablet,(direct),(none),(direct) / (none),Direct,New,31,30,0,0,0,0.0,0.0,0.0,,0.0
2020-12-14,tablet,(direct),(none),(direct) / (none),Direct,Returning,4,4,0,0,0,0.0,0.0,0.0,,0.0
2020-12-14,tablet,<Other>,organic,<Other> / organic,Organic Search,New,2,2,0,0,0,0.0,0.0,0.0,,0.0
2020-12-14,tablet,google,organic,google / organic,Organic Search,New,33,32,1,1,1,105.0,0.030303030303030304,0.03125,105.0,3.1818181818181817
2020-12-14,tablet,google,organic,google / organic,Organic Search,Returning,7,7,0,0,0,0.0,0.0,0.0,,0.0
2020-12-14,tablet,(data deleted),(data deleted),(data deleted) / (data deleted),Other,New,2,2,0,0,0,0.0,0.0,0.0,,0.0
2020-12-14,tablet,(data deleted),(data deleted),(data deleted) / (data deleted),Other,Returning,4,3,0,0,0,0.0,0.0,0.0,,0.0
2020-12-14,tablet,<Other>,<Other>,<Other> / <Other>,Other,New,21,21,0,0,0,0.0,0.0,0.0,,0.0
2020-12-14,tablet,<Other>,<Other>,<Other> / <Other>,Other,Returning,1,1,0,0,0,0.0,0.0,0.0,,0.0
2020-12-14,tablet,google,cpc,google / cpc,Paid Search,New,4,4,0,0,0,0.0,0.0,0.0,,0.0
2020-12-14,tablet,<Other>,referral,<Other> / referral,Referral,New,5,5,0,0,0,0.0,0.0,0.0,,0.0
2020-12-14,tablet,<Other>,referral,<Other> / referral,Referral,Returning,3,3,0,0,0,0.0,0.0,0.0,,0.0
2020-12-14,tablet,shop.googlemerchandisestore.com,referral,shop.googlemerchandisestore.com / referral,Referral,New,8,8,0,0,0,0.0,0.0,0.0,,0.0
2020-12-14,tablet,shop.googlemerchandisestore.com,referral,shop.googlemerchandisestore.com / referral,Referral,Returning,7,6,0,0,0,0.0,0.0,0.0,,0.0
2020-12-15,desktop,(direct),(none),(direct) / (none),Direct,New,642,620,3,3,3,85.0,0.004672897196261682,0.004838709677419355,28.333333333333332,0.13239875389408098
2020-12-15,desktop,(direct),(none),(direct) / (none),Direct,Returning,151,147,11,11,19,1769.0,0.0728476821192053,0.07482993197278912,93.10526315789474,11.71523178807947
2020-12-15,desktop,<Other>,organic,<Other> / organic,Organic Search,New,88,88,1,1,1,76.0,0.011363636363636364,0.011363636363636364,76.0,0.8636363636363636
2020-12-15,desktop,<Other>,organic,<Other> / organic,Organic Search,Returning,13,13,1,1,6,95.0,0.07692307692307693,0.07692307692307693,15.833333333333334,7.3076923076923075
2020-12-15,desktop,google,organic,google / organic,Organic Search,New,852,832,9,9,9,491.0,0.01056338028169014,0.010817307692307692,54.55555555555556,0.5762910798122066
2020-12-15,desktop,google,organic,google / organic,Organic Search,Returning,162,152,11,11,12,1559.0,0.06790123456790123,0.07236842105263158,129.91666666666666,9.623456790123457
2020-12-15,desktop,(data deleted),(data deleted),(data deleted) / (data deleted),Other,New,78,75,1,1,1,0.0,0.01282051282051282,0.013333333333333334,0.0,0.0
2020-12-15,desktop,(data deleted),(data deleted),(data deleted) / (data deleted),Other,Returning,134,116,4,4,5,369.0,0.029850746268656716,0.034482758620689655,73.8,2.753731343283582
2020-12-15,desktop,<Other>,(data deleted),<Other> / (data deleted),Other,New,2,2,0,0,0,0.0,0.0,0.0,,0.0
2020-12-15,desktop,<Other>,(data deleted),<Other> / (data deleted),Other,Returning,3,3,0,0,0,0.0,0.0,0.0,,0.0
2020-12-15,desktop,<Other>,<Other>,<Other> / <Other>,Other,New,434,430,4,4,4,282.0,0.009216589861751152,0.009302325581395349,70.5,0.6497695852534562
2020-12-15,desktop,<Other>,<Other>,<Other> / <Other>,Other,Returning,35,35,2,2,2,232.0,0.05714285714285714,0.05714285714285714,116.0,6.628571428571429
2020-12-15,desktop,google,cpc,google / cpc,Paid Search,New,147,147,1,1,1,89.0,0.006802721088435374,0.006802721088435374,89.0,0.6054421768707483
2020-12-15,desktop,google,cpc,google / cpc,Paid Search,Returning,12,11,2,2,2,135.0,0.16666666666666666,0.18181818181818182,67.5,11.25
2020-12-15,desktop,<Other>,referral,<Other> / referral,Referral,New,260,255,3,3,3,97.0,0.011538461538461539,0.011764705882352941,32.333333333333336,0.3730769230769231
2020-12-15,desktop,<Other>,referral,<Other> / referral,Referral,Returning,65,64,4,4,4,279.0,0.06153846153846154,0.0625,69.75,4.292307692307692
2020-12-15,desktop,shop.googlemerchandisestore.com,referral,shop.googlemerchandisestore.com / referral,Referral,New,181,173,6,6,7,632.0,0.03314917127071823,0.03468208092485549,90.28571428571429,3.4917127071823204
2020-12-15,desktop,shop.googlemerchandisestore.com,referral,shop.googlemerchandisestore.com / referral,Referral,Returning,107,99,7,7,7,308.0,0.06542056074766354,0.0707070707070707,44.0,2.878504672897196
2020-12-15,mobile,(direct),(none),(direct) / (none),Direct,New,404,393,4,4,5,200.0,0.009900990099009901,0.010178117048346057,40.0,0.49504950495049505
2020-12-15,mobile,(direct),(none),(direct) / (none),Direct,Returning,84,77,8,8,9,684.0,0.09523809523809523,0.1038961038961039,76.0,8.142857142857142
2020-12-15,mobile,<Other>,organic,<Other> / organic,Organic Search,New,52,52,0,0,0,0.0,0.0,0.0,,0.0
2020-12-15,mobile,<Other>,organic,<Other> / organic,Organic Search,Returning,4,4,0,0,0,0.0,0.0,0.0,,0.0
2020-12-15,mobile,google,organic,google / organic,Organic Search,New,611,594,7,7,8,398.0,0.011456628477905073,0.011784511784511785,49.75,0.6513911620294599
2020-12-15,mobile,google,organic,google / organic,Organic Search,Returning,100,93,7,8,9,853.0,0.08,0.07526881720430108,94.77777777777777,8.53
2020-12-15,mobile,(data deleted),(data deleted),(data deleted) / (data deleted),Other,New,54,50,2,2,2,103.0,0.037037037037037035,0.04,51.5,1.9074074074074074
2020-12-15,mobile,(data deleted),(data deleted),(data deleted) / (data deleted),Other,Returning,107,99,7,7,7,522.0,0.06542056074766354,0.0707070707070707,74.57142857142857,4.878504672897196
2020-12-15,mobile,<Other>,(data deleted),<Other> / (data deleted),Other,New,2,2,0,0,0,0.0,0.0,0.0,,0.0
2020-12-15,mobile,<Other>,(data deleted),<Other> / (data deleted),Other,Returning,3,3,0,0,0,0.0,0.0,0.0,,0.0
2020-12-15,mobile,<Other>,<Other>,<Other> / <Other>,Other,New,304,303,5,5,5,195.0,0.01644736842105263,0.0165016501650165,39.0,0.6414473684210527
2020-12-15,mobile,<Other>,<Other>,<Other> / <Other>,Other,Returning,24,23,0,0,0,0.0,0.0,0.0,,0.0
2020-12-15,mobile,google,cpc,google / cpc,Paid Search,New,81,81,1,1,1,6.0,0.012345679012345678,0.012345679012345678,6.0,0.07407407407407407
2020-12-15,mobile,google,cpc,google / cpc,Paid Search,Returning,7,7,0,0,0,0.0,0.0,0.0,,0.0
2020-12-15,mobile,<Other>,referral,<Other> / referral,Referral,New,185,184,1,1,1,46.0,0.005405405405405406,0.005434782608695652,46.0,0.24864864864864866
2020-12-15,mobile,<Other>,referral,<Other> / referral,Referral,Returning,44,44,0,0,0,0.0,0.0,0.0,,0.0
2020-12-15,mobile,shop.googlemerchandisestore.com,referral,shop.googlemerchandisestore.com / referral,Referral,New,125,124,1,1,1,79.0,0.008,0.008064516129032258,79.0,0.632
2020-12-15,mobile,shop.googlemerchandisestore.com,referral,shop.googlemerchandisestore.com / referral,Referral,Returning,78,73,4,4,4,122.0,0.05128205128205128,0.0547945205479452,30.5,1.564102564102564
2020-12-15,tablet,(direct),(none),(direct) / (none),Direct,New,30,28,0,0,0,0.0,0.0,0.0,,0.0
2020-12-15,tablet,(direct),(none),(direct) / (none),Direct,Returning,4,4,1,1,1,32.0,0.25,0.25,32.0,8.0
2020-12-15,tablet,<Other>,organic,<Other> / organic,Organic Search,New,1,1,0,0,0,0.0,0.0,0.0,,0.0
2020-12-15,tablet,google,organic,google / organic,Organic Search,New,33,33,0,0,0,0.0,0.0,0.0,,0.0
2020-12-15,tablet,google,organic,google / organic,Organic Search,Returning,2,2,0,0,0,0.0,0.0,0.0,,0.0
2020-12-15,tablet,(data deleted),(data deleted),(data deleted) / (data deleted),Other,New,4,4,0,0,0,0.0,0.0,0.0,,0.0
2020-12-15,tablet,(data deleted),(data deleted),(data deleted) / (data deleted),Other,Returning,5,5,0,0,0,0.0,0.0,0.0,,0.0
2020-12-15,tablet,<Other>,<Other>,<Other> / <Other>,Other,New,15,15,0,0,0,0.0,0.0,0.0,,0.0
2020-12-15,tablet,<Other>,<Other>,<Other> / <Other>,Other,Returning,5,5,0,0,0,0.0,0.0,0.0,,0.0
2020-12-15,tablet,google,cpc,google / cpc,Paid Search,New,8,8,0,0,0,0.0,0.0,0.0,,0.0
2020-12-15,tablet,google,cpc,google / cpc,Paid Search,Returning,1,1,0,0,0,0.0,0.0,0.0,,0.0
2020-12-15,tablet,<Other>,referral,<Other> / referral,Referral,New,6,6,0,0,0,0.0,0.0,0.0,,0.0
2020-12-15,tablet,shop.googlemerchandisestore.com,referral,shop.googlemerchandisestore.com / referral,Referral,New,3,3,0,0,0,0.0,0.0,0.0,,0.0
2020-12-15,tablet,shop.googlemerchandisestore.com,referral,shop.googlemerchandisestore.com / referral,Referral,Returning,7,7,0,0,0,0.0,0.0,0.0,,0.0
2020-12-16,desktop,(direct),(none),(direct) / (none),Direct,New,605,585,14,14,14,1165.0,0.023140495867768594,0.023931623931623933,83.21428571428571,1.9256198347107438
2020-12-16,desktop,(direct),(none),(direct) / (none),Direct,Returning,145,137,6,6,6,1051.0,0.041379310344827586,0.043795620437956206,175.16666666666666,7.248275862068965
2020-12-16,desktop,<Other>,organic,<Other> / organic,Organic Search,New,84,84,1,1,1,138.0,0.011904761904761904,0.011904761904761904,138.0,1.6428571428571428
2020-12-16,desktop,<Other>,organic,<Other> / organic,Organic Search,Returning,12,12,0,0,0,0.0,0.0,0.0,,0.0
2020-12-16,desktop,google,organic,google / organic,Organic Search,New,820,799,7,7,7,518.0,0.00853658536585366,0.008760951188986232,74.0,0.6317073170731707
2020-12-16,desktop,google,organic,google / organic,Organic Search,Returning,149,136,6,6,14,2071.0,0.040268456375838924,0.04411764705882353,147.92857142857142,13.899328859060402
2020-12-16,desktop,(data deleted),(data deleted),(data deleted) / (data deleted),Other,New,69,66,3,3,3,96.0,0.043478260869565216,0.045454545454545456,32.0,1.391304347826087
2020-12-16,desktop,(data deleted),(data deleted),(data deleted) / (data deleted),Other,Returning,167,153,10,10,12,680.0,0.059880239520958084,0.06535947712418301,56.666666666666664,4.07185628742515
2020-12-16,desktop,<Other>,(data deleted),<Other> / (data deleted),Other,Returning,1,1,0,0,0,0.0,0.0,0.0,,0.0
2020-12-16,desktop,<Other>,<Other>,<Other> / <Other>,Other,New,403,399,2,2,2,222.0,0.004962779156327543,0.005012531328320802,111.0,0.5508684863523573
2020-12-16,desktop,<Other>,<Other>,<Other> / <Other>,Other,Returning,27,27,1,1,1,70.0,0.037037037037037035,0.037037037037037035,70.0,2.5925925925925926
2020-12-16,desktop,<Other>,cpc,<Other> / cpc,Paid Search,New,1,1,0,0,0,0.0,0.0,0.0,,0.0
2020-12-16,desktop,google,cpc,google / cpc,Paid Search,New,143,143,1,1,1,22.0,0.006993006993006993,0.006993006993006993,22.0,0.15384615384615385
2020-12-16,desktop,google,cpc,google / cpc,Paid Search,Returning,13,13,1,1,1,291.0,0.07692307692307693,0.07692307692307693,291.0,22.384615384615383
2020-12-16,desktop,<Other>,referral,<Other> / referral,Referral,New,240,239,0,0,0,0.0,0.0,0.0,,0.0
2020-12-16,desktop,<Other>,referral,<Other> / referral,Referral,Returning,80,76,6,6,15,661.0,0.075,0.07894736842105263,44.06666666666667,8.2625
2020-12-16,desktop,shop.googlemerchandisestore.com,referral,shop.googlemerchandisestore.com / referral,Referral,New,195,189,3,3,3,235.0,0.015384615384615385,0.015873015873015872,78.33333333333333,1.205128205128205
2020-12-16,desktop,shop.googlemerchandisestore.com,referral,shop.googlemerchandisestore.com / referral,Referral,Returning,105,100,7,7,7,526.0,0.06666666666666667,0.07,75.14285714285714,5.0095238095238095
2020-12-16,mobile,(direct),(none),(direct) / (none),Direct,New,397,387,8,8,8,404.0,0.020151133501259445,0.020671834625323,50.5,1.0176322418136021
2020-12-16,mobile,(direct),(none),(direct) / (none),Direct,Returning,109,97,5,5,6,299.0,0.045871559633027525,0.05154639175257732,49.833333333333336,2.743119266055046
2020-12-16,mobile,<Other>,organic,<Other> / organic,Organic Search,New,47,47,1,1,1,44.0,0.02127659574468085,0.02127659574468085,44.0,0.9361702127659575
2020-12-16,mobile,<Other>,organic,<Other> / organic,Organic Search,Returning,6,6,0,0,0,0.0,0.0,0.0,,0.0
2020-12-16,mobile,google,organic,google / organic,Organic Search,New,616,597,7,7,7,413.0,0.011363636363636364,0.011725293132328308,59.0,0.6704545454545454
2020-12-16,mobile,google,organic,google / organic,Organic Search,Returning,102,93,5,5,5,589.0,0.049019607843137254,0.053763440860215055,117.8,5.7745098039215685
2020-12-16,mobile,(data deleted),(data deleted),(data deleted) / (data deleted),Other,New,53,50,3,3,3,155.0,0.05660377358490566,0.06,51.666666666666664,2.9245283018867925
2020-12-16,mobile,(data deleted),(data deleted),(data deleted) / (data deleted),Other,Returning,75,69,6,6,6,474.0,0.08,0.08695652173913043,79.0,6.32
2020-12-16,mobile,<Other>,(data deleted),<Other> / (data deleted),Other,New,2,2,0,0,0,0.0,0.0,0.0,,0.0
2020-12-16,mobile,<Other>,(data deleted),<Other> / (data deleted),Other,Returning,2,2,0,0,0,0.0,0.0,0.0,,0.0
2020-12-16,mobile,<Other>,<Other>,<Other> / <Other>,Other,New,289,289,2,2,2,227.0,0.006920415224913495,0.006920415224913495,113.5,0.7854671280276817
2020-12-16,mobile,<Other>,<Other>,<Other> / <Other>,Other,Returning,20,20,1,1,2,66.0,0.05,0.05,33.0,3.3
2020-12-16,mobile,google,cpc,google / cpc,Paid Search,New,72,71,0,0,0,0.0,0.0,0.0,,0.0
2020-12-16,mobile,google,cpc,google / cpc,Paid Search,Returning,8,8,1,1,2,97.0,0.125,0.125,48.5,12.125
2020-12-16,mobile,<Other>,referral,<Other> / referral,Referral,New,154,153,0,0,0,0.0,0.0,0.0,,0.0
2020-12-16,mobile,<Other>,referral,<Other> / referral,Referral,Returning,44,44,3,3,3,263.0,0.06818181818181818,0.06818181818181818,87.66666666666667,5.9772727272727275
2020-12-16,mobile,shop.googlemerchandisestore.com,referral,shop.googlemerchandisestore.com / referral,Referral,New,110,106,0,0,0,0.0,0.0,0.0,,0.0
2020-12-16,mobile,shop.googlemerchandisestore.com,referral,shop.googlemerchandisestore.com / referral,Referral,Returning,60,57,5,5,9,572.0,0.08333333333333333,0.08771929824561403,63.55555555555556,9.533333333333333
2020-12-16,tablet,(direct),(none),(direct) / (none),Direct,New,20,20,0,0,0,0.0,0.0,0.0,,0.0
2020-12-16,tablet,(direct),(none),(direct) / (none),Direct,Returning,6,6,0,0,0,0.0,0.0,0.0,,0.0
2020-12-16,tablet,<Other>,organic,<Other> / organic,Organic Search,New,2,2,0,0,0,0.0,0.0,0.0,,0.0
2020-12-16,tablet,<Other>,organic,<Other> / organic,Organic Search,Returning,1,1,0,0,0,0.0,0.0,0.0,,0.0
2020-12-16,tablet,google,organic,google / organic,Organic Search,New,24,24,0,0,0,0.0,0.0,0.0,,0.0
2020-12-16,tablet,google,organic,google / organic,Organic Search,Returning,4,4,0,0,0,0.0,0.0,0.0,,0.0
2020-12-16,tablet,(data deleted),(data deleted),(data deleted) / (data deleted),Other,New,1,1,0,0,0,0.0,0.0,0.0,,0.0
2020-12-16,tablet,(data deleted),(data deleted),(data deleted) / (data deleted),Other,Returning,3,3,1,1,1,100.0,0.3333333333333333,0.3333333333333333,100.0,33.333333333333336
2020-12-16,tablet,<Other>,<Other>,<Other> / <Other>,Other,New,24,24,0,0,0,0.0,0.0,0.0,,0.0
2020-12-16,tablet,google,cpc,google / cpc,Paid Search,New,5,5,0,0,0,0.0,0.0,0.0,,0.0
2020-12-16,tablet,google,cpc,google / cpc,Paid Search,Returning,3,3,0,0,0,0.0,0.0,0.0,,0.0
2020-12-16,tablet,<Other>,referral,<Other> / referral,Referral,New,10,10,0,0,0,0.0,0.0,0.0,,0.0
2020-12-16,tablet,<Other>,referral,<Other> / referral,Referral,Returning,5,5,0,0,0,0.0,0.0,0.0,,0.0
2020-12-16,tablet,shop.googlemerchandisestore.com,referral,shop.googlemerchandisestore.com / referral,Referral,New,2,2,1,1,1,60.0,0.5,0.5,60.0,30.0
2020-12-16,tablet,shop.googlemerchandisestore.com,referral,shop.googlemerchandisestore.com / referral,Referral,Returning,7,6,0,0,0,0.0,0.0,0.0,,0.0
2020-12-17,desktop,(direct),(none),(direct) / (none),Direct,New,591,578,5,5,5,151.0,0.008460236886632826,0.00865051903114187,30.2,0.25549915397631134
2020-12-17,desktop,(direct),(none),(direct) / (none),Direct,Returning,136,129,4,4,5,300.0,0.029411764705882353,0.031007751937984496,60.0,2.2058823529411766
2020-12-17,desktop,<Other>,organic,<Other> / organic,Organic Search,New,72,72,1,1,1,34.0,0.013888888888888888,0.013888888888888888,34.0,0.4722222222222222
2020-12-17,desktop,<Other>,organic,<Other> / organic,Organic Search,Returning,9,9,0,0,0,0.0,0.0,0.0,,0.0
2020-12-17,desktop,google,organic,google / organic,Organic Search,New,819,804,9,9,9,463.0,0.01098901098901099,0.011194029850746268,51.44444444444444,0.5653235653235653
2020-12-17,desktop,google,organic,google / organic,Organic Search,Returning,136,126,6,6,9,398.0,0.04411764705882353,0.047619047619047616,44.22222222222222,2.926470588235294
2020-12-17,desktop,(data deleted),(data deleted),(data deleted) / (data deleted),Other,New,58,55,5,5,8,310.0,0.08620689655172414,0.09090909090909091,38.75,5.344827586206897
2020-12-17,desktop,(data deleted),(data deleted),(data deleted) / (data deleted),Other,Returning,141,132,8,8,11,411.0,0.05673758865248227,0.06060606060606061,37.36363636363637,2.9148936170212765
2020-12-17,desktop,<Other>,(data deleted),<Other> / (data deleted),Other,Returning,5,5,0,0,0,0.0,0.0,0.0,,0.0
2020-12-17,desktop,<Other>,<Other>,<Other> / <Other>,Other,New,416,415,0,0,0,0.0,0.0,0.0,,0.0
2020-12-17,desktop,<Other>,<Other>,<Other> / <Other>,Other,Returning,31,31,1,1,1,58.0,0.03225806451612903,0.03225806451612903,58.0,1.8709677419354838
2020-12-17,desktop,google,cpc,google / cpc,Paid Search,New,140,140,2,2,4,249.0,0.014285714285714285,0.014285714285714285,62.25,1.7785714285714285
2020-12-17,desktop,google,cpc,google / cpc,Paid Search,Returning,9,9,1,1,1,24.0,0.1111111111111111,0.1111111111111111,24.0,2.6666666666666665
2020-12-17,desktop,<Other>,referral,<Other> / referral,Referral,New,242,238,0,0,0,0.0,0.0,0.0,,0.0
2020-12-17,desktop,<Other>,referral,<Other> / referral,Referral,Returning,66,62,5,5,13,382.0,0.07575757575757576,0.08064516129032258,29.384615384615383,5.787878787878788
2020-12-17,desktop,shop.googlemerchandisestore.com,referral,shop.googlemerchandisestore.com / referral,Referral,New,142,139,2,2,2,88.0,0.014084507042253521,0.014388489208633094,44.0,0.6197183098591549
2020-12-17,desktop,shop.googlemerchandisestore.com,referral,shop.googlemerchandisestore.com / referral,Referral,Returning,96,91,3,3,3,267.0,0.03125,0.03296703296703297,89.0,2.78125
2020-12-17,mobile,(direct),(none),(direct) / (none),Direct,New,404,394,7,7,7,735.0,0.017326732673267328,0.017766497461928935,105.0,1.8193069306930694
2020-12-17,mobile,(direct),(none),(direct) / (none),Direct,Returning,86,81,3,3,7,389.0,0.03488372093023256,0.037037037037037035,55.57142857142857,4.523255813953488
2020-12-17,mobile,<Other>,organic,<Other> / organic,Organic Search,New,43,42,2,2,2,154.0,0.046511627906976744,0.047619047619047616,77.0,3.5813953488372094
2020-12-17,mobile,<Other>,organic,<Other> / organic,Organic Search,Returning,6,6,0,0,0,0.0,0.0,0.0,,0.0
2020-12-17,mobile,google,organic,google / organic,Organic Search,New,596,579,5,5,5,239.0,0.008389261744966443,0.008635578583765112,47.8,0.401006711409396
2020-12-17,mobile,google,organic,google / organic,Organic Search,Returning,89,83,6,6,7,360.0,0.06741573033707865,0.07228915662650602,51.42857142857143,4.044943820224719
2020-12-17,mobile,(data deleted),(data deleted),(data deleted) / (data deleted),Other,New,47,47,1,1,4,112.0,0.02127659574468085,0.02127659574468085,28.0,2.382978723404255
2020-12-17,mobile,(data deleted),(data deleted),(data deleted) / (data deleted),Other,Returning,94,90,1,1,6,180.0,0.010638297872340425,0.011111111111111112,30.0,1.9148936170212767
2020-12-17,mobile,<Other>,(data deleted),<Other> / (data deleted),Other,New,1,1,0,0,0,0.0,0.0,0.0,,0.0
2020-12-17,mobile,<Other>,(data deleted),<Other> / (data deleted),Other,Returning,3,3,0,0,0,0.0,0.0,0.0,,0.0
2020-12-17,mobile,<Other>,<Other>,<Other> / <Other>,Other,New,293,286,2,2,2,76.0,0.006825938566552901,0.006993006993006993,38.0,0.2593856655290102
2020-12-17,mobile,<Other>,<Other>,<Other> / <Other>,Other,Returning,16,16,1,1,1,78.0,0.0625,0.0625,78.0,4.875
2020-12-17,mobile,google,cpc,google / cpc,Paid Search,New,96,96,0,0,0,0.0,0.0,0.0,,0.0
2020-12-17,mobile,google,cpc,google / cpc,Paid Search,Returning,2,2,1,1,1,30.0,0.5,0.5,30.0,15.0
2020-12-17,mobile,<Other>,referral,<Other> / referral,Referral,New,172,170,1,1,1,24.0,0.005813953488372093,0.0058823529411764705,24.0,0.13953488372093023
2020-12-17,mobile,<Other>,referral,<Other> / referral,Referral,Returning,37,37,2,2,3,192.0,0.05405405405405406,0.05405405405405406,64.0,5.1891891891891895
2020-12-17,mobile,shop.googlemerchandisestore.com,referral,shop.googlemerchandisestore.com / referral,Referral,New,105,103,0,0,0,0.0,0.0,0.0,,0.0
2020-12-17,mobile,shop.googlemerchandisestore.com,referral,shop.googlemerchandisestore.com / referral,Referral,Returning,59,56,6,6,7,1026.0,0.1016949152542373,0.10714285714285714,146.57142857142858,17.389830508474578
2020-12-17,tablet,(direct),(none),(direct) / (none),Direct,New,27,26,1,1,1,15.0,0.037037037037037035,0.038461538461538464,15.0,0.5555555555555556
2020-12-17,tablet,(direct),(none),(direct) / (none),Direct,Returning,4,4,0,0,0,0.0,0.0,0.0,,0.0
2020-12-17,tablet,<Other>,organic,<Other> / organic,Organic Search,New,3,3,0,0,0,0.0,0.0,0.0,,0.0
2020-12-17,tablet,google,organic,google / organic,Organic Search,New,22,22,0,0,0,0.0,0.0,0.0,,0.0
2020-12-17,tablet,google,organic,google / organic,Organic Search,Returning,1,1,0,0,0,0.0,0.0,0.0,,0.0
2020-12-17,tablet,(data deleted),(data deleted),(data deleted) / (data deleted),Other,New,4,4,0,0,0,0.0,0.0,0.0,,0.0
2020-12-17,tablet,(data deleted),(data deleted),(data deleted) / (data deleted),Other,Returning,3,3,0,0,0,0.0,0.0,0.0,,0.0
2020-12-17,tablet,<Other>,<Other>,<Other> / <Other>,Other,New,14,14,0,0,0,0.0,0.0,0.0,,0.0
2020-12-17,tablet,<Other>,<Other>,<Other> / <Other>,Other,Returning,1,1,0,0,0,0.0,0.0,0.0,,0.0
2020-12-17,tablet,google,cpc,google / cpc,Paid Search,New,5,5,0,0,0,0.0,0.0,0.0,,0.0
2020-12-17,tablet,google,cpc,google / cpc,Paid Search,Returning,1,1,0,0,0,0.0,0.0,0.0,,0.0
2020-12-17,tablet,<Other>,referral,<Other> / referral,Referral,New,8,8,0,0,0,0.0,0.0,0.0,,0.0
2020-12-17,tablet,<Other>,referral,<Other> / referral,Referral,Returning,3,3,0,0,0,0.0,0.0,0.0,,0.0
2020-12-17,tablet,shop.googlemerchandisestore.com,referral,shop.googlemerchandisestore.com / referral,Referral,New,2,2,0,0,0,0.0,0.0,0.0,,0.0
2020-12-18,desktop,(direct),(none),(direct) / (none),Direct,New,566,552,8,8,9,555.0,0.014134275618374558,0.014492753623188406,61.666666666666664,0.980565371024735
2020-12-18,desktop,(direct),(none),(direct) / (none),Direct,Returning,114,112,5,5,17,868.0,0.043859649122807015,0.044642857142857144,51.05882352941177,7.614035087719298
2020-12-18,desktop,<Other>,organic,<Other> / organic,Organic Search,New,53,52,0,0,0,0.0,0.0,0.0,,0.0
2020-12-18,desktop,<Other>,organic,<Other> / organic,Organic Search,Returning,8,8,0,0,0,0.0,0.0,0.0,,0.0
2020-12-18,desktop,google,organic,google / organic,Organic Search,New,792,774,5,5,8,249.0,0.006313131313131313,0.006459948320413436,31.125,0.3143939393939394
2020-12-18,desktop,google,organic,google / organic,Organic Search,Returning,100,97,7,7,10,636.0,0.07,0.07216494845360824,63.6,6.36
2020-12-18,desktop,(data deleted),(data deleted),(data deleted) / (data deleted),Other,New,39,39,2,2,2,102.0,0.05128205128205128,0.05128205128205128,51.0,2.6153846153846154
2020-12-18,desktop,(data deleted),(data deleted),(data deleted) / (data deleted),Other,Returning,90,88,7,7,7,406.0,0.07777777777777778,0.07954545454545454,58.0,4.511111111111111
2020-12-18,desktop,<Other>,(data deleted),<Other> / (data deleted),Other,Returning,2,2,0,0,0,0.0,0.0,0.0,,0.0
2020-12-18,desktop,<Other>,<Other>,<Other> / <Other>,Other,New,390,389,3,3,3,319.0,0.007692307692307693,0.007712082262210797,106.33333333333333,0.8179487179487179
2020-12-18,desktop,<Other>,<Other>,<Other> / <Other>,Other,Returning,24,24,1,1,1,96.0,0.041666666666666664,0.041666666666666664,96.0,4.0
2020-12-18,desktop,google,cpc,google / cpc,Paid Search,New,96,96,2,2,2,134.0,0.020833333333333332,0.020833333333333332,67.0,1.3958333333333333
2020-12-18,desktop,google,cpc,google / cpc,Paid Search,Returning,7,7,1,1,1,60.0,0.14285714285714285,0.14285714285714285,60.0,8.571428571428571
2020-12-18,desktop,<Other>,referral,<Other> / referral,Referral,New,215,215,1,1,1,19.0,0.004651162790697674,0.004651162790697674,19.0,0.08837209302325581
2020-12-18,desktop,<Other>,referral,<Other> / referral,Referral,Returning,54,52,1,1,1,75.0,0.018518518518518517,0.019230769230769232,75.0,1.3888888888888888
2020-12-18,desktop,shop.googlemerchandisestore.com,referral,shop.googlemerchandisestore.com / referral,Referral,New,142,140,2,2,2,99.0,0.014084507042253521,0.014285714285714285,49.5,0.6971830985915493
2020-12-18,desktop,shop.googlemerchandisestore.com,referral,shop.googlemerchandisestore.com / referral,Referral,Returning,82,80,3,3,3,298.0,0.036585365853658534,0.0375,99.33333333333333,3.6341463414634148
2020-12-18,mobile,(direct),(none),(direct) / (none),Direct,New,388,384,2,2,2,162.0,0.005154639175257732,0.005208333333333333,81.0,0.4175257731958763
2020-12-18,mobile,(direct),(none),(direct) / (none),Direct,Returning,66,60,5,5,6,348.0,0.07575757575757576,0.08333333333333333,58.0,5.2727272727272725
2020-12-18,mobile,<Other>,organic,<Other> / organic,Organic Search,New,46,46,0,0,0,0.0,0.0,0.0,,0.0
2020-12-18,mobile,<Other>,organic,<Other> / organic,Organic Search,Returning,12,12,1,1,1,112.0,0.08333333333333333,0.08333333333333333,112.0,9.333333333333334
2020-12-18,mobile,google,organic,google / organic,Organic Search,New,528,515,6,6,6,378.0,0.011363636363636364,0.011650485436893204,63.0,0.7159090909090909
2020-12-18,mobile,google,organic,google / organic,Organic Search,Returning,86,78,3,3,3,340.0,0.03488372093023256,0.038461538461538464,113.33333333333333,3.953488372093023
2020-12-18,mobile,(data deleted),(data deleted),(data deleted) / (data deleted),Other,New,50,48,2,2,2,162.0,0.04,0.041666666666666664,81.0,3.24
2020-12-18,mobile,(data deleted),(data deleted),(data deleted) / (data deleted),Other,Returning,67,62,2,2,2,76.0,0.029850746268656716,0.03225806451612903,38.0,1.1343283582089552
2020-12-18,mobile,<Other>,(data deleted),<Other> / (data deleted),Other,Returning,2,2,0,0,0,0.0,0.0,0.0,,0.0
2020-12-18,mobile,<Other>,<Other>,<Other> / <Other>,Other,New,271,270,3,3,3,201.0,0.01107011070110701,0.011111111111111112,67.0,0.7416974169741697
2020-12-18,mobile,<Other>,<Other>,<Other> / <Other>,Other,Returning,19,19,2,2,4,71.0,0.10526315789473684,0.10526315789473684,17.75,3.736842105263158
2020-12-18,mobile,google,cpc,google / cpc,Paid Search,New,81,81,0,0,0,0.0,0.0,0.0,,0.0
2020-12-18,mobile,google,cpc,google / cpc,Paid Search,Returning,4,4,0,0,0,0.0,0.0,0.0,,0.0
2020-12-18,mobile,<Other>,referral,<Other> / referral,Referral,New,150,146,1,1,1,184.0,0.006666666666666667,0.00684931506849315,184.0,1.2266666666666666
2020-12-18,mobile,<Other>,referral,<Other> / referral,Referral,Returning,30,30,0,0,0,0.0,0.0,0.0,,0.0
2020-12-18,mobile,shop.googlemerchandisestore.com,referral,shop.googlemerchandisestore.com / referral,Referral,New,109,108,0,0,0,0.0,0.0,0.0,,0.0
2020-12-18,mobile,shop.googlemerchandisestore.com,referral,shop.googlemerchandisestore.com / referral,Referral,Returning,50,47,3,3,9,595.0,0.06,0.06382978723404255,66.11111111111111,11.9
2020-12-18,tablet,(direct),(none),(direct) / (none),Direct,New,27,26,1,1,1,79.0,0.037037037037037035,0.038461538461538464,79.0,2.925925925925926
2020-12-18,tablet,(direct),(none),(direct) / (none),Direct,Returning,2,2,0,0,0,0.0,0.0,0.0,,0.0
2020-12-18,tablet,<Other>,organic,<Other> / organic,Organic Search,New,10,10,0,0,0,0.0,0.0,0.0,,0.0
2020-12-18,tablet,<Other>,organic,<Other> / organic,Organic Search,Returning,1,1,0,0,0,0.0,0.0,0.0,,0.0
2020-12-18,tablet,google,organic,google / organic,Organic Search,New,29,28,0,0,0,0.0,0.0,0.0,,0.0
2020-12-18,tablet,google,organic,google / organic,Organic Search,Returning,2,2,0,0,0,0.0,0.0,0.0,,0.0
2020-12-18,tablet,(data deleted),(data deleted),(data deleted) / (data deleted),Other,New,2,2,0,0,0,0.0,0.0,0.0,,0.0
2020-12-18,tablet,<Other>,<Other>,<Other> / <Other>,Other,New,20,19,0,0,0,0.0,0.0,0.0,,0.0
2020-12-18,tablet,google,cpc,google / cpc,Paid Search,New,1,1,0,0,0,0.0,0.0,0.0,,0.0
2020-12-18,tablet,<Other>,referral,<Other> / referral,Referral,New,7,7,0,0,0,0.0,0.0,0.0,,0.0
2020-12-18,tablet,shop.googlemerchandisestore.com,referral,shop.googlemerchandisestore.com / referral,Referral,New,7,6,0,0,0,0.0,0.0,0.0,,0.0
2020-12-18,tablet,shop.googlemerchandisestore.com,referral,shop.googlemerchandisestore.com / referral,Referral,Returning,2,2,0,0,0,0.0,0.0,0.0,,0.0
2020-12-19,desktop,(direct),(none),(direct) / (none),Direct,New,447,439,2,2,2,106.0,0.0044742729306487695,0.004555808656036446,53.0,0.2371364653243848
2020-12-19,desktop,(direct),(none),(direct) / (none),Direct,Returning,62,57,5,5,5,380.0,0.08064516129032258,0.08771929824561403,76.0,6.129032258064516
2020-12-19,desktop,<Other>,organic,<Other> / organic,Organic Search,New,52,52,0,0,0,0.0,0.0,0.0,,0.0
2020-12-19,desktop,<Other>,organic,<Other> / organic,Organic Search,Returning,1,1,0,0,0,0.0,0.0,0.0,,0.0
2020-12-19,desktop,google,organic,google / organic,Organic Search,New,581,572,5,5,7,247.0,0.008605851979345954,0.008741258741258742,35.285714285714285,0.42512908777969016
2020-12-19,desktop,google,organic,google / organic,Organic Search,Returning,58,54,3,3,8,191.0,0.05172413793103448,0.05555555555555555,23.875,3.293103448275862
2020-12-19,desktop,(data deleted),(data deleted),(data deleted) / (data deleted),Other,New,34,32,0,0,0,0.0,0.0,0.0,,0.0
2020-12-19,desktop,(data deleted),(data deleted),(data deleted) / (data deleted),Other,Returning,71,69,3,3,3,112.0,0.04225352112676056,0.043478260869565216,37.333333333333336,1.5774647887323943
2020-12-19,desktop,<Other>,(data deleted),<Other> / (data deleted),Other,New,1,1,0,0,0,0.0,0.0,0.0,,0.0
2020-12-19,desktop,<Other>,<Other>,<Other> / <Other>,Other,New,293,291,1,1,1,88.0,0.0034129692832764505,0.003436426116838488,88.0,0.3003412969283277
2020-12-19,desktop,<Other>,<Other>,<Other> / <Other>,Other,Returning,16,16,1,1,1,191.0,0.0625,0.0625,191.0,11.9375
2020-12-19,desktop,google,cpc,google / cpc,Paid Search,New,96,96,1,1,1,40.0,0.010416666666666666,0.010416666666666666,40.0,0.4166666666666667
2020-12-19,desktop,google,cpc,google / cpc,Paid Search,Returning,4,4,1,1,1,43.0,0.25,0.25,43.0,10.75
2020-12-19,desktop,<Other>,referral,<Other> / referral,Referral,New,161,160,0,0,0,0.0,0.0,0.0,,0.0
2020-12-19,desktop,<Other>,referral,<Other> / referral,Referral,Returning,34,33,0,0,0,0.0,0.0,0.0,,0.0
2020-12-19,desktop,shop.googlemerchandisestore.com,referral,shop.googlemerchandisestore.com / referral,Referral,New,89,88,1,1,1,22.0,0.011235955056179775,0.011363636363636364,22.0,0.24719101123595505
2020-12-19,desktop,shop.googlemerchandisestore.com,referral,shop.googlemerchandisestore.com / referral,Referral,Returning,37,36,0,0,0,0.0,0.0,0.0,,0.0
2020-12-19,mobile,(direct),(none),(direct) / (none),Direct,New,322,316,4,4,4,148.0,0.012422360248447204,0.012658227848101266,37.0,0.45962732919254656
2020-12-19,mobile,(direct),(none),(direct) / (none),Direct,Returning,45,41,1,1,2,168.0,0.022222222222222223,0.024390243902439025,84.0,3.7333333333333334
2020-12-19,mobile,<Other>,organic,<Other> / organic,Organic Search,New,34,34,0,0,0,0.0,0.0,0.0,,0.0
2020-12-19,mobile,<Other>,organic,<Other> / organic,Organic Search,Returning,2,2,0,0,0,0.0,0.0,0.0,,0.0
2020-12-19,mobile,google,organic,google / organic,Organic Search,New,390,382,2,2,3,68.0,0.005128205128205128,0.005235602094240838,22.666666666666668,0.17435897435897435
2020-12-19,mobile,google,organic,google / organic,Organic Search,Returning,58,54,2,2,2,242.0,0.034482758620689655,0.037037037037037035,121.0,4.172413793103448
2020-12-19,mobile,(data deleted),(data deleted),(data deleted) / (data deleted),Other,New,29,29,2,2,3,248.0,0.06896551724137931,0.06896551724137931,82.66666666666667,8.551724137931034
2020-12-19,mobile,(data deleted),(data deleted),(data deleted) / (data deleted),Other,Returning,46,44,2,2,2,144.0,0.043478260869565216,0.045454545454545456,72.0,3.130434782608696
2020-12-19,mobile,<Other>,(data deleted),<Other> / (data deleted),Other,Returning,1,1,0,0,0,0.0,0.0,0.0,,0.0
2020-12-19,mobile,<Other>,<Other>,<Other> / <Other>,Other,New,201,200,0,0,0,0.0,0.0,0.0,,0.0
2020-12-19,mobile,<Other>,<Other>,<Other> / <Other>,Other,Returning,15,15,0,0,0,0.0,0.0,0.0,,0.0
2020-12-19,mobile,google,cpc,google / cpc,Paid Search,New,68,67,0,0,0,0.0,0.0,0.0,,0.0
2020-12-19,mobile,google,cpc,google / cpc,Paid Search,Returning,5,5,0,0,0,0.0,0.0,0.0,,0.0
2020-12-19,mobile,<Other>,referral,<Other> / referral,Referral,New,128,128,3,3,5,305.0,0.0234375,0.0234375,61.0,2.3828125
2020-12-19,mobile,<Other>,referral,<Other> / referral,Referral,Returning,26,24,0,0,0,0.0,0.0,0.0,,0.0
2020-12-19,mobile,shop.googlemerchandisestore.com,referral,shop.googlemerchandisestore.com / referral,Referral,New,74,74,0,0,0,0.0,0.0,0.0,,0.0
2020-12-19,mobile,shop.googlemerchandisestore.com,referral,shop.googlemerchandisestore.com / referral,Referral,Returning,42,38,1,1,1,39.0,0.023809523809523808,0.02631578947368421,39.0,0.9285714285714286
2020-12-19,tablet,(direct),(none),(direct) / (none),Direct,New,17,17,0,0,0,0.0,0.0,0.0,,0.0
2020-12-19,tablet,(direct),(none),(direct) / (none),Direct,Returning,3,3,0,0,0,0.0,0.0,0.0,,0.0
2020-12-19,tablet,<Other>,organic,<Other> / organic,Organic Search,New,3,3,0,0,0,0.0,0.0,0.0,,0.0
2020-12-19,tablet,<Other>,organic,<Other> / organic,Organic Search,Returning,1,1,0,0,0,0.0,0.0,0.0,,0.0
2020-12-19,tablet,google,organic,google / organic,Organic Search,New,17,17,0,0,0,0.0,0.0,0.0,,0.0
2020-12-19,tablet,google,organic,google / organic,Organic Search,Returning,1,1,0,0,0,0.0,0.0,0.0,,0.0
2020-12-19,tablet,(data deleted),(data deleted),(data deleted) / (data deleted),Other,New,1,1,0,0,0,0.0,0.0,0.0,,0.0
2020-12-19,tablet,(data deleted),(data deleted),(data deleted) / (data deleted),Other,Returning,1,1,0,0,0,0.0,0.0,0.0,,0.0
2020-12-19,tablet,<Other>,<Other>,<Other> / <Other>,Other,New,11,11,0,0,0,0.0,0.0,0.0,,0.0
2020-12-19,tablet,google,cpc,google / cpc,Paid Search,New,4,4,0,0,0,0.0,0.0,0.0,,0.0
2020-12-19,tablet,<Other>,referral,<Other> / referral,Referral,New,4,4,0,0,0,0.0,0.0,0.0,,0.0
2020-12-19,tablet,<Other>,referral,<Other> / referral,Referral,Returning,1,1,0,0,0,0.0,0.0,0.0,,0.0
2020-12-19,tablet,shop.googlemerchandisestore.com,referral,shop.googlemerchandisestore.com / referral,Referral,New,3,3,0,0,0,0.0,0.0,0.0,,0.0
2020-12-19,tablet,shop.googlemerchandisestore.com,referral,shop.googlemerchandisestore.com / referral,Referral,Returning,5,4,0,0,0,0.0,0.0,0.0,,0.0
2020-12-20,desktop,(direct),(none),(direct) / (none),Direct,New,393,379,1,1,1,55.0,0.002544529262086514,0.002638522427440633,55.0,0.13994910941475827
2020-12-20,desktop,(direct),(none),(direct) / (none),Direct,Returning,51,47,0,0,0,0.0,0.0,0.0,,0.0
2020-12-20,desktop,<Other>,organic,<Other> / organic,Organic Search,New,57,57,0,0,0,0.0,0.0,0.0,,0.0
2020-12-20,desktop,<Other>,organic,<Other> / organic,Organic Search,Returning,2,2,0,0,0,0.0,0.0,0.0,,0.0
2020-12-20,desktop,google,organic,google / organic,Organic Search,New,598,586,2,2,2,346.0,0.0033444816053511705,0.0034129692832764505,173.0,0.5785953177257525
2020-12-20,desktop,google,organic,google / organic,Organic Search,Returning,50,47,4,4,4,388.0,0.08,0.0851063829787234,97.0,7.76
2020-12-20,desktop,(data deleted),(data deleted),(data deleted) / (data deleted),Other,New,34,33,0,0,0,0.0,0.0,0.0,,0.0
2020-12-20,desktop,(data deleted),(data deleted),(data deleted) / (data deleted),Other,Returning,59,53,0,0,0,0.0,0.0,0.0,,0.0
2020-12-20,desktop,<Other>,(data deleted),<Other> / (data deleted),Other,Returning,3,3,0,0,0,0.0,0.0,0.0,,0.0
2020-12-20,desktop,<Other>,<Other>,<Other> / <Other>,Other,New,286,285,1,1,2,81.0,0.0034965034965034965,0.0035087719298245615,40.5,0.28321678321678323
2020-12-20,desktop,<Other>,<Other>,<Other> / <Other>,Other,Returning,11,11,0,0,0,0.0,0.0,0.0,,0.0
2020-12-20,desktop,google,cpc,google / cpc,Paid Search,New,72,72,0,0,0,0.0,0.0,0.0,,0.0
2020-12-20,desktop,google,cpc,google / cpc,Paid Search,Returning,4,4,0,0,0,0.0,0.0,0.0,,0.0
2020-12-20,desktop,<Other>,referral,<Other> / referral,Referral,New,144,144,1,1,1,59.0,0.006944444444444444,0.006944444444444444,59.0,0.4097222222222222
2020-12-20,desktop,<Other>,referral,<Other> / referral,Referral,Returning,23,22,0,0,0,0.0,0.0,0.0,,0.0
2020-12-20,desktop,shop.googlemerchandisestore.com,referral,shop.googlemerchandisestore.com / referral,Referral,New,119,118,1,1,1,39.0,0.008403361344537815,0.00847457627118644,39.0,0.3277310924369748
2020-12-20,desktop,shop.googlemerchandisestore.com,referral,shop.googlemerchandisestore.com / referral,Referral,Returning,47,43,1,1,1,45.0,0.02127659574468085,0.023255813953488372,45.0,0.9574468085106383
2020-12-20,mobile,(direct),(none),(direct) / (none),Direct,New,269,263,1,1,1,22.0,0.0037174721189591076,0.0038022813688212928,22.0,0.08178438661710037
2020-12-20,mobile,(direct),(none),(direct) / (none),Direct,Returning,37,35,0,0,0,0.0,0.0,0.0,,0.0
2020-12-20,mobile,<Other>,organic,<Other> / organic,Organic Search,New,33,33,0,0,0,0.0,0.0,0.0,,0.0
2020-12-20,mobile,<Other>,organic,<Other> / organic,Organic Search,Returning,4,4,0,0,0,0.0,0.0,0.0,,0.0
2020-12-20,mobile,google,organic,google / organic,Organic Search,New,368,361,3,3,3,127.0,0.008152173913043478,0.008310249307479225,42.333333333333336,0.3451086956521739
2020-12-20,mobile,google,organic,google / organic,Organic Search,Returning,38,34,0,0,0,0.0,0.0,0.0,,0.0
2020-12-20,mobile,(data deleted),(data deleted),(data deleted) / (data deleted),Other,New,34,33,1,1,1,30.0,0.029411764705882353,0.030303030303030304,30.0,0.8823529411764706
2020-12-20,mobile,(data deleted),(data deleted),(data deleted) / (data deleted),Other,Returning,35,33,1,1,1,100.0,0.02857142857142857,0.030303030303030304,100.0,2.857142857142857
2020-12-20,mobile,<Other>,<Other>,<Other> / <Other>,Other,New,188,187,0,0,0,0.0,0.0,0.0,,0.0
2020-12-20,mobile,<Other>,<Other>,<Other> / <Other>,Other,Returning,13,13,0,0,0,0.0,0.0,0.0,,0.0
2020-12-20,mobile,google,cpc,google / cpc,Paid Search,New,55,55,0,0,0,0.0,0.0,0.0,,0.0
2020-12-20,mobile,google,cpc,google / cpc,Paid Search,Returning,6,6,0,0,0,0.0,0.0,0.0,,0.0
2020-12-20,mobile,<Other>,referral,<Other> / referral,Referral,New,108,106,1,1,1,91.0,0.009259259259259259,0.009433962264150943,91.0,0.8425925925925926
2020-12-20,mobile,<Other>,referral,<Other> / referral,Referral,Returning,18,17,1,1,1,16.0,0.05555555555555555,0.058823529411764705,16.0,0.8888888888888888
2020-12-20,mobile,shop.googlemerchandisestore.com,referral,shop.googlemerchandisestore.com / referral,Referral,New,49,47,0,0,0,0.0,0.0,0.0,,0.0
2020-12-20,mobile,shop.googlemerchandisestore.com,referral,shop.googlemerchandisestore.com / referral,Referral,Returning,24,24,0,0,0,0.0,0.0,0.0,,0.0
2020-12-20,tablet,(direct),(none),(direct) / (none),Direct,New,13,12,0,0,0,0.0,0.0,0.0,,0.0
2020-12-20,tablet,(direct),(none),(direct) / (none),Direct,Returning,4,4,0,0,0,0.0,0.0,0.0,,0.0
2020-12-20,tablet,google,organic,google / organic,Organic Search,New,15,15,0,0,0,0.0,0.0,0.0,,0.0
2020-12-20,tablet,google,organic,google / organic,Organic Search,Returning,3,3,0,0,0,0.0,0.0,0.0,,0.0
2020-12-20,tablet,(data deleted),(data deleted),(data deleted) / (data deleted),Other,Returning,4,4,0,0,0,0.0,0.0,0.0,,0.0
2020-12-20,tablet,<Other>,<Other>,<Other> / <Other>,Other,New,12,12,0,0,0,0.0,0.0,0.0,,0.0
2020-12-20,tablet,google,cpc,google / cpc,Paid Search,New,3,3,0,0,0,0.0,0.0,0.0,,0.0
2020-12-20,tablet,<Other>,referral,<Other> / referral,Referral,New,6,6,0,0,0,0.0,0.0,0.0,,0.0
2020-12-20,tablet,shop.googlemerchandisestore.com,referral,shop.googlemerchandisestore.com / referral,Referral,New,3,3,0,0,0,0.0,0.0,0.0,,0.0
2020-12-20,tablet,shop.googlemerchandisestore.com,referral,shop.googlemerchandisestore.com / referral,Referral,Returning,1,1,0,0,0,0.0,0.0,0.0,,0.0
2020-12-21,desktop,(direct),(none),(direct) / (none),Direct,New,424,415,7,7,8,372.0,0.01650943396226415,0.016867469879518072,46.5,0.8773584905660378
2020-12-21,desktop,(direct),(none),(direct) / (none),Direct,Returning,83,80,4,4,4,224.0,0.04819277108433735,0.05,56.0,2.6987951807228914
2020-12-21,desktop,<Other>,organic,<Other> / organic,Organic Search,New,53,53,2,2,2,49.0,0.03773584905660377,0.03773584905660377,24.5,0.9245283018867925
2020-12-21,desktop,<Other>,organic,<Other> / organic,Organic Search,Returning,3,3,1,1,1,41.0,0.3333333333333333,0.3333333333333333,41.0,13.666666666666666
2020-12-21,desktop,google,organic,google / organic,Organic Search,New,642,626,3,3,3,51.0,0.004672897196261682,0.004792332268370607,17.0,0.0794392523364486
2020-12-21,desktop,google,organic,google / organic,Organic Search,Returning,90,87,3,3,3,411.0,0.03333333333333333,0.034482758620689655,137.0,4.566666666666666
2020-12-21,desktop,(data deleted),(data deleted),(data deleted) / (data deleted),Other,New,48,44,0,0,0,0.0,0.0,0.0,,0.0
2020-12-21,desktop,(data deleted),(data deleted),(data deleted) / (data deleted),Other,Returning,96,94,2,2,2,19.0,0.020833333333333332,0.02127659574468085,9.5,0.19791666666666666
2020-12-21,desktop,<Other>,(data deleted),<Other> / (data deleted),Other,Returning,3,3,0,0,0,0.0,0.0,0.0,,0.0
2020-12-21,desktop,<Other>,<Other>,<Other> / <Other>,Other,New,326,325,2,2,2,122.0,0.006134969325153374,0.006153846153846154,61.0,0.37423312883435583
2020-12-21,desktop,<Other>,<Other>,<Other> / <Other>,Other,Returning,16,16,0,0,0,0.0,0.0,0.0,,0.0
2020-12-21,desktop,google,cpc,google / cpc,Paid Search,New,95,95,0,0,0,0.0,0.0,0.0,,0.0
2020-12-21,desktop,google,cpc,google / cpc,Paid Search,Returning,10,10,0,0,0,0.0,0.0,0.0,,0.0
2020-12-21,desktop,<Other>,referral,<Other> / referral,Referral,New,183,180,1,1,1,183.0,0.00546448087431694,0.005555555555555556,183.0,1.0
2020-12-21,desktop,<Other>,referral,<Other> / referral,Referral,Returning,52,52,3,3,3,943.0,0.057692307692307696,0.057692307692307696,314.3333333333333,18.134615384615383
2020-12-21,desktop,shop.googlemerchandisestore.com,referral,shop.googlemerchandisestore.com / referral,Referral,New,124,123,0,0,0,0.0,0.0,0.0,,0.0
2020-12-21,desktop,shop.googlemerchandisestore.com,referral,shop.googlemerchandisestore.com / referral,Referral,Returning,74,73,0,0,0,0.0,0.0,0.0,,0.0
2020-12-21,mobile,(direct),(none),(direct) / (none),Direct,New,318,311,6,6,8,428.0,0.018867924528301886,0.01929260450160772,53.5,1.3459119496855345
2020-12-21,mobile,(direct),(none),(direct) / (none),Direct,Returning,68,64,0,0,0,0.0,0.0,0.0,,0.0
2020-12-21,mobile,<Other>,organic,<Other> / organic,Organic Search,New,37,37,1,1,1,55.0,0.02702702702702703,0.02702702702702703,55.0,1.4864864864864864
2020-12-21,mobile,<Other>,organic,<Other> / organic,Organic Search,Returning,5,5,0,0,0,0.0,0.0,0.0,,0.0
2020-12-21,mobile,google,organic,google / organic,Organic Search,New,430,426,2,2,2,79.0,0.004651162790697674,0.004694835680751174,39.5,0.18372093023255814
2020-12-21,mobile,google,organic,google / organic,Organic Search,Returning,62,60,1,1,1,40.0,0.016129032258064516,0.016666666666666666,40.0,0.6451612903225806
2020-12-21,mobile,(data deleted),(data deleted),(data deleted) / (data deleted),Other,New,31,31,0,0,0,0.0,0.0,0.0,,0.0
2020-12-21,mobile,(data deleted),(data deleted),(data deleted) / (data deleted),Other,Returning,69,66,1,1,1,58.0,0.014492753623188406,0.015151515151515152,58.0,0.8405797101449275
2020-12-21,mobile,<Other>,(data deleted),<Other> / (data deleted),Other,Returning,1,1,0,0,0,0.0,0.0,0.0,,0.0
2020-12-21,mobile,<Other>,<Other>,<Other> / <Other>,Other,New,224,222,2,2,2,71.0,0.008928571428571428,0.009009009009009009,35.5,0.3169642857142857
2020-12-21,mobile,<Other>,<Other>,<Other> / <Other>,Other,Returning,13,13,0,0,0,0.0,0.0,0.0,,0.0
2020-12-21,mobile,google,cpc,google / cpc,Paid Search,New,52,52,1,1,1,14.0,0.019230769230769232,0.019230769230769232,14.0,0.2692307692307692
2020-12-21,mobile,google,cpc,google / cpc,Paid Search,Returning,2,2,0,0,0,0.0,0.0,0.0,,0.0
2020-12-21,mobile,<Other>,referral,<Other> / referral,Referral,New,128,127,1,1,3,30.0,0.0078125,0.007874015748031496,10.0,0.234375
2020-12-21,mobile,<Other>,referral,<Other> / referral,Referral,Returning,35,35,0,0,0,0.0,0.0,0.0,,0.0
2020-12-21,mobile,shop.googlemerchandisestore.com,referral,shop.googlemerchandisestore.com / referral,Referral,New,76,74,0,0,0,0.0,0.0,0.0,,0.0
2020-12-21,mobile,shop.googlemerchandisestore.com,referral,shop.googlemerchandisestore.com / referral,Referral,Returning,44,43,1,1,1,36.0,0.022727272727272728,0.023255813953488372,36.0,0.8181818181818182
2020-12-21,tablet,(direct),(none),(direct) / (none),Direct,New,21,21,0,0,0,0.0,0.0,0.0,,0.0
2020-12-21,tablet,(direct),(none),(direct) / (none),Direct,Returning,1,1,1,1,1,71.0,1.0,1.0,71.0,71.0
2020-12-21,tablet,<Other>,organic,<Other> / organic,Organic Search,New,3,3,0,0,0,0.0,0.0,0.0,,0.0
2020-12-21,tablet,<Other>,organic,<Other> / organic,Organic Search,Returning,1,1,0,0,0,0.0,0.0,0.0,,0.0
2020-12-21,tablet,google,organic,google / organic,Organic Search,New,31,30,1,1,1,86.0,0.03225806451612903,0.03333333333333333,86.0,2.774193548387097
2020-12-21,tablet,google,organic,google / organic,Organic Search,Returning,4,4,1,1,1,30.0,0.25,0.25,30.0,7.5
2020-12-21,tablet,(data deleted),(data deleted),(data deleted) / (data deleted),Other,New,1,1,0,0,0,0.0,0.0,0.0,,0.0
2020-12-21,tablet,(data deleted),(data deleted),(data deleted) / (data deleted),Other,Returning,2,2,0,0,0,0.0,0.0,0.0,,0.0
2020-12-21,tablet,<Other>,(data deleted),<Other> / (data deleted),Other,Returning,1,1,0,0,0,0.0,0.0,0.0,,0.0
2020-12-21,tablet,<Other>,<Other>,<Other> / <Other>,Other,New,11,11,0,0,0,0.0,0.0,0.0,,0.0
2020-12-21,tablet,<Other>,<Other>,<Other> / <Other>,Other,Returning,2,2,0,0,0,0.0,0.0,0.0,,0.0
2020-12-21,tablet,google,cpc,google / cpc,Paid Search,New,2,2,0,0,0,0.0,0.0,0.0,,0.0
2020-12-21,tablet,google,cpc,google / cpc,Paid Search,Returning,1,1,0,0,0,0.0,0.0,0.0,,0.0
2020-12-21,tablet,<Other>,referral,<Other> / referral,Referral,New,9,9,0,0,0,0.0,0.0,0.0,,0.0
2020-12-21,tablet,<Other>,referral,<Other> / referral,Referral,Returning,3,3,1,1,1,16.0,0.3333333333333333,0.3333333333333333,16.0,5.333333333333333
2020-12-21,tablet,shop.googlemerchandisestore.com,referral,shop.googlemerchandisestore.com / referral,Referral,New,4,4,0,0,0,0.0,0.0,0.0,,0.0
2020-12-21,tablet,shop.googlemerchandisestore.com,referral,shop.googlemerchandisestore.com / referral,Referral,Returning,3,3,0,0,0,0.0,0.0,0.0,,0.0
2020-12-22,desktop,(direct),(none),(direct) / (none),Direct,New,401,396,2,2,2,86.0,0.004987531172069825,0.005050505050505051,43.0,0.2144638403990025
2020-12-22,desktop,(direct),(none),(direct) / (none),Direct,Returning,79,74,6,6,7,291.0,0.0759493670886076,0.08108108108108109,41.57142857142857,3.6835443037974684
2020-12-22,desktop,<Other>,organic,<Other> / organic,Organic Search,New,60,60,0,0,0,0.0,0.0,0.0,,0.0
2020-12-22,desktop,<Other>,organic,<Other> / organic,Organic Search,Returning,7,7,0,0,0,0.0,0.0,0.0,,0.0
2020-12-22,desktop,google,organic,google / organic,Organic Search,New,590,578,4,4,4,121.0,0.006779661016949152,0.006920415224913495,30.25,0.20508474576271185
2020-12-22,desktop,google,organic,google / organic,Organic Search,Returning,96,92,3,3,3,113.0,0.03125,0.03260869565217391,37.666666666666664,1.1770833333333333
2020-12-22,desktop,(data deleted),(data deleted),(data deleted) / (data deleted),Other,New,50,49,0,0,0,0.0,0.0,0.0,,0.0
2020-12-22,desktop,(data deleted),(data deleted),(data deleted) / (data deleted),Other,Returning,95,90,4,4,5,336.0,0.042105263157894736,0.044444444444444446,67.2,3.536842105263158
2020-12-22,desktop,<Other>,(data deleted),<Other> / (data deleted),Other,New,4,4,0,0,0,0.0,0.0,0.0,,0.0
2020-12-22,desktop,<Other>,(data deleted),<Other> / (data deleted),Other,Returning,3,3,0,0,0,0.0,0.0,0.0,,0.0
2020-12-22,desktop,<Other>,<Other>,<Other> / <Other>,Other,New,296,292,3,3,3,216.0,0.010135135135135136,0.010273972602739725,72.0,0.7297297297297297
2020-12-22,desktop,<Other>,<Other>,<Other> / <Other>,Other,Returning,31,29,2,2,2,71.0,0.06451612903225806,0.06896551724137931,35.5,2.2903225806451615
2020-12-22,desktop,google,cpc,google / cpc,Paid Search,New,91,91,0,0,0,0.0,0.0,0.0,,0.0
2020-12-22,desktop,google,cpc,google / cpc,Paid Search,Returning,10,10,1,1,1,61.0,0.1,0.1,61.0,6.1
2020-12-22,desktop,<Other>,referral,<Other> / referral,Referral,New,159,159,2,2,3,402.0,0.012578616352201259,0.012578616352201259,134.0,2.5283018867924527
2020-12-22,desktop,<Other>,referral,<Other> / referral,Referral,Returning,38,37,2,2,2,106.0,0.05263157894736842,0.05405405405405406,53.0,2.789473684210526
2020-12-22,desktop,shop.googlemerchandisestore.com,referral,shop.googlemerchandisestore.com / referral,Referral,New,104,102,2,2,2,150.0,0.019230769230769232,0.0196078431372549,75.0,1.4423076923076923
2020-12-22,desktop,shop.googlemerchandisestore.com,referral,shop.googlemerchandisestore.com / referral,Referral,Returning,73,70,2,2,2,118.0,0.0273972602739726,0.02857142857142857,59.0,1.6164383561643836
2020-12-22,mobile,(direct),(none),(direct) / (none),Direct,New,297,287,4,4,4,107.0,0.013468013468013467,0.013937282229965157,26.75,0.3602693602693603
2020-12-22,mobile,(direct),(none),(direct) / (none),Direct,Returning,56,49,1,1,1,70.0,0.017857142857142856,0.02040816326530612,70.0,1.25
2020-12-22,mobile,<Other>,organic,<Other> / organic,Organic Search,New,39,39,0,0,0,0.0,0.0,0.0,,0.0
2020-12-22,mobile,<Other>,organic,<Other> / organic,Organic Search,Returning,8,8,0,0,0,0.0,0.0,0.0,,0.0
2020-12-22,mobile,google,organic,google / organic,Organic Search,New,430,413,1,1,1,8.0,0.002325581395348837,0.002421307506053269,8.0,0.018604651162790697
2020-12-22,mobile,google,organic,google / organic,Organic Search,Returning,68,66,3,3,3,252.0,0.04411764705882353,0.045454545454545456,84.0,3.7058823529411766
2020-12-22,mobile,(data deleted),(data deleted),(data deleted) / (data deleted),Other,New,36,36,0,0,0,0.0,0.0,0.0,,0.0
2020-12-22,mobile,(data deleted),(data deleted),(data deleted) / (data deleted),Other,Returning,68,66,3,3,3,155.0,0.04411764705882353,0.045454545454545456,51.666666666666664,2.2794117647058822
2020-12-22,mobile,<Other>,(data deleted),<Other> / (data deleted),Other,New,1,1,0,0,0,0.0,0.0,0.0,,0.0
2020-12-22,mobile,<Other>,(data deleted),<Other> / (data deleted),Other,Returning,1,1,0,0,0,0.0,0.0,0.0,,0.0
2020-12-22,mobile,<Other>,<Other>,<Other> / <Other>,Other,New,217,214,2,2,2,100.0,0.009216589861751152,0.009345794392523364,50.0,0.4608294930875576
2020-12-22,mobile,<Other>,<Other>,<Other> / <Other>,Other,Returning,18,18,2,2,2,92.0,0.1111111111111111,0.1111111111111111,46.0,5.111111111111111
2020-12-22,mobile,google,cpc,google / cpc,Paid Search,New,53,53,0,0,0,0.0,0.0,0.0,,0.0
2020-12-22,mobile,google,cpc,google / cpc,Paid Search,Returning,3,3,0,0,0,0.0,0.0,0.0,,0.0
2020-12-22,mobile,<Other>,referral,<Other> / referral,Referral,New,122,122,2,2,2,108.0,0.01639344262295082,0.01639344262295082,54.0,0.8852459016393442
2020-12-22,mobile,<Other>,referral,<Other> / referral,Referral,Returning,29,26,0,0,0,0.0,0.0,0.0,,0.0
2020-12-22,mobile,shop.googlemerchandisestore.com,referral,shop.googlemerchandisestore.com / referral,Referral,New,86,85,2,2,2,15.0,0.023255813953488372,0.023529411764705882,7.5,0.1744186046511628
2020-12-22,mobile,shop.googlemerchandisestore.com,referral,shop.googlemerchandisestore.com / referral,Referral,Returning,44,44,3,3,3,210.0,0.06818181818181818,0.06818181818181818,70.0,4.7727272727272725
2020-12-22,tablet,(direct),(none),(direct) / (none),Direct,New,11,11,0,0,0,0.0,0.0,0.0,,0.0
2020-12-22,tablet,(direct),(none),(direct) / (none),Direct,Returning,5,4,0,0,0,0.0,0.0,0.0,,0.0
2020-12-22,tablet,<Other>,organic,<Other> / organic,Organic Search,New,5,5,0,0,0,0.0,0.0,0.0,,0.0
2020-12-22,tablet,google,organic,google / organic,Organic Search,New,17,17,0,0,0,0.0,0.0,0.0,,0.0
2020-12-22,tablet,google,organic,google / organic,Organic Search,Returning,7,7,0,0,0,0.0,0.0,0.0,,0.0
2020-12-22,tablet,(data deleted),(data deleted),(data deleted) / (data deleted),Other,New,3,3,0,0,0,0.0,0.0,0.0,,0.0
2020-12-22,tablet,(data deleted),(data deleted),(data deleted) / (data deleted),Other,Returning,2,2,1,1,1,42.0,0.5,0.5,42.0,21.0
2020-12-22,tablet,<Other>,<Other>,<Other> / <Other>,Other,New,9,9,0,0,0,0.0,0.0,0.0,,0.0
2020-12-22,tablet,google,cpc,google / cpc,Paid Search,New,2,2,0,0,0,0.0,0.0,0.0,,0.0
2020-12-22,tablet,<Other>,referral,<Other> / referral,Referral,New,8,8,0,0,0,0.0,0.0,0.0,,0.0
2020-12-22,tablet,<Other>,referral,<Other> / referral,Referral,Returning,4,4,0,0,0,0.0,0.0,0.0,,0.0
2020-12-22,tablet,shop.googlemerchandisestore.com,referral,shop.googlemerchandisestore.com / referral,Referral,New,6,6,0,0,0,0.0,0.0,0.0,,0.0
2020-12-22,tablet,shop.googlemerchandisestore.com,referral,shop.googlemerchandisestore.com / referral,Referral,Returning,6,6,0,0,0,0.0,0.0,0.0,,0.0
2020-12-23,desktop,(direct),(none),(direct) / (none),Direct,New,364,357,2,2,2,46.0,0.005494505494505495,0.0056022408963585435,23.0,0.12637362637362637
2020-12-23,desktop,(direct),(none),(direct) / (none),Direct,Returning,81,77,2,2,2,700.0,0.024691358024691357,0.025974025974025976,350.0,8.641975308641975
2020-12-23,desktop,<Other>,organic,<Other> / organic,Organic Search,New,57,57,0,0,0,0.0,0.0,0.0,,0.0
2020-12-23,desktop,<Other>,organic,<Other> / organic,Organic Search,Returning,6,6,1,1,1,42.0,0.16666666666666666,0.16666666666666666,42.0,7.0
2020-12-23,desktop,google,organic,google / organic,Organic Search,New,541,529,4,4,5,307.0,0.0073937153419593345,0.007561436672967864,61.4,0.5674676524953789
2020-12-23,desktop,google,organic,google / organic,Organic Search,Returning,69,66,4,4,5,277.0,0.057971014492753624,0.06060606060606061,55.4,4.0144927536231885
2020-12-23,desktop,(data deleted),(data deleted),(data deleted) / (data deleted),Other,New,28,28,0,0,0,0.0,0.0,0.0,,0.0
2020-12-23,desktop,(data deleted),(data deleted),(data deleted) / (data deleted),Other,Returning,83,78,5,5,7,564.0,0.060240963855421686,0.0641025641025641,80.57142857142857,6.795180722891566
2020-12-23,desktop,<Other>,(data deleted),<Other> / (data deleted),Other,Returning,1,1,0,0,0,0.0,0.0,0.0,,0.0
2020-12-23,desktop,<Other>,<Other>,<Other> / <Other>,Other,New,294,294,1,1,1,30.0,0.003401360544217687,0.003401360544217687,30.0,0.10204081632653061
2020-12-23,desktop,<Other>,<Other>,<Other> / <Other>,Other,Returning,24,24,1,1,5,350.0,0.041666666666666664,0.041666666666666664,70.0,14.583333333333334
2020-12-23,desktop,google,cpc,google / cpc,Paid Search,New,67,67,0,0,0,0.0,0.0,0.0,,0.0
2020-12-23,desktop,google,cpc,google / cpc,Paid Search,Returning,5,5,1,1,1,17.0,0.2,0.2,17.0,3.4
2020-12-23,desktop,<Other>,referral,<Other> / referral,Referral,New,155,154,0,0,0,0.0,0.0,0.0,,0.0
2020-12-23,desktop,<Other>,referral,<Other> / referral,Referral,Returning,36,33,2,2,2,142.0,0.05555555555555555,0.06060606060606061,71.0,3.9444444444444446
2020-12-23,desktop,shop.googlemerchandisestore.com,referral,shop.googlemerchandisestore.com / referral,Referral,New,88,87,0,0,0,0.0,0.0,0.0,,0.0
2020-12-23,desktop,shop.googlemerchandisestore.com,referral,shop.googlemerchandisestore.com / referral,Referral,Returning,57,56,2,2,2,227.0,0.03508771929824561,0.03571428571428571,113.5,3.982456140350877
2020-12-23,mobile,(direct),(none),(direct) / (none),Direct,New,255,251,2,2,2,104.0,0.00784313725490196,0.00796812749003984,52.0,0.40784313725490196
2020-12-23,mobile,(direct),(none),(direct) / (none),Direct,Returning,67,63,4,4,5,523.0,0.05970149253731343,0.06349206349206349,104.6,7.8059701492537314
2020-12-23,mobile,<Other>,organic,<Other> / organic,Organic Search,New,38,38,0,0,0,0.0,0.0,0.0,,0.0
2020-12-23,mobile,<Other>,organic,<Other> / organic,Organic Search,Returning,1,1,0,0,0,0.0,0.0,0.0,,0.0
2020-12-23,mobile,google,organic,google / organic,Organic Search,New,394,390,6,6,9,250.0,0.015228426395939087,0.015384615384615385,27.77777777777778,0.6345177664974619
2020-12-23,mobile,google,organic,google / organic,Organic Search,Returning,57,52,2,2,2,122.0,0.03508771929824561,0.038461538461538464,61.0,2.1403508771929824
2020-12-23,mobile,(data deleted),(data deleted),(data deleted) / (data deleted),Other,New,29,29,0,0,0,0.0,0.0,0.0,,0.0
2020-12-23,mobile,(data deleted),(data deleted),(data deleted) / (data deleted),Other,Returning,62,59,5,5,7,342.0,0.08064516129032258,0.0847457627118644,48.857142857142854,5.516129032258065
2020-12-23,mobile,<Other>,(data deleted),<Other> / (data deleted),Other,New,1,1,1,1,1,32.0,1.0,1.0,32.0,32.0
2020-12-23,mobile,<Other>,<Other>,<Other> / <Other>,Other,New,186,186,2,2,2,62.0,0.010752688172043012,0.010752688172043012,31.0,0.3333333333333333
2020-12-23,mobile,<Other>,<Other>,<Other> / <Other>,Other,Returning,14,14,1,1,1,24.0,0.07142857142857142,0.07142857142857142,24.0,1.7142857142857142
2020-12-23,mobile,google,cpc,google / cpc,Paid Search,New,63,63,0,0,0,0.0,0.0,0.0,,0.0
2020-12-23,mobile,google,cpc,google / cpc,Paid Search,Returning,7,7,0,0,0,0.0,0.0,0.0,,0.0
2020-12-23,mobile,<Other>,referral,<Other> / referral,Referral,New,111,110,1,1,1,73.0,0.009009009009009009,0.00909090909090909,73.0,0.6576576576576577
2020-12-23,mobile,<Other>,referral,<Other> / referral,Referral,Returning,21,21,0,0,0,0.0,0.0,0.0,,0.0
2020-12-23,mobile,shop.googlemerchandisestore.com,referral,shop.googlemerchandisestore.com / referral,Referral,New,74,72,1,1,1,42.0,0.013513513513513514,0.013888888888888888,42.0,0.5675675675675675
2020-12-23,mobile,shop.googlemerchandisestore.com,referral,shop.googlemerchandisestore.com / referral,Referral,Returning,43,41,3,3,3,142.0,0.06976744186046512,0.07317073170731707,47.333333333333336,3.302325581395349
2020-12-23,tablet,(direct),(none),(direct) / (none),Direct,New,18,16,0,0,0,0.0,0.0,0.0,,0.0
2020-12-23,tablet,(direct),(none),(direct) / (none),Direct,Returning,1,1,0,0,0,0.0,0.0,0.0,,0.0
2020-12-23,tablet,<Other>,organic,<Other> / organic,Organic Search,New,2,2,0,0,0,0.0,0.0,0.0,,0.0
2020-12-23,tablet,google,organic,google / organic,Organic Search,New,20,19,0,0,0,0.0,0.0,0.0,,0.0
2020-12-23,tablet,google,organic,google / organic,Organic Search,Returning,3,3,0,0,0,0.0,0.0,0.0,,0.0
2020-12-23,tablet,(data deleted),(data deleted),(data deleted) / (data deleted),Other,New,1,1,0,0,0,0.0,0.0,0.0,,0.0
2020-12-23,tablet,<Other>,<Other>,<Other> / <Other>,Other,New,12,12,0,0,0,0.0,0.0,0.0,,0.0
2020-12-23,tablet,google,cpc,google / cpc,Paid Search,New,2,2,0,0,0,0.0,0.0,0.0,,0.0
2020-12-23,tablet,<Other>,referral,<Other> / referral,Referral,New,5,5,0,0,0,0.0,0.0,0.0,,0.0
2020-12-23,tablet,shop.googlemerchandisestore.com,referral,shop.googlemerchandisestore.com / referral,Referral,New,4,4,0,0,0,0.0,0.0,0.0,,0.0
2020-12-23,tablet,shop.googlemerchandisestore.com,referral,shop.googlemerchandisestore.com / referral,Referral,Returning,1,1,0,0,0,0.0,0.0,0.0,,0.0
2020-12-24,desktop,(direct),(none),(direct) / (none),Direct,New,316,314,0,0,0,0.0,0.0,0.0,,0.0
2020-12-24,desktop,(direct),(none),(direct) / (none),Direct,Returning,50,49,1,1,1,0.0,0.02,0.02040816326530612,0.0,0.0
2020-12-24,desktop,<Other>,organic,<Other> / organic,Organic Search,New,54,54,0,0,0,0.0,0.0,0.0,,0.0
2020-12-24,desktop,<Other>,organic,<Other> / organic,Organic Search,Returning,1,1,0,0,0,0.0,0.0,0.0,,0.0
2020-12-24,desktop,google,organic,google / organic,Organic Search,New,466,458,1,1,1,99.0,0.002145922746781116,0.002183406113537118,99.0,0.21244635193133046
2020-12-24,desktop,google,organic,google / organic,Organic Search,Returning,33,33,0,0,0,0.0,0.0,0.0,,0.0
2020-12-24,desktop,(data deleted),(data deleted),(data deleted) / (data deleted),Other,New,22,22,2,2,2,99.0,0.09090909090909091,0.09090909090909091,49.5,4.5
2020-12-24,desktop,(data deleted),(data deleted),(data deleted) / (data deleted),Other,Returning,41,40,2,2,3,245.0,0.04878048780487805,0.05,81.66666666666667,5.975609756097561
2020-12-24,desktop,<Other>,<Other>,<Other> / <Other>,Other,New,255,254,0,0,0,0.0,0.0,0.0,,0.0
2020-12-24,desktop,<Other>,<Other>,<Other> / <Other>,Other,Returning,4,4,1,1,1,59.0,0.25,0.25,59.0,14.75
2020-12-24,desktop,google,cpc,google / cpc,Paid Search,New,69,69,0,0,0,0.0,0.0,0.0,,0.0
2020-12-24,desktop,google,cpc,google / cpc,Paid Search,Returning,7,7,2,2,2,68.0,0.2857142857142857,0.2857142857142857,34.0,9.714285714285714
2020-12-24,desktop,<Other>,referral,<Other> / referral,Referral,New,126,126,0,0,0,0.0,0.0,0.0,,0.0
2020-12-24,desktop,<Other>,referral,<Other> / referral,Referral,Returning,22,22,0,0,0,0.0,0.0,0.0,,0.0
2020-12-24,desktop,shop.googlemerchandisestore.com,referral,shop.googlemerchandisestore.com / referral,Referral,New,82,81,0,0,0,0.0,0.0,0.0,,0.0
2020-12-24,desktop,shop.googlemerchandisestore.com,referral,shop.googlemerchandisestore.com / referral,Referral,Returning,39,39,1,1,1,153.0,0.02564102564102564,0.02564102564102564,153.0,3.923076923076923
2020-12-24,mobile,(direct),(none),(direct) / (none),Direct,New,232,227,0,0,0,0.0,0.0,0.0,,0.0
2020-12-24,mobile,(direct),(none),(direct) / (none),Direct,Returning,24,23,2,2,2,64.0,0.08333333333333333,0.08695652173913043,32.0,2.6666666666666665
2020-12-24,mobile,<Other>,organic,<Other> / organic,Organic Search,New,29,29,0,0,0,0.0,0.0,0.0,,0.0
2020-12-24,mobile,<Other>,organic,<Other> / organic,Organic Search,Returning,3,3,0,0,0,0.0,0.0,0.0,,0.0
2020-12-24,mobile,google,organic,google / organic,Organic Search,New,338,334,1,1,1,26.0,0.0029585798816568047,0.0029940119760479044,26.0,0.07692307692307693
2020-12-24,mobile,google,organic,google / organic,Organic Search,Returning,30,29,0,0,0,0.0,0.0,0.0,,0.0
2020-12-24,mobile,(data deleted),(data deleted),(data deleted) / (data deleted),Other,New,17,17,1,1,1,32.0,0.058823529411764705,0.058823529411764705,32.0,1.8823529411764706
2020-12-24,mobile,(data deleted),(data deleted),(data deleted) / (data deleted),Other,Returning,35,32,1,1,1,39.0,0.02857142857142857,0.03125,39.0,1.1142857142857143
2020-12-24,mobile,<Other>,(data deleted),<Other> / (data deleted),Other,New,1,1,0,0,0,0.0,0.0,0.0,,0.0
2020-12-24,mobile,<Other>,<Other>,<Other> / <Other>,Other,New,172,170,3,3,3,68.0,0.01744186046511628,0.01764705882352941,22.666666666666668,0.3953488372093023
2020-12-24,mobile,<Other>,<Other>,<Other> / <Other>,Other,Returning,13,13,0,0,0,0.0,0.0,0.0,,0.0
2020-12-24,mobile,google,cpc,google / cpc,Paid Search,New,63,63,0,0,0,0.0,0.0,0.0,,0.0
2020-12-24,mobile,google,cpc,google / cpc,Paid Search,Returning,3,3,0,0,0,0.0,0.0,0.0,,0.0
2020-12-24,mobile,<Other>,referral,<Other> / referral,Referral,New,96,96,1,1,1,120.0,0.010416666666666666,0.010416666666666666,120.0,1.25
2020-12-24,mobile,<Other>,referral,<Other> / referral,Referral,Returning,16,16,0,0,0,0.0,0.0,0.0,,0.0
2020-12-24,mobile,shop.googlemerchandisestore.com,referral,shop.googlemerchandisestore.com / referral,Referral,New,51,51,0,0,0,0.0,0.0,0.0,,0.0
2020-12-24,mobile,shop.googlemerchandisestore.com,referral,shop.googlemerchandisestore.com / referral,Referral,Returning,30,28,1,1,1,19.0,0.03333333333333333,0.03571428571428571,19.0,0.6333333333333333
2020-12-24,tablet,(direct),(none),(direct) / (none),Direct,New,13,13,0,0,0,0.0,0.0,0.0,,0.0
2020-12-24,tablet,(direct),(none),(direct) / (none),Direct,Returning,2,1,0,0,0,0.0,0.0,0.0,,0.0
2020-12-24,tablet,<Other>,organic,<Other> / organic,Organic Search,New,2,2,0,0,0,0.0,0.0,0.0,,0.0
2020-12-24,tablet,google,organic,google / organic,Organic Search,New,15,15,0,0,0,0.0,0.0,0.0,,0.0
2020-12-24,tablet,google,organic,google / organic,Organic Search,Returning,1,1,1,1,1,76.0,1.0,1.0,76.0,76.0
2020-12-24,tablet,(data deleted),(data deleted),(data deleted) / (data deleted),Other,New,3,3,0,0,0,0.0,0.0,0.0,,0.0
2020-12-24,tablet,(data deleted),(data deleted),(data deleted) / (data deleted),Other,Returning,4,4,1,1,1,25.0,0.25,0.25,25.0,6.25
2020-12-24,tablet,<Other>,<Other>,<Other> / <Other>,Other,New,13,13,0,0,0,0.0,0.0,0.0,,0.0
2020-12-24,tablet,google,cpc,google / cpc,Paid Search,New,5,5,0,0,0,0.0,0.0,0.0,,0.0
2020-12-24,tablet,<Other>,referral,<Other> / referral,Referral,New,4,4,0,0,0,0.0,0.0,0.0,,0.0
2020-12-24,tablet,<Other>,referral,<Other> / referral,Referral,Returning,1,1,0,0,0,0.0,0.0,0.0,,0.0
2020-12-24,tablet,shop.googlemerchandisestore.com,referral,shop.googlemerchandisestore.com / referral,Referral,New,1,1,0,0,0,0.0,0.0,0.0,,0.0
2020-12-25,desktop,(direct),(none),(direct) / (none),Direct,New,303,299,0,0,0,0.0,0.0,0.0,,0.0
2020-12-25,desktop,(direct),(none),(direct) / (none),Direct,Returning,36,34,1,1,1,48.0,0.027777777777777776,0.029411764705882353,48.0,1.3333333333333333
2020-12-25,desktop,<Other>,organic,<Other> / organic,Organic Search,New,38,38,1,1,1,91.0,0.02631578947368421,0.02631578947368421,91.0,2.3947368421052633
2020-12-25,desktop,<Other>,organic,<Other> / organic,Organic Search,Returning,1,1,0,0,0,0.0,0.0,0.0,,0.0
2020-12-25,desktop,google,organic,google / organic,Organic Search,New,476,472,3,3,3,108.0,0.0063025210084033615,0.006355932203389831,36.0,0.226890756302521
2020-12-25,desktop,google,organic,google / organic,Organic Search,Returning,30,28,0,0,0,0.0,0.0,0.0,,0.0
2020-12-25,desktop,(data deleted),(data deleted),(data deleted) / (data deleted),Other,New,19,19,0,0,0,0.0,0.0,0.0,,0.0
2020-12-25,desktop,(data deleted),(data deleted),(data deleted) / (data deleted),Other,Returning,37,37,1,1,1,22.0,0.02702702702702703,0.02702702702702703,22.0,0.5945945945945946
2020-12-25,desktop,<Other>,(data deleted),<Other> / (data deleted),Other,Returning,1,1,0,0,0,0.0,0.0,0.0,,0.0
2020-12-25,desktop,<Other>,<Other>,<Other> / <Other>,Other,New,234,234,0,0,0,0.0,0.0,0.0,,0.0
2020-12-25,desktop,<Other>,<Other>,<Other> / <Other>,Other,Returning,3,3,0,0,0,0.0,0.0,0.0,,0.0
2020-12-25,desktop,google,cpc,google / cpc,Paid Search,New,84,84,0,0,0,0.0,0.0,0.0,,0.0
2020-12-25,desktop,google,cpc,google / cpc,Paid Search,Returning,3,3,0,0,0,0.0,0.0,0.0,,0.0
2020-12-25,desktop,<Other>,referral,<Other> / referral,Referral,New,160,160,0,0,0,0.0,0.0,0.0,,0.0
2020-12-25,desktop,<Other>,referral,<Other> / referral,Referral,Returning,14,14,1,1,1,19.0,0.07142857142857142,0.07142857142857142,19.0,1.3571428571428572
2020-12-25,desktop,shop.googlemerchandisestore.com,referral,shop.googlemerchandisestore.com / referral,Referral,New,80,78,0,0,0,0.0,0.0,0.0,,0.0
2020-12-25,desktop,shop.googlemerchandisestore.com,referral,shop.googlemerchandisestore.com / referral,Referral,Returning,32,32,0,0,0,0.0,0.0,0.0,,0.0
2020-12-25,mobile,(direct),(none),(direct) / (none),Direct,New,207,207,2,2,2,11.0,0.00966183574879227,0.00966183574879227,5.5,0.05314009661835749
2020-12-25,mobile,(direct),(none),(direct) / (none),Direct,Returning,30,26,1,1,1,58.0,0.03333333333333333,0.038461538461538464,58.0,1.9333333333333333
2020-12-25,mobile,<Other>,organic,<Other> / organic,Organic Search,New,28,28,0,0,0,0.0,0.0,0.0,,0.0
2020-12-25,mobile,<Other>,organic,<Other> / organic,Organic Search,Returning,4,4,0,0,0,0.0,0.0,0.0,,0.0
2020-12-25,mobile,google,organic,google / organic,Organic Search,New,324,322,0,0,0,0.0,0.0,0.0,,0.0
2020-12-25,mobile,google,organic,google / organic,Organic Search,Returning,25,24,1,1,1,14.0,0.04,0.041666666666666664,14.0,0.56
2020-12-25,mobile,(data deleted),(data deleted),(data deleted) / (data deleted),Other,New,12,12,0,0,0,0.0,0.0,0.0,,0.0
2020-12-25,mobile,(data deleted),(data deleted),(data deleted) / (data deleted),Other,Returning,27,26,2,2,2,54.0,0.07407407407407407,0.07692307692307693,27.0,2.0
2020-12-25,mobile,<Other>,<Other>,<Other> / <Other>,Other,New,155,154,0,0,0,0.0,0.0,0.0,,0.0
2020-12-25,mobile,<Other>,<Other>,<Other> / <Other>,Other,Returning,7,7,0,0,0,0.0,0.0,0.0,,0.0
2020-12-25,mobile,google,cpc,google / cpc,Paid Search,New,55,55,0,0,0,0.0,0.0,0.0,,0.0
2020-12-25,mobile,google,cpc,google / cpc,Paid Search,Returning,1,1,1,1,1,26.0,1.0,1.0,26.0,26.0
2020-12-25,mobile,<Other>,referral,<Other> / referral,Referral,New,73,73,1,1,1,26.0,0.0136986301369863,0.0136986301369863,26.0,0.3561643835616438
2020-12-25,mobile,<Other>,referral,<Other> / referral,Referral,Returning,17,16,0,0,0,0.0,0.0,0.0,,0.0
2020-12-25,mobile,shop.googlemerchandisestore.com,referral,shop.googlemerchandisestore.com / referral,Referral,New,50,50,1,1,1,30.0,0.02,0.02,30.0,0.6
2020-12-25,mobile,shop.googlemerchandisestore.com,referral,shop.googlemerchandisestore.com / referral,Referral,Returning,24,24,1,1,1,45.0,0.041666666666666664,0.041666666666666664,45.0,1.875
2020-12-25,tablet,(direct),(none),(direct) / (none),Direct,New,16,16,0,0,0,0.0,0.0,0.0,,0.0
2020-12-25,tablet,<Other>,organic,<Other> / organic,Organic Search,New,1,1,0,0,0,0.0,0.0,0.0,,0.0
2020-12-25,tablet,google,organic,google / organic,Organic Search,New,17,17,0,0,0,0.0,0.0,0.0,,0.0
2020-12-25,tablet,google,organic,google / organic,Organic Search,Returning,1,1,0,0,0,0.0,0.0,0.0,,0.0
2020-12-25,tablet,(data deleted),(data deleted),(data deleted) / (data deleted),Other,New,1,1,0,0,0,0.0,0.0,0.0,,0.0
2020-12-25,tablet,(data deleted),(data deleted),(data deleted) / (data deleted),Other,Returning,2,2,0,0,0,0.0,0.0,0.0,,0.0
2020-12-25,tablet,<Other>,<Other>,<Other> / <Other>,Other,New,10,10,0,0,0,0.0,0.0,0.0,,0.0
2020-12-25,tablet,<Other>,<Other>,<Other> / <Other>,Other,Returning,1,1,0,0,0,0.0,0.0,0.0,,0.0
2020-12-25,tablet,google,cpc,google / cpc,Paid Search,New,1,1,0,0,0,0.0,0.0,0.0,,0.0
2020-12-25,tablet,<Other>,referral,<Other> / referral,Referral,New,4,4,0,0,0,0.0,0.0,0.0,,0.0
2020-12-25,tablet,shop.googlemerchandisestore.com,referral,shop.googlemerchandisestore.com / referral,Referral,New,3,3,0,0,0,0.0,0.0,0.0,,0.0
2020-12-25,tablet,shop.googlemerchandisestore.com,referral,shop.googlemerchandisestore.com / referral,Referral,Returning,1,1,0,0,0,0.0,0.0,0.0,,0.0
2020-12-26,desktop,(direct),(none),(direct) / (none),Direct,New,330,326,1,1,1,21.0,0.0030303030303030303,0.003067484662576687,21.0,0.06363636363636363
2020-12-26,desktop,(direct),(none),(direct) / (none),Direct,Returning,37,33,0,0,0,0.0,0.0,0.0,,0.0
2020-12-26,desktop,<Other>,organic,<Other> / organic,Organic Search,New,38,38,1,1,1,67.0,0.02631578947368421,0.02631578947368421,67.0,1.763157894736842
2020-12-26,desktop,<Other>,organic,<Other> / organic,Organic Search,Returning,1,1,0,0,0,0.0,0.0,0.0,,0.0
2020-12-26,desktop,google,organic,google / organic,Organic Search,New,497,490,2,2,2,178.0,0.004024144869215292,0.004081632653061225,89.0,0.358148893360161
2020-12-26,desktop,google,organic,google / organic,Organic Search,Returning,33,30,0,0,0,0.0,0.0,0.0,,0.0
2020-12-26,desktop,(data deleted),(data deleted),(data deleted) / (data deleted),Other,New,31,29,0,0,0,0.0,0.0,0.0,,0.0
2020-12-26,desktop,(data deleted),(data deleted),(data deleted) / (data deleted),Other,Returning,35,35,0,0,0,0.0,0.0,0.0,,0.0
2020-12-26,desktop,<Other>,(data deleted),<Other> / (data deleted),Other,New,1,1,0,0,0,0.0,0.0,0.0,,0.0
2020-12-26,desktop,<Other>,<Other>,<Other> / <Other>,Other,New,235,235,0,0,0,0.0,0.0,0.0,,0.0
2020-12-26,desktop,<Other>,<Other>,<Other> / <Other>,Other,Returning,5,5,0,0,0,0.0,0.0,0.0,,0.0
2020-12-26,desktop,google,cpc,google / cpc,Paid Search,New,76,76,0,0,0,0.0,0.0,0.0,,0.0
2020-12-26,desktop,google,cpc,google / cpc,Paid Search,Returning,1,1,0,0,0,0.0,0.0,0.0,,0.0
2020-12-26,desktop,<Other>,referral,<Other> / referral,Referral,New,127,127,0,0,0,0.0,0.0,0.0,,0.0
2020-12-26,desktop,<Other>,referral,<Other> / referral,Referral,Returning,12,11,1,1,1,0.0,0.08333333333333333,0.09090909090909091,0.0,0.0
2020-12-26,desktop,shop.googlemerchandisestore.com,referral,shop.googlemerchandisestore.com / referral,Referral,New,77,76,0,0,0,0.0,0.0,0.0,,0.0
2020-12-26,desktop,shop.googlemerchandisestore.com,referral,shop.googlemerchandisestore.com / referral,Referral,Returning,19,19,0,0,0,0.0,0.0,0.0,,0.0
2020-12-26,mobile,(direct),(none),(direct) / (none),Direct,New,237,235,1,1,1,30.0,0.004219409282700422,0.00425531914893617,30.0,0.12658227848101267
2020-12-26,mobile,(direct),(none),(direct) / (none),Direct,Returning,28,28,1,1,1,39.0,0.03571428571428571,0.03571428571428571,39.0,1.3928571428571428
2020-12-26,mobile,<Other>,organic,<Other> / organic,Organic Search,New,33,33,0,0,0,0.0,0.0,0.0,,0.0
2020-12-26,mobile,<Other>,organic,<Other> / organic,Organic Search,Returning,2,2,0,0,0,0.0,0.0,0.0,,0.0
2020-12-26,mobile,google,organic,google / organic,Organic Search,New,314,309,2,2,2,52.0,0.006369426751592357,0.006472491909385114,26.0,0.16560509554140126
2020-12-26,mobile,google,organic,google / organic,Organic Search,Returning,30,29,2,2,2,35.0,0.06666666666666667,0.06896551724137931,17.5,1.1666666666666667
2020-12-26,mobile,(data deleted),(data deleted),(data deleted) / (data deleted),Other,New,9,9,1,1,1,7.0,0.1111111111111111,0.1111111111111111,7.0,0.7777777777777778
2020-12-26,mobile,(data deleted),(data deleted),(data deleted) / (data deleted),Other,Returning,23,23,1,1,1,18.0,0.043478260869565216,0.043478260869565216,18.0,0.782608695652174
2020-12-26,mobile,<Other>,(data deleted),<Other> / (data deleted),Other,Returning,1,1,0,0,0,0.0,0.0,0.0,,0.0
2020-12-26,mobile,<Other>,<Other>,<Other> / <Other>,Other,New,169,168,1,1,1,120.0,0.005917159763313609,0.005952380952380952,120.0,0.7100591715976331
2020-12-26,mobile,<Other>,<Other>,<Other> / <Other>,Other,Returning,7,7,0,0,0,0.0,0.0,0.0,,0.0
2020-12-26,mobile,google,cpc,google / cpc,Paid Search,New,46,46,0,0,0,0.0,0.0,0.0,,0.0
2020-12-26,mobile,google,cpc,google / cpc,Paid Search,Returning,2,2,0,0,0,0.0,0.0,0.0,,0.0
2020-12-26,mobile,<Other>,referral,<Other> / referral,Referral,New,82,81,0,0,0,0.0,0.0,0.0,,0.0
2020-12-26,mobile,<Other>,referral,<Other> / referral,Referral,Returning,10,10,0,0,0,0.0,0.0,0.0,,0.0
2020-12-26,mobile,shop.googlemerchandisestore.com,referral,shop.googlemerchandisestore.com / referral,Referral,New,57,53,0,0,0,0.0,0.0,0.0,,0.0
2020-12-26,mobile,shop.googlemerchandisestore.com,referral,shop.googlemerchandisestore.com / referral,Referral,Returning,16,16,2,2,3,167.0,0.125,0.125,55.666666666666664,10.4375
2020-12-26,tablet,(direct),(none),(direct) / (none),Direct,New,14,14,0,0,0,0.0,0.0,0.0,,0.0
2020-12-26,tablet,(direct),(none),(direct) / (none),Direct,Returning,1,1,0,0,0,0.0,0.0,0.0,,0.0
2020-12-26,tablet,<Other>,organic,<Other> / organic,Organic Search,New,1,1,0,0,0,0.0,0.0,0.0,,0.0
2020-12-26,tablet,google,organic,google / organic,Organic Search,New,16,16,0,0,0,0.0,0.0,0.0,,0.0
2020-12-26,tablet,google,organic,google / organic,Organic Search,Returning,1,1,0,0,0,0.0,0.0,0.0,,0.0
2020-12-26,tablet,(data deleted),(data deleted),(data deleted) / (data deleted),Other,New,2,2,0,0,0,0.0,0.0,0.0,,0.0
2020-12-26,tablet,<Other>,<Other>,<Other> / <Other>,Other,New,10,10,0,0,0,0.0,0.0,0.0,,0.0
2020-12-26,tablet,google,cpc,google / cpc,Paid Search,New,1,1,0,0,0,0.0,0.0,0.0,,0.0
2020-12-26,tablet,<Other>,referral,<Other> / referral,Referral,New,5,5,0,0,0,0.0,0.0,0.0,,0.0
2020-12-26,tablet,<Other>,referral,<Other> / referral,Referral,Returning,1,1,0,0,0,0.0,0.0,0.0,,0.0
2020-12-26,tablet,shop.googlemerchandisestore.com,referral,shop.googlemerchandisestore.com / referral,Referral,New,4,4,0,0,0,0.0,0.0,0.0,,0.0
2020-12-27,desktop,(direct),(none),(direct) / (none),Direct,New,323,319,1,1,1,33.0,0.0030959752321981426,0.003134796238244514,33.0,0.1021671826625387
2020-12-27,desktop,(direct),(none),(direct) / (none),Direct,Returning,43,41,1,1,1,10.0,0.023255813953488372,0.024390243902439025,10.0,0.23255813953488372
2020-12-27,desktop,<Other>,organic,<Other> / organic,Organic Search,New,35,35,0,0,0,0.0,0.0,0.0,,0.0
2020-12-27,desktop,<Other>,organic,<Other> / organic,Organic Search,Returning,5,5,0,0,0,0.0,0.0,0.0,,0.0
2020-12-27,desktop,google,organic,google / organic,Organic Search,New,501,495,2,2,2,110.0,0.003992015968063872,0.00404040404040404,55.0,0.21956087824351297
2020-12-27,desktop,google,organic,google / organic,Organic Search,Returning,30,29,0,0,0,0.0,0.0,0.0,,0.0
2020-12-27,desktop,(data deleted),(data deleted),(data deleted) / (data deleted),Other,New,25,23,0,0,0,0.0,0.0,0.0,,0.0
2020-12-27,desktop,(data deleted),(data deleted),(data deleted) / (data deleted),Other,Returning,40,38,3,3,3,137.0,0.075,0.07894736842105263,45.666666666666664,3.425
2020-12-27,desktop,<Other>,(data deleted),<Other> / (data deleted),Other,Returning,2,2,0,0,0,0.0,0.0,0.0,,0.0
2020-12-27,desktop,<Other>,<Other>,<Other> / <Other>,Other,New,220,218,1,1,1,18.0,0.004545454545454545,0.0045871559633027525,18.0,0.08181818181818182
2020-12-27,desktop,<Other>,<Other>,<Other> / <Other>,Other,Returning,7,7,0,0,0,0.0,0.0,0.0,,0.0
2020-12-27,desktop,google,cpc,google / cpc,Paid Search,New,62,62,0,0,0,0.0,0.0,0.0,,0.0
2020-12-27,desktop,google,cpc,google / cpc,Paid Search,Returning,5,5,0,0,0,0.0,0.0,0.0,,0.0
2020-12-27,desktop,<Other>,referral,<Other> / referral,Referral,New,129,129,0,0,0,0.0,0.0,0.0,,0.0
2020-12-27,desktop,<Other>,referral,<Other> / referral,Referral,Returning,12,12,1,1,1,128.0,0.08333333333333333,0.08333333333333333,128.0,10.666666666666666
2020-12-27,desktop,shop.googlemerchandisestore.com,referral,shop.googlemerchandisestore.com / referral,Referral,New,83,83,1,1,1,129.0,0.012048192771084338,0.012048192771084338,129.0,1.5542168674698795
2020-12-27,desktop,shop.googlemerchandisestore.com,referral,shop.googlemerchandisestore.com / referral,Referral,Returning,33,32,1,1,1,44.0,0.030303030303030304,0.03125,44.0,1.3333333333333333
2020-12-27,mobile,(direct),(none),(direct) / (none),Direct,New,201,197,0,0,0,0.0,0.0,0.0,,0.0
2020-12-27,mobile,(direct),(none),(direct) / (none),Direct,Returning,32,30,1,1,1,196.0,0.03125,0.03333333333333333,196.0,6.125
2020-12-27,mobile,<Other>,organic,<Other> / organic,Organic Search,New,25,25,0,0,0,0.0,0.0,0.0,,0.0
2020-12-27,mobile,<Other>,organic,<Other> / organic,Organic Search,Returning,3,3,0,0,0,0.0,0.0,0.0,,0.0
2020-12-27,mobile,google,organic,google / organic,Organic Search,New,326,322,1,1,1,22.0,0.003067484662576687,0.003105590062111801,22.0,0.06748466257668712
2020-12-27,mobile,google,organic,google / organic,Organic Search,Returning,30,29,2,2,2,66.0,0.06666666666666667,0.06896551724137931,33.0,2.2
2020-12-27,mobile,(data deleted),(data deleted),(data deleted) / (data deleted),Other,New,21,18,0,0,0,0.0,0.0,0.0,,0.0
2020-12-27,mobile,(data deleted),(data deleted),(data deleted) / (data deleted),Other,Returning,30,28,1,1,1,67.0,0.03333333333333333,0.03571428571428571,67.0,2.2333333333333334
2020-12-27,mobile,<Other>,<Other>,<Other> / <Other>,Other,New,158,158,0,0,0,0.0,0.0,0.0,,0.0
2020-12-27,mobile,<Other>,<Other>,<Other> / <Other>,Other,Returning,7,7,0,0,0,0.0,0.0,0.0,,0.0
2020-12-27,mobile,google,cpc,google / cpc,Paid Search,New,55,55,0,0,0,0.0,0.0,0.0,,0.0
2020-12-27,mobile,google,cpc,google / cpc,Paid Search,Returning,2,2,0,0,0,0.0,0.0,0.0,,0.0
2020-12-27,mobile,<Other>,referral,<Other> / referral,Referral,New,95,93,0,0,0,0.0,0.0,0.0,,0.0
2020-12-27,mobile,<Other>,referral,<Other> / referral,Referral,Returning,16,16,2,2,2,98.0,0.125,0.125,49.0,6.125
2020-12-27,mobile,shop.googlemerchandisestore.com,referral,shop.googlemerchandisestore.com / referral,Referral,New,48,48,0,0,0,0.0,0.0,0.0,,0.0
2020-12-27,mobile,shop.googlemerchandisestore.com,referral,shop.googlemerchandisestore.com / referral,Referral,Returning,17,17,1,1,1,55.0,0.058823529411764705,0.058823529411764705,55.0,3.235294117647059
2020-12-27,tablet,(direct),(none),(direct) / (none),Direct,New,11,11,0,0,0,0.0,0.0,0.0,,0.0
2020-12-27,tablet,(direct),(none),(direct) / (none),Direct,Returning,2,2,1,1,1,48.0,0.5,0.5,48.0,24.0
2020-12-27,tablet,google,organic,google / organic,Organic Search,New,21,21,0,0,0,0.0,0.0,0.0,,0.0
2020-12-27,tablet,(data deleted),(data deleted),(data deleted) / (data deleted),Other,New,1,1,0,0,0,0.0,0.0,0.0,,0.0
2020-12-27,tablet,(data deleted),(data deleted),(data deleted) / (data deleted),Other,Returning,1,1,0,0,0,0.0,0.0,0.0,,0.0
2020-12-27,tablet,<Other>,<Other>,<Other> / <Other>,Other,New,12,12,0,0,0,0.0,0.0,0.0,,0.0
2020-12-27,tablet,google,cpc,google / cpc,Paid Search,New,1,1,0,0,0,0.0,0.0,0.0,,0.0
2020-12-27,tablet,<Other>,referral,<Other> / referral,Referral,New,7,7,0,0,0,0.0,0.0,0.0,,0.0
2020-12-27,tablet,<Other>,referral,<Other> / referral,Referral,Returning,1,1,0,0,0,0.0,0.0,0.0,,0.0
2020-12-27,tablet,shop.googlemerchandisestore.com,referral,shop.googlemerchandisestore.com / referral,Referral,New,1,1,0,0,0,0.0,0.0,0.0,,0.0
2020-12-27,tablet,shop.googlemerchandisestore.com,referral,shop.googlemerchandisestore.com / referral,Referral,Returning,1,1,0,0,0,0.0,0.0,0.0,,0.0
2020-12-28,desktop,(direct),(none),(direct) / (none),Direct,New,417,402,4,4,5,221.0,0.009592326139088728,0.009950248756218905,44.2,0.5299760191846523
2020-12-28,desktop,(direct),(none),(direct) / (none),Direct,Returning,61,60,3,3,4,312.0,0.04918032786885246,0.05,78.0,5.114754098360656
2020-12-28,desktop,<Other>,organic,<Other> / organic,Organic Search,New,69,69,0,0,0,0.0,0.0,0.0,,0.0
2020-12-28,desktop,<Other>,organic,<Other> / organic,Organic Search,Returning,7,7,1,1,2,93.0,0.14285714285714285,0.14285714285714285,46.5,13.285714285714286
2020-12-28,desktop,google,organic,google / organic,Organic Search,New,542,534,4,4,4,467.0,0.007380073800738007,0.00749063670411985,116.75,0.8616236162361623
2020-12-28,desktop,google,organic,google / organic,Organic Search,Returning,65,63,3,3,3,240.0,0.046153846153846156,0.047619047619047616,80.0,3.6923076923076925
2020-12-28,desktop,(data deleted),(data deleted),(data deleted) / (data deleted),Other,New,32,31,0,0,0,0.0,0.0,0.0,,0.0
2020-12-28,desktop,(data deleted),(data deleted),(data deleted) / (data deleted),Other,Returning,55,55,3,3,3,171.0,0.05454545454545454,0.05454545454545454,57.0,3.109090909090909
2020-12-28,desktop,<Other>,(data deleted),<Other> / (data deleted),Other,New,1,1,0,0,0,0.0,0.0,0.0,,0.0
2020-12-28,desktop,<Other>,(data deleted),<Other> / (data deleted),Other,Returning,1,1,0,0,0,0.0,0.0,0.0,,0.0
2020-12-28,desktop,<Other>,<Other>,<Other> / <Other>,Other,New,279,279,1,1,1,44.0,0.0035842293906810036,0.0035842293906810036,44.0,0.15770609318996415
2020-12-28,desktop,<Other>,<Other>,<Other> / <Other>,Other,Returning,22,22,0,0,0,0.0,0.0,0.0,,0.0
2020-12-28,desktop,google,cpc,google / cpc,Paid Search,New,87,87,0,0,0,0.0,0.0,0.0,,0.0
2020-12-28,desktop,google,cpc,google / cpc,Paid Search,Returning,6,6,1,1,1,22.0,0.16666666666666666,0.16666666666666666,22.0,3.6666666666666665
2020-12-28,desktop,<Other>,referral,<Other> / referral,Referral,New,151,149,0,0,0,0.0,0.0,0.0,,0.0
2020-12-28,desktop,<Other>,referral,<Other> / referral,Referral,Returning,30,30,0,0,0,0.0,0.0,0.0,,0.0
2020-12-28,desktop,shop.googlemerchandisestore.com,referral,shop.googlemerchandisestore.com / referral,Referral,New,102,100,0,0,0,0.0,0.0,0.0,,0.0
2020-12-28,desktop,shop.googlemerchandisestore.com,referral,shop.googlemerchandisestore.com / referral,Referral,Returning,40,40,0,0,0,0.0,0.0,0.0,,0.0
2020-12-28,mobile,(direct),(none),(direct) / (none),Direct,New,251,248,0,0,0,0.0,0.0,0.0,,0.0
2020-12-28,mobile,(direct),(none),(direct) / (none),Direct,Returning,45,42,1,1,1,166.0,0.022222222222222223,0.023809523809523808,166.0,3.688888888888889
2020-12-28,mobile,<Other>,organic,<Other> / organic,Organic Search,New,37,37,0,0,0,0.0,0.0,0.0,,0.0
2020-12-28,mobile,<Other>,organic,<Other> / organic,Organic Search,Returning,5,5,0,0,0,0.0,0.0,0.0,,0.0
2020-12-28,mobile,google,organic,google / organic,Organic Search,New,386,375,1,1,1,62.0,0.0025906735751295338,0.0026666666666666666,62.0,0.16062176165803108
2020-12-28,mobile,google,organic,google / organic,Organic Search,Returning,41,39,3,3,4,62.0,0.07317073170731707,0.07692307692307693,15.5,1.5121951219512195
2020-12-28,mobile,(data deleted),(data deleted),(data deleted) / (data deleted),Other,New,29,26,0,0,0,0.0,0.0,0.0,,0.0
2020-12-28,mobile,(data deleted),(data deleted),(data deleted) / (data deleted),Other,Returning,47,44,3,3,3,91.0,0.06382978723404255,0.06818181818181818,30.333333333333332,1.9361702127659575
2020-12-28,mobile,<Other>,(data deleted),<Other> / (data deleted),Other,Returning,1,1,0,0,0,0.0,0.0,0.0,,0.0
2020-12-28,mobile,<Other>,<Other>,<Other> / <Other>,Other,New,172,172,1,1,1,24.0,0.005813953488372093,0.005813953488372093,24.0,0.13953488372093023
2020-12-28,mobile,<Other>,<Other>,<Other> / <Other>,Other,Returning,10,10,0,0,0,0.0,0.0,0.0,,0.0
2020-12-28,mobile,google,cpc,google / cpc,Paid Search,New,54,54,0,0,0,0.0,0.0,0.0,,0.0
2020-12-28,mobile,<Other>,referral,<Other> / referral,Referral,New,117,116,0,0,0,0.0,0.0,0.0,,0.0
2020-12-28,mobile,<Other>,referral,<Other> / referral,Referral,Returning,23,22,0,0,0,0.0,0.0,0.0,,0.0
2020-12-28,mobile,shop.googlemerchandisestore.com,referral,shop.googlemerchandisestore.com / referral,Referral,New,71,68,0,0,0,0.0,0.0,0.0,,0.0
2020-12-28,mobile,shop.googlemerchandisestore.com,referral,shop.googlemerchandisestore.com / referral,Referral,Returning,24,23,2,2,2,92.0,0.08333333333333333,0.08695652173913043,46.0,3.8333333333333335
2020-12-28,tablet,(direct),(none),(direct) / (none),Direct,New,9,9,0,0,0,0.0,0.0,0.0,,0.0
2020-12-28,tablet,(direct),(none),(direct) / (none),Direct,Returning,4,4,1,1,1,30.0,0.25,0.25,30.0,7.5
2020-12-28,tablet,<Other>,organic,<Other> / organic,Organic Search,New,1,1,0,0,0,0.0,0.0,0.0,,0.0
2020-12-28,tablet,<Other>,organic,<Other> / organic,Organic Search,Returning,1,1,0,0,0,0.0,0.0,0.0,,0.0
2020-12-28,tablet,google,organic,google / organic,Organic Search,New,28,28,0,0,0,0.0,0.0,0.0,,0.0
2020-12-28,tablet,google,organic,google / organic,Organic Search,Returning,2,2,0,0,0,0.0,0.0,0.0,,0.0
2020-12-28,tablet,(data deleted),(data deleted),(data deleted) / (data deleted),Other,New,1,1,0,0,0,0.0,0.0,0.0,,0.0
2020-12-28,tablet,(data deleted),(data deleted),(data deleted) / (data deleted),Other,Returning,2,2,0,0,0,0.0,0.0,0.0,,0.0
2020-12-28,tablet,<Other>,<Other>,<Other> / <Other>,Other,New,9,9,0,0,0,0.0,0.0,0.0,,0.0
2020-12-28,tablet,<Other>,<Other>,<Other> / <Other>,Other,Returning,2,2,0,0,0,0.0,0.0,0.0,,0.0
2020-12-28,tablet,google,cpc,google / cpc,Paid Search,New,5,5,0,0,0,0.0,0.0,0.0,,0.0
2020-12-28,tablet,<Other>,referral,<Other> / referral,Referral,New,3,3,0,0,0,0.0,0.0,0.0,,0.0
2020-12-28,tablet,<Other>,referral,<Other> / referral,Referral,Returning,2,2,0,0,0,0.0,0.0,0.0,,0.0
2020-12-28,tablet,shop.googlemerchandisestore.com,referral,shop.googlemerchandisestore.com / referral,Referral,New,4,4,0,0,0,0.0,0.0,0.0,,0.0
2020-12-28,tablet,shop.googlemerchandisestore.com,referral,shop.googlemerchandisestore.com / referral,Referral,Returning,5,5,0,0,0,0.0,0.0,0.0,,0.0
2020-12-29,desktop,(direct),(none),(direct) / (none),Direct,New,412,403,2,2,4,126.0,0.0048543689320388345,0.004962779156327543,31.5,0.3058252427184466
2020-12-29,desktop,(direct),(none),(direct) / (none),Direct,Returning,66,63,3,3,3,282.0,0.045454545454545456,0.047619047619047616,94.0,4.2727272727272725
2020-12-29,desktop,<Other>,organic,<Other> / organic,Organic Search,New,51,51,0,0,0,0.0,0.0,0.0,,0.0
2020-12-29,desktop,<Other>,organic,<Other> / organic,Organic Search,Returning,9,9,0,0,0,0.0,0.0,0.0,,0.0
2020-12-29,desktop,google,organic,google / organic,Organic Search,New,567,561,1,1,1,30.0,0.001763668430335097,0.0017825311942959,30.0,0.05291005291005291
2020-12-29,desktop,google,organic,google / organic,Organic Search,Returning,64,61,0,0,0,0.0,0.0,0.0,,0.0
2020-12-29,desktop,(data deleted),(data deleted),(data deleted) / (data deleted),Other,New,32,30,0,0,0,0.0,0.0,0.0,,0.0
2020-12-29,desktop,(data deleted),(data deleted),(data deleted) / (data deleted),Other,Returning,65,64,1,1,1,19.0,0.015384615384615385,0.015625,19.0,0.2923076923076923
2020-12-29,desktop,<Other>,<Other>,<Other> / <Other>,Other,New,292,292,2,2,2,126.0,0.00684931506849315,0.00684931506849315,63.0,0.4315068493150685
2020-12-29,desktop,<Other>,<Other>,<Other> / <Other>,Other,Returning,19,19,1,1,1,67.0,0.05263157894736842,0.05263157894736842,67.0,3.526315789473684
2020-12-29,desktop,google,cpc,google / cpc,Paid Search,New,85,85,0,0,0,0.0,0.0,0.0,,0.0
2020-12-29,desktop,google,cpc,google / cpc,Paid Search,Returning,4,4,0,0,0,0.0,0.0,0.0,,0.0
2020-12-29,desktop,<Other>,referral,<Other> / referral,Referral,New,143,142,0,0,0,0.0,0.0,0.0,,0.0
2020-12-29,desktop,<Other>,referral,<Other> / referral,Referral,Returning,32,31,0,0,0,0.0,0.0,0.0,,0.0
2020-12-29,desktop,shop.googlemerchandisestore.com,referral,shop.googlemerchandisestore.com / referral,Referral,New,95,92,0,0,0,0.0,0.0,0.0,,0.0
2020-12-29,desktop,shop.googlemerchandisestore.com,referral,shop.googlemerchandisestore.com / referral,Referral,Returning,42,41,3,3,3,430.0,0.07142857142857142,0.07317073170731707,143.33333333333334,10.238095238095237
2020-12-29,mobile,(direct),(none),(direct) / (none),Direct,New,287,282,1,1,1,13.0,0.003484320557491289,0.0035460992907801418,13.0,0.04529616724738676
2020-12-29,mobile,(direct),(none),(direct) / (none),Direct,Returning,48,42,0,0,0,0.0,0.0,0.0,,0.0
2020-12-29,mobile,<Other>,organic,<Other> / organic,Organic Search,New,37,37,0,0,0,0.0,0.0,0.0,,0.0
2020-12-29,mobile,<Other>,organic,<Other> / organic,Organic Search,Returning,8,8,0,0,0,0.0,0.0,0.0,,0.0
2020-12-29,mobile,google,organic,google / organic,Organic Search,New,396,388,3,3,3,86.0,0.007575757575757576,0.007731958762886598,28.666666666666668,0.21717171717171718
2020-12-29,mobile,google,organic,google / organic,Organic Search,Returning,42,39,0,0,0,0.0,0.0,0.0,,0.0
2020-12-29,mobile,(data deleted),(data deleted),(data deleted) / (data deleted),Other,New,26,26,0,0,0,0.0,0.0,0.0,,0.0
2020-12-29,mobile,(data deleted),(data deleted),(data deleted) / (data deleted),Other,Returning,50,48,1,1,1,57.0,0.02,0.020833333333333332,57.0,1.14
2020-12-29,mobile,<Other>,(data deleted),<Other> / (data deleted),Other,New,1,1,0,0,0,0.0,0.0,0.0,,0.0
2020-12-29,mobile,<Other>,(data deleted),<Other> / (data deleted),Other,Returning,1,1,0,0,0,0.0,0.0,0.0,,0.0
2020-12-29,mobile,<Other>,<Other>,<Other> / <Other>,Other,New,191,191,0,0,0,0.0,0.0,0.0,,0.0
2020-12-29,mobile,<Other>,<Other>,<Other> / <Other>,Other,Returning,11,11,1,1,1,48.0,0.09090909090909091,0.09090909090909091,48.0,4.363636363636363
2020-12-29,mobile,google,cpc,google / cpc,Paid Search,New,60,60,0,0,0,0.0,0.0,0.0,,0.0
2020-12-29,mobile,google,cpc,google / cpc,Paid Search,Returning,3,3,0,0,0,0.0,0.0,0.0,,0.0
2020-12-29,mobile,<Other>,referral,<Other> / referral,Referral,New,106,105,1,1,1,68.0,0.009433962264150943,0.009523809523809525,68.0,0.6415094339622641
2020-12-29,mobile,<Other>,referral,<Other> / referral,Referral,Returning,21,20,0,0,0,0.0,0.0,0.0,,0.0
2020-12-29,mobile,shop.googlemerchandisestore.com,referral,shop.googlemerchandisestore.com / referral,Referral,New,53,53,0,0,0,0.0,0.0,0.0,,0.0
2020-12-29,mobile,shop.googlemerchandisestore.com,referral,shop.googlemerchandisestore.com / referral,Referral,Returning,32,32,1,1,1,50.0,0.03125,0.03125,50.0,1.5625
2020-12-29,tablet,(direct),(none),(direct) / (none),Direct,New,12,12,0,0,0,0.0,0.0,0.0,,0.0
2020-12-29,tablet,(direct),(none),(direct) / (none),Direct,Returning,4,4,0,0,0,0.0,0.0,0.0,,0.0
2020-12-29,tablet,<Other>,organic,<Other> / organic,Organic Search,New,2,2,0,0,0,0.0,0.0,0.0,,0.0
2020-12-29,tablet,google,organic,google / organic,Organic Search,New,28,25,1,1,1,16.0,0.03571428571428571,0.04,16.0,0.5714285714285714
2020-12-29,tablet,google,organic,google / organic,Organic Search,Returning,4,3,0,0,0,0.0,0.0,0.0,,0.0
2020-12-29,tablet,(data deleted),(data deleted),(data deleted) / (data deleted),Other,New,1,1,0,0,0,0.0,0.0,0.0,,0.0
2020-12-29,tablet,<Other>,<Other>,<Other> / <Other>,Other,New,12,12,0,0,0,0.0,0.0,0.0,,0.0
2020-12-29,tablet,<Other>,<Other>,<Other> / <Other>,Other,Returning,1,1,0,0,0,0.0,0.0,0.0,,0.0
2020-12-29,tablet,google,cpc,google / cpc,Paid Search,New,4,4,0,0,0,0.0,0.0,0.0,,0.0
2020-12-29,tablet,<Other>,referral,<Other> / referral,Referral,New,3,3,0,0,0,0.0,0.0,0.0,,0.0
2020-12-29,tablet,<Other>,referral,<Other> / referral,Referral,Returning,4,4,0,0,0,0.0,0.0,0.0,,0.0
2020-12-29,tablet,shop.googlemerchandisestore.com,referral,shop.googlemerchandisestore.com / referral,Referral,New,10,10,0,0,0,0.0,0.0,0.0,,0.0
2020-12-29,tablet,shop.googlemerchandisestore.com,referral,shop.googlemerchandisestore.com / referral,Referral,Returning,3,3,0,0,0,0.0,0.0,0.0,,0.0
2020-12-30,desktop,(direct),(none),(direct) / (none),Direct,New,378,366,0,0,0,0.0,0.0,0.0,,0.0
2020-12-30,desktop,(direct),(none),(direct) / (none),Direct,Returning,60,59,1,1,1,6.0,0.016666666666666666,0.01694915254237288,6.0,0.1
2020-12-30,desktop,<Other>,organic,<Other> / organic,Organic Search,New,47,47,0,0,0,0.0,0.0,0.0,,0.0
2020-12-30,desktop,<Other>,organic,<Other> / organic,Organic Search,Returning,6,6,0,0,0,0.0,0.0,0.0,,0.0
2020-12-30,desktop,google,organic,google / organic,Organic Search,New,527,523,0,0,0,0.0,0.0,0.0,,0.0
2020-12-30,desktop,google,organic,google / organic,Organic Search,Returning,50,50,2,2,2,82.0,0.04,0.04,41.0,1.64
2020-12-30,desktop,(data deleted),(data deleted),(data deleted) / (data deleted),Other,New,31,31,0,0,0,0.0,0.0,0.0,,0.0
2020-12-30,desktop,(data deleted),(data deleted),(data deleted) / (data deleted),Other,Returning,50,46,3,3,4,332.0,0.06,0.06521739130434782,83.0,6.64
2020-12-30,desktop,<Other>,(data deleted),<Other> / (data deleted),Other,New,1,1,0,0,0,0.0,0.0,0.0,,0.0
2020-12-30,desktop,<Other>,<Other>,<Other> / <Other>,Other,New,250,249,0,0,0,0.0,0.0,0.0,,0.0
2020-12-30,desktop,<Other>,<Other>,<Other> / <Other>,Other,Returning,23,23,1,1,1,192.0,0.043478260869565216,0.043478260869565216,192.0,8.347826086956522
2020-12-30,desktop,google,<Other>,google / <Other>,Other,New,1,1,0,0,0,0.0,0.0,0.0,,0.0
2020-12-30,desktop,google,cpc,google / cpc,Paid Search,New,81,81,0,0,0,0.0,0.0,0.0,,0.0
2020-12-30,desktop,google,cpc,google / cpc,Paid Search,Returning,4,4,0,0,0,0.0,0.0,0.0,,0.0
2020-12-30,desktop,<Other>,referral,<Other> / referral,Referral,New,185,183,0,0,0,0.0,0.0,0.0,,0.0
2020-12-30,desktop,<Other>,referral,<Other> / referral,Referral,Returning,27,26,0,0,0,0.0,0.0,0.0,,0.0
2020-12-30,desktop,shop.googlemerchandisestore.com,referral,shop.googlemerchandisestore.com / referral,Referral,New,112,111,1,1,1,480.0,0.008928571428571428,0.009009009009009009,480.0,4.285714285714286
2020-12-30,desktop,shop.googlemerchandisestore.com,referral,shop.googlemerchandisestore.com / referral,Referral,Returning,44,44,2,2,2,198.0,0.045454545454545456,0.045454545454545456,99.0,4.5
2020-12-30,mobile,(direct),(none),(direct) / (none),Direct,New,256,253,0,0,0,0.0,0.0,0.0,,0.0
2020-12-30,mobile,(direct),(none),(direct) / (none),Direct,Returning,47,41,2,2,2,26.0,0.0425531914893617,0.04878048780487805,13.0,0.5531914893617021
2020-12-30,mobile,<Other>,organic,<Other> / organic,Organic Search,New,37,37,0,0,0,0.0,0.0,0.0,,0.0
2020-12-30,mobile,<Other>,organic,<Other> / organic,Organic Search,Returning,2,2,0,0,0,0.0,0.0,0.0,,0.0
2020-12-30,mobile,google,organic,google / organic,Organic Search,New,371,363,3,3,16,33.0,0.008086253369272238,0.008264462809917356,2.0625,0.0889487870619946
2020-12-30,mobile,google,organic,google / organic,Organic Search,Returning,50,48,1,1,1,35.0,0.02,0.020833333333333332,35.0,0.7
2020-12-30,mobile,(data deleted),(data deleted),(data deleted) / (data deleted),Other,New,18,17,0,0,0,0.0,0.0,0.0,,0.0
2020-12-30,mobile,(data deleted),(data deleted),(data deleted) / (data deleted),Other,Returning,37,36,2,2,2,58.0,0.05405405405405406,0.05555555555555555,29.0,1.5675675675675675
2020-12-30,mobile,<Other>,<Other>,<Other> / <Other>,Other,New,163,163,0,0,0,0.0,0.0,0.0,,0.0
2020-12-30,mobile,<Other>,<Other>,<Other> / <Other>,Other,Returning,13,13,1,1,1,19.0,0.07692307692307693,0.07692307692307693,19.0,1.4615384615384615
2020-12-30,mobile,google,cpc,google / cpc,Paid Search,New,42,42,0,0,0,0.0,0.0,0.0,,0.0
2020-12-30,mobile,google,cpc,google / cpc,Paid Search,Returning,2,2,0,0,0,0.0,0.0,0.0,,0.0
2020-12-30,mobile,<Other>,referral,<Other> / referral,Referral,New,98,98,0,0,0,0.0,0.0,0.0,,0.0
2020-12-30,mobile,<Other>,referral,<Other> / referral,Referral,Returning,20,19,0,0,0,0.0,0.0,0.0,,0.0
2020-12-30,mobile,shop.googlemerchandisestore.com,referral,shop.googlemerchandisestore.com / referral,Referral,New,68,68,0,0,0,0.0,0.0,0.0,,0.0
2020-12-30,mobile,shop.googlemerchandisestore.com,referral,shop.googlemerchandisestore.com / referral,Referral,Returning,34,31,1,1,3,93.0,0.029411764705882353,0.03225806451612903,31.0,2.735294117647059
2020-12-30,tablet,(direct),(none),(direct) / (none),Direct,New,12,11,0,0,0,0.0,0.0,0.0,,0.0
2020-12-30,tablet,(direct),(none),(direct) / (none),Direct,Returning,2,2,0,0,0,0.0,0.0,0.0,,0.0
2020-12-30,tablet,<Other>,organic,<Other> / organic,Organic Search,New,6,6,0,0,0,0.0,0.0,0.0,,0.0
2020-12-30,tablet,google,organic,google / organic,Organic Search,New,24,24,1,1,1,50.0,0.041666666666666664,0.041666666666666664,50.0,2.0833333333333335
2020-12-30,tablet,google,organic,google / organic,Organic Search,Returning,4,4,0,0,0,0.0,0.0,0.0,,0.0
2020-12-30,tablet,(data deleted),(data deleted),(data deleted) / (data deleted),Other,New,3,3,0,0,0,0.0,0.0,0.0,,0.0
2020-12-30,tablet,(data deleted),(data deleted),(data deleted) / (data deleted),Other,Returning,3,3,0,0,0,0.0,0.0,0.0,,0.0
2020-12-30,tablet,<Other>,<Other>,<Other> / <Other>,Other,New,12,12,0,0,0,0.0,0.0,0.0,,0.0
2020-12-30,tablet,<Other>,<Other>,<Other> / <Other>,Other,Returning,1,1,0,0,0,0.0,0.0,0.0,,0.0
2020-12-30,tablet,google,cpc,google / cpc,Paid Search,New,6,6,0,0,0,0.0,0.0,0.0,,0.0
2020-12-30,tablet,<Other>,referral,<Other> / referral,Referral,New,7,7,0,0,0,0.0,0.0,0.0,,0.0
2020-12-31,desktop,(direct),(none),(direct) / (none),Direct,New,317,313,1,1,2,36.0,0.0031545741324921135,0.003194888178913738,18.0,0.11356466876971609
2020-12-31,desktop,(direct),(none),(direct) / (none),Direct,Returning,32,30,0,0,0,0.0,0.0,0.0,,0.0
2020-12-31,desktop,<Other>,organic,<Other> / organic,Organic Search,New,54,54,0,0,0,0.0,0.0,0.0,,0.0
2020-12-31,desktop,<Other>,organic,<Other> / organic,Organic Search,Returning,4,4,0,0,0,0.0,0.0,0.0,,0.0
2020-12-31,desktop,google,organic,google / organic,Organic Search,New,462,451,1,1,1,75.0,0.0021645021645021645,0.0022172949002217295,75.0,0.16233766233766234
2020-12-31,desktop,google,organic,google / organic,Organic Search,Returning,43,42,2,2,2,166.0,0.046511627906976744,0.047619047619047616,83.0,3.86046511627907
2020-12-31,desktop,(data deleted),(data deleted),(data deleted) / (data deleted),Other,New,28,28,0,0,0,0.0,0.0,0.0,,0.0
2020-12-31,desktop,(data deleted),(data deleted),(data deleted) / (data deleted),Other,Returning,35,35,3,3,3,200.0,0.08571428571428572,0.08571428571428572,66.66666666666667,5.714285714285714
2020-12-31,desktop,<Other>,(data deleted),<Other> / (data deleted),Other,New,1,1,0,0,0,0.0,0.0,0.0,,0.0
2020-12-31,desktop,<Other>,<Other>,<Other> / <Other>,Other,New,214,214,1,1,1,79.0,0.004672897196261682,0.004672897196261682,79.0,0.3691588785046729
2020-12-31,desktop,<Other>,<Other>,<Other> / <Other>,Other,Returning,7,7,0,0,0,0.0,0.0,0.0,,0.0
2020-12-31,desktop,google,cpc,google / cpc,Paid Search,New,67,67,1,1,1,27.0,0.014925373134328358,0.014925373134328358,27.0,0.40298507462686567
2020-12-31,desktop,google,cpc,google / cpc,Paid Search,Returning,4,4,0,0,0,0.0,0.0,0.0,,0.0
2020-12-31,desktop,<Other>,referral,<Other> / referral,Referral,New,121,120,2,2,2,129.0,0.01652892561983471,0.016666666666666666,64.5,1.0661157024793388
2020-12-31,desktop,<Other>,referral,<Other> / referral,Referral,Returning,21,21,1,1,3,1424.0,0.047619047619047616,0.047619047619047616,474.6666666666667,67.80952380952381
2020-12-31,desktop,shop.googlemerchandisestore.com,referral,shop.googlemerchandisestore.com / referral,Referral,New,73,73,0,0,0,0.0,0.0,0.0,,0.0
2020-12-31,desktop,shop.googlemerchandisestore.com,referral,shop.googlemerchandisestore.com / referral,Referral,Returning,38,38,2,2,2,233.0,0.05263157894736842,0.05263157894736842,116.5,6.131578947368421
2020-12-31,mobile,(direct),(none),(direct) / (none),Direct,New,220,217,0,0,0,0.0,0.0,0.0,,0.0
2020-12-31,mobile,(direct),(none),(direct) / (none),Direct,Returning,28,28,1,1,1,18.0,0.03571428571428571,0.03571428571428571,18.0,0.6428571428571429
2020-12-31,mobile,<Other>,organic,<Other> / organic,Organic Search,New,27,27,0,0,0,0.0,0.0,0.0,,0.0
2020-12-31,mobile,<Other>,organic,<Other> / organic,Organic Search,Returning,4,4,0,0,0,0.0,0.0,0.0,,0.0
2020-12-31,mobile,google,organic,google / organic,Organic Search,New,304,302,1,1,1,26.0,0.003289473684210526,0.0033112582781456954,26.0,0.08552631578947369
2020-12-31,mobile,google,organic,google / organic,Organic Search,Returning,39,38,1,1,1,16.0,0.02564102564102564,0.02631578947368421,16.0,0.41025641025641024
2020-12-31,mobile,(data deleted),(data deleted),(data deleted) / (data deleted),Other,New,11,11,0,0,0,0.0,0.0,0.0,,0.0
2020-12-31,mobile,(data deleted),(data deleted),(data deleted) / (data deleted),Other,Returning,45,40,0,0,0,0.0,0.0,0.0,,0.0
2020-12-31,mobile,<Other>,<Other>,<Other> / <Other>,Other,New,150,148,0,0,0,0.0,0.0,0.0,,0.0
2020-12-31,mobile,<Other>,<Other>,<Other> / <Other>,Other,Returning,8,8,1,1,1,18.0,0.125,0.125,18.0,2.25
2020-12-31,mobile,google,cpc,google / cpc,Paid Search,New,41,41,0,0,0,0.0,0.0,0.0,,0.0
2020-12-31,mobile,google,cpc,google / cpc,Paid Search,Returning,2,2,0,0,0,0.0,0.0,0.0,,0.0
2020-12-31,mobile,<Other>,referral,<Other> / referral,Referral,New,72,70,0,0,0,0.0,0.0,0.0,,0.0
2020-12-31,mobile,<Other>,referral,<Other> / referral,Referral,Returning,13,13,2,2,2,41.0,0.15384615384615385,0.15384615384615385,20.5,3.1538461538461537
2020-12-31,mobile,shop.googlemerchandisestore.com,referral,shop.googlemerchandisestore.com / referral,Referral,New,43,43,0,0,0,0.0,0.0,0.0,,0.0
2020-12-31,mobile,shop.googlemerchandisestore.com,referral,shop.googlemerchandisestore.com / referral,Referral,Returning,20,20,1,1,1,52.0,0.05,0.05,52.0,2.6
2020-12-31,tablet,(direct),(none),(direct) / (none),Direct,New,19,18,0,0,0,0.0,0.0,0.0,,0.0
2020-12-31,tablet,<Other>,organic,<Other> / organic,Organic Search,New,2,2,0,0,0,0.0,0.0,0.0,,0.0
2020-12-31,tablet,google,organic,google / organic,Organic Search,New,24,23,0,0,0,0.0,0.0,0.0,,0.0
2020-12-31,tablet,google,organic,google / organic,Organic Search,Returning,3,3,0,0,0,0.0,0.0,0.0,,0.0
2020-12-31,tablet,(data deleted),(data deleted),(data deleted) / (data deleted),Other,New,2,2,1,1,1,55.0,0.5,0.5,55.0,27.5
2020-12-31,tablet,(data deleted),(data deleted),(data deleted) / (data deleted),Other,Returning,1,1,0,0,0,0.0,0.0,0.0,,0.0
2020-12-31,tablet,<Other>,<Other>,<Other> / <Other>,Other,New,12,12,0,0,0,0.0,0.0,0.0,,0.0
2020-12-31,tablet,google,cpc,google / cpc,Paid Search,New,6,6,0,0,0,0.0,0.0,0.0,,0.0
2020-12-31,tablet,<Other>,referral,<Other> / referral,Referral,New,3,3,0,0,0,0.0,0.0,0.0,,0.0
2020-12-31,tablet,<Other>,referral,<Other> / referral,Referral,Returning,2,2,0,0,0,0.0,0.0,0.0,,0.0
2020-12-31,tablet,shop.googlemerchandisestore.com,referral,shop.googlemerchandisestore.com / referral,Referral,New,5,5,0,0,0,0.0,0.0,0.0,,0.0
2020-12-31,tablet,shop.googlemerchandisestore.com,referral,shop.googlemerchandisestore.com / referral,Referral,Returning,2,2,0,0,0,0.0,0.0,0.0,,0.0
2021-01-01,desktop,(direct),(none),(direct) / (none),Direct,New,296,292,1,1,1,305.0,0.0033783783783783786,0.003424657534246575,305.0,1.0304054054054055
2021-01-01,desktop,(direct),(none),(direct) / (none),Direct,Returning,41,41,0,0,0,0.0,0.0,0.0,,0.0
2021-01-01,desktop,<Other>,organic,<Other> / organic,Organic Search,New,36,36,0,0,0,0.0,0.0,0.0,,0.0
2021-01-01,desktop,<Other>,organic,<Other> / organic,Organic Search,Returning,5,5,0,0,0,0.0,0.0,0.0,,0.0
2021-01-01,desktop,google,organic,google / organic,Organic Search,New,420,416,0,0,0,0.0,0.0,0.0,,0.0
2021-01-01,desktop,google,organic,google / organic,Organic Search,Returning,31,31,2,2,2,181.0,0.06451612903225806,0.06451612903225806,90.5,5.838709677419355
2021-01-01,desktop,(data deleted),(data deleted),(data deleted) / (data deleted),Other,New,20,18,0,0,0,0.0,0.0,0.0,,0.0
2021-01-01,desktop,(data deleted),(data deleted),(data deleted) / (data deleted),Other,Returning,32,32,1,1,3,72.0,0.03125,0.03125,24.0,2.25
2021-01-01,desktop,<Other>,(data deleted),<Other> / (data deleted),Other,Returning,1,1,0,0,0,0.0,0.0,0.0,,0.0
2021-01-01,desktop,<Other>,<Other>,<Other> / <Other>,Other,New,207,207,0,0,0,0.0,0.0,0.0,,0.0
2021-01-01,desktop,<Other>,<Other>,<Other> / <Other>,Other,Returning,7,7,0,0,0,0.0,0.0,0.0,,0.0
2021-01-01,desktop,google,cpc,google / cpc,Paid Search,New,62,62,0,0,0,0.0,0.0,0.0,,0.0
2021-01-01,desktop,google,cpc,google / cpc,Paid Search,Returning,2,2,0,0,0,0.0,0.0,0.0,,0.0
2021-01-01,desktop,<Other>,referral,<Other> / referral,Referral,New,112,111,0,0,0,0.0,0.0,0.0,,0.0
2021-01-01,desktop,<Other>,referral,<Other> / referral,Referral,Returning,13,13,0,0,0,0.0,0.0,0.0,,0.0
2021-01-01,desktop,shop.googlemerchandisestore.com,referral,shop.googlemerchandisestore.com / referral,Referral,New,49,49,0,0,0,0.0,0.0,0.0,,0.0
2021-01-01,desktop,shop.googlemerchandisestore.com,referral,shop.googlemerchandisestore.com / referral,Referral,Returning,28,28,0,0,0,0.0,0.0,0.0,,0.0
2021-01-01,mobile,(direct),(none),(direct) / (none),Direct,New,194,192,2,2,2,72.0,0.010309278350515464,0.010416666666666666,36.0,0.3711340206185567
2021-01-01,mobile,(direct),(none),(direct) / (none),Direct,Returning,27,26,2,2,2,133.0,0.07407407407407407,0.07692307692307693,66.5,4.925925925925926
2021-01-01,mobile,<Other>,organic,<Other> / organic,Organic Search,New,19,18,0,0,0,0.0,0.0,0.0,,0.0
2021-01-01,mobile,<Other>,organic,<Other> / organic,Organic Search,Returning,2,2,0,0,0,0.0,0.0,0.0,,0.0
2021-01-01,mobile,google,organic,google / organic,Organic Search,New,272,267,1,1,1,22.0,0.003676470588235294,0.003745318352059925,22.0,0.08088235294117647
2021-01-01,mobile,google,organic,google / organic,Organic Search,Returning,21,20,0,0,0,0.0,0.0,0.0,,0.0
2021-01-01,mobile,(data deleted),(data deleted),(data deleted) / (data deleted),Other,New,14,14,1,1,1,34.0,0.07142857142857142,0.07142857142857142,34.0,2.4285714285714284
2021-01-01,mobile,(data deleted),(data deleted),(data deleted) / (data deleted),Other,Returning,22,21,0,0,0,0.0,0.0,0.0,,0.0
2021-01-01,mobile,<Other>,(data deleted),<Other> / (data deleted),Other,New,1,1,0,0,0,0.0,0.0,0.0,,0.0
2021-01-01,mobile,<Other>,<Other>,<Other> / <Other>,Other,New,148,148,0,0,0,0.0,0.0,0.0,,0.0
2021-01-01,mobile,<Other>,<Other>,<Other> / <Other>,Other,Returning,5,5,0,0,0,0.0,0.0,0.0,,0.0
2021-01-01,mobile,google,cpc,google / cpc,Paid Search,New,34,34,0,0,0,0.0,0.0,0.0,,0.0
2021-01-01,mobile,google,cpc,google / cpc,Paid Search,Returning,4,4,0,0,0,0.0,0.0,0.0,,0.0
2021-01-01,mobile,<Other>,referral,<Other> / referral,Referral,New,74,74,1,1,1,19.0,0.013513513513513514,0.013513513513513514,19.0,0.25675675675675674
2021-01-01,mobile,<Other>,referral,<Other> / referral,Referral,Returning,5,5,0,0,0,0.0,0.0,0.0,,0.0
2021-01-01,mobile,shop.googlemerchandisestore.com,referral,shop.googlemerchandisestore.com / referral,Referral,New,48,48,0,0,0,0.0,0.0,0.0,,0.0
2021-01-01,mobile,shop.googlemerchandisestore.com,referral,shop.googlemerchandisestore.com / referral,Referral,Returning,8,8,0,0,0,0.0,0.0,0.0,,0.0
2021-01-01,tablet,(direct),(none),(direct) / (none),Direct,New,13,13,0,0,0,0.0,0.0,0.0,,0.0
2021-01-01,tablet,<Other>,organic,<Other> / organic,Organic Search,New,2,2,0,0,0,0.0,0.0,0.0,,0.0
2021-01-01,tablet,google,organic,google / organic,Organic Search,New,7,7,0,0,0,0.0,0.0,0.0,,0.0
2021-01-01,tablet,<Other>,<Other>,<Other> / <Other>,Other,New,12,12,0,0,0,0.0,0.0,0.0,,0.0
2021-01-01,tablet,<Other>,<Other>,<Other> / <Other>,Other,Returning,1,1,0,0,0,0.0,0.0,0.0,,0.0
2021-01-01,tablet,google,cpc,google / cpc,Paid Search,New,2,2,1,1,1,137.0,0.5,0.5,137.0,68.5
2021-01-01,tablet,<Other>,referral,<Other> / referral,Referral,New,9,9,0,0,0,0.0,0.0,0.0,,0.0
2021-01-01,tablet,shop.googlemerchandisestore.com,referral,shop.googlemerchandisestore.com / referral,Referral,New,4,4,0,0,0,0.0,0.0,0.0,,0.0
2021-01-01,tablet,shop.googlemerchandisestore.com,referral,shop.googlemerchandisestore.com / referral,Referral,Returning,1,1,0,0,0,0.0,0.0,0.0,,0.0
2021-01-02,desktop,(direct),(none),(direct) / (none),Direct,New,362,356,1,1,1,21.0,0.0027624309392265192,0.0028089887640449437,21.0,0.058011049723756904
2021-01-02,desktop,(direct),(none),(direct) / (none),Direct,Returning,36,35,0,0,0,0.0,0.0,0.0,,0.0
2021-01-02,desktop,<Other>,organic,<Other> / organic,Organic Search,New,43,43,0,0,0,0.0,0.0,0.0,,0.0
2021-01-02,desktop,<Other>,organic,<Other> / organic,Organic Search,Returning,5,5,0,0,0,0.0,0.0,0.0,,0.0
2021-01-02,desktop,google,organic,google / organic,Organic Search,New,503,494,2,2,2,173.0,0.003976143141153081,0.004048582995951417,86.5,0.34393638170974156
2021-01-02,desktop,google,organic,google / organic,Organic Search,Returning,39,38,1,1,1,63.0,0.02564102564102564,0.02631578947368421,63.0,1.6153846153846154
2021-01-02,desktop,(data deleted),(data deleted),(data deleted) / (data deleted),Other,New,30,28,0,0,0,0.0,0.0,0.0,,0.0
2021-01-02,desktop,(data deleted),(data deleted),(data deleted) / (data deleted),Other,Returning,38,37,1,1,1,36.0,0.02631578947368421,0.02702702702702703,36.0,0.9473684210526315
2021-01-02,desktop,<Other>,<Other>,<Other> / <Other>,Other,New,247,247,0,0,0,0.0,0.0,0.0,,0.0
2021-01-02,desktop,<Other>,<Other>,<Other> / <Other>,Other,Returning,11,11,1,1,1,341.0,0.09090909090909091,0.09090909090909091,341.0,31.0
2021-01-02,desktop,google,cpc,google / cpc,Paid Search,New,91,91,0,0,0,0.0,0.0,0.0,,0.0
2021-01-02,desktop,google,cpc,google / cpc,Paid Search,Returning,3,3,0,0,0,0.0,0.0,0.0,,0.0
2021-01-02,desktop,<Other>,referral,<Other> / referral,Referral,New,142,141,0,0,0,0.0,0.0,0.0,,0.0
2021-01-02,desktop,<Other>,referral,<Other> / referral,Referral,Returning,18,18,0,0,0,0.0,0.0,0.0,,0.0
2021-01-02,desktop,shop.googlemerchandisestore.com,referral,shop.googlemerchandisestore.com / referral,Referral,New,73,73,0,0,0,0.0,0.0,0.0,,0.0
2021-01-02,desktop,shop.googlemerchandisestore.com,referral,shop.googlemerchandisestore.com / referral,Referral,Returning,23,21,0,0,0,0.0,0.0,0.0,,0.0
2021-01-02,mobile,(direct),(none),(direct) / (none),Direct,New,218,215,1,1,1,87.0,0.0045871559633027525,0.004651162790697674,87.0,0.39908256880733944
2021-01-02,mobile,(direct),(none),(direct) / (none),Direct,Returning,15,15,0,0,0,0.0,0.0,0.0,,0.0
2021-01-02,mobile,<Other>,organic,<Other> / organic,Organic Search,New,20,20,0,0,0,0.0,0.0,0.0,,0.0
2021-01-02,mobile,<Other>,organic,<Other> / organic,Organic Search,Returning,3,3,0,0,0,0.0,0.0,0.0,,0.0
2021-01-02,mobile,google,organic,google / organic,Organic Search,New,312,308,1,1,1,0.0,0.003205128205128205,0.003246753246753247,0.0,0.0
2021-01-02,mobile,google,organic,google / organic,Organic Search,Returning,25,23,1,1,1,13.0,0.04,0.043478260869565216,13.0,0.52
2021-01-02,mobile,(data deleted),(data deleted),(data deleted) / (data deleted),Other,New,13,13,0,0,0,0.0,0.0,0.0,,0.0
2021-01-02,mobile,(data deleted),(data deleted),(data deleted) / (data deleted),Other,Returning,21,20,0,0,0,0.0,0.0,0.0,,0.0
2021-01-02,mobile,<Other>,<Other>,<Other> / <Other>,Other,New,157,157,1,1,1,48.0,0.006369426751592357,0.006369426751592357,48.0,0.3057324840764331
2021-01-02,mobile,<Other>,<Other>,<Other> / <Other>,Other,Returning,6,6,0,0,0,0.0,0.0,0.0,,0.0
2021-01-02,mobile,google,cpc,google / cpc,Paid Search,New,42,42,0,0,0,0.0,0.0,0.0,,0.0
2021-01-02,mobile,google,cpc,google / cpc,Paid Search,Returning,1,1,0,0,0,0.0,0.0,0.0,,0.0
2021-01-02,mobile,<Other>,referral,<Other> / referral,Referral,New,104,103,1,1,1,183.0,0.009615384615384616,0.009708737864077669,183.0,1.7596153846153846
2021-01-02,mobile,<Other>,referral,<Other> / referral,Referral,Returning,13,13,1,1,1,12.0,0.07692307692307693,0.07692307692307693,12.0,0.9230769230769231
2021-01-02,mobile,shop.googlemerchandisestore.com,referral,shop.googlemerchandisestore.com / referral,Referral,New,41,41,1,1,1,7.0,0.024390243902439025,0.024390243902439025,7.0,0.17073170731707318
2021-01-02,mobile,shop.googlemerchandisestore.com,referral,shop.googlemerchandisestore.com / referral,Referral,Returning,14,14,0,0,0,0.0,0.0,0.0,,0.0
2021-01-02,tablet,(direct),(none),(direct) / (none),Direct,New,11,11,0,0,0,0.0,0.0,0.0,,0.0
2021-01-02,tablet,<Other>,organic,<Other> / organic,Organic Search,New,1,1,0,0,0,0.0,0.0,0.0,,0.0
2021-01-02,tablet,google,organic,google / organic,Organic Search,New,21,20,1,1,1,42.0,0.047619047619047616,0.05,42.0,2.0
2021-01-02,tablet,google,organic,google / organic,Organic Search,Returning,2,2,0,0,0,0.0,0.0,0.0,,0.0
2021-01-02,tablet,<Other>,<Other>,<Other> / <Other>,Other,New,10,10,0,0,0,0.0,0.0,0.0,,0.0
2021-01-02,tablet,<Other>,<Other>,<Other> / <Other>,Other,Returning,1,1,0,0,0,0.0,0.0,0.0,,0.0
2021-01-02,tablet,google,cpc,google / cpc,Paid Search,New,10,10,0,0,0,0.0,0.0,0.0,,0.0
2021-01-02,tablet,<Other>,referral,<Other> / referral,Referral,New,5,5,0,0,0,0.0,0.0,0.0,,0.0
2021-01-02,tablet,<Other>,referral,<Other> / referral,Referral,Returning,1,1,0,0,0,0.0,0.0,0.0,,0.0
2021-01-02,tablet,shop.googlemerchandisestore.com,referral,shop.googlemerchandisestore.com / referral,Referral,New,2,2,0,0,0,0.0,0.0,0.0,,0.0
2021-01-02,tablet,shop.googlemerchandisestore.com,referral,shop.googlemerchandisestore.com / referral,Referral,Returning,1,1,0,0,0,0.0,0.0,0.0,,0.0
2021-01-03,desktop,(direct),(none),(direct) / (none),Direct,New,342,337,0,0,0,0.0,0.0,0.0,,0.0
2021-01-03,desktop,(direct),(none),(direct) / (none),Direct,Returning,43,42,1,1,1,41.0,0.023255813953488372,0.023809523809523808,41.0,0.9534883720930233
2021-01-03,desktop,<Other>,organic,<Other> / organic,Organic Search,New,47,47,0,0,0,0.0,0.0,0.0,,0.0
2021-01-03,desktop,<Other>,organic,<Other> / organic,Organic Search,Returning,3,3,0,0,0,0.0,0.0,0.0,,0.0
2021-01-03,desktop,google,organic,google / organic,Organic Search,New,488,481,0,0,0,0.0,0.0,0.0,,0.0
2021-01-03,desktop,google,organic,google / organic,Organic Search,Returning,44,43,0,0,0,0.0,0.0,0.0,,0.0
2021-01-03,desktop,(data deleted),(data deleted),(data deleted) / (data deleted),Other,New,30,29,0,0,0,0.0,0.0,0.0,,0.0
2021-01-03,desktop,(data deleted),(data deleted),(data deleted) / (data deleted),Other,Returning,37,37,2,2,2,47.0,0.05405405405405406,0.05405405405405406,23.5,1.2702702702702702
2021-01-03,desktop,<Other>,(data deleted),<Other> / (data deleted),Other,New,1,1,0,0,0,0.0,0.0,0.0,,0.0
2021-01-03,desktop,<Other>,(data deleted),<Other> / (data deleted),Other,Returning,1,1,0,0,0,0.0,0.0,0.0,,0.0
2021-01-03,desktop,<Other>,<Other>,<Other> / <Other>,Other,New,279,275,2,2,2,26.0,0.007168458781362007,0.007272727272727273,13.0,0.0931899641577061
2021-01-03,desktop,<Other>,<Other>,<Other> / <Other>,Other,Returning,9,9,0,0,0,0.0,0.0,0.0,,0.0
2021-01-03,desktop,google,cpc,google / cpc,Paid Search,New,54,54,1,1,1,15.0,0.018518518518518517,0.018518518518518517,15.0,0.2777777777777778
2021-01-03,desktop,google,cpc,google / cpc,Paid Search,Returning,6,6,0,0,0,0.0,0.0,0.0,,0.0
2021-01-03,desktop,<Other>,referral,<Other> / referral,Referral,New,141,139,0,0,0,0.0,0.0,0.0,,0.0
2021-01-03,desktop,<Other>,referral,<Other> / referral,Referral,Returning,23,23,0,0,0,0.0,0.0,0.0,,0.0
2021-01-03,desktop,shop.googlemerchandisestore.com,referral,shop.googlemerchandisestore.com / referral,Referral,New,69,69,1,1,1,217.0,0.014492753623188406,0.014492753623188406,217.0,3.1449275362318843
2021-01-03,desktop,shop.googlemerchandisestore.com,referral,shop.googlemerchandisestore.com / referral,Referral,Returning,29,28,0,0,0,0.0,0.0,0.0,,0.0
2021-01-03,mobile,(direct),(none),(direct) / (none),Direct,New,216,215,1,1,1,14.0,0.004629629629629629,0.004651162790697674,14.0,0.06481481481481481
2021-01-03,mobile,(direct),(none),(direct) / (none),Direct,Returning,27,25,0,0,0,0.0,0.0,0.0,,0.0
2021-01-03,mobile,<Other>,organic,<Other> / organic,Organic Search,New,39,39,0,0,0,0.0,0.0,0.0,,0.0
2021-01-03,mobile,<Other>,organic,<Other> / organic,Organic Search,Returning,1,1,0,0,0,0.0,0.0,0.0,,0.0
2021-01-03,mobile,google,organic,google / organic,Organic Search,New,315,306,1,1,1,0.0,0.0031746031746031746,0.0032679738562091504,0.0,0.0
2021-01-03,mobile,google,organic,google / organic,Organic Search,Returning,37,37,0,0,0,0.0,0.0,0.0,,0.0
2021-01-03,mobile,(data deleted),(data deleted),(data deleted) / (data deleted),Other,New,25,25,0,0,0,0.0,0.0,0.0,,0.0
2021-01-03,mobile,(data deleted),(data deleted),(data deleted) / (data deleted),Other,Returning,13,13,1,1,1,28.0,0.07692307692307693,0.07692307692307693,28.0,2.1538461538461537
2021-01-03,mobile,<Other>,<Other>,<Other> / <Other>,Other,New,180,178,2,2,2,50.0,0.011111111111111112,0.011235955056179775,25.0,0.2777777777777778
2021-01-03,mobile,<Other>,<Other>,<Other> / <Other>,Other,Returning,5,5,0,0,0,0.0,0.0,0.0,,0.0
2021-01-03,mobile,google,cpc,google / cpc,Paid Search,New,45,45,0,0,0,0.0,0.0,0.0,,0.0
2021-01-03,mobile,google,cpc,google / cpc,Paid Search,Returning,3,3,0,0,0,0.0,0.0,0.0,,0.0
2021-01-03,mobile,<Other>,referral,<Other> / referral,Referral,New,101,101,0,0,0,0.0,0.0,0.0,,0.0
2021-01-03,mobile,<Other>,referral,<Other> / referral,Referral,Returning,11,11,1,1,1,72.0,0.09090909090909091,0.09090909090909091,72.0,6.545454545454546
2021-01-03,mobile,shop.googlemerchandisestore.com,referral,shop.googlemerchandisestore.com / referral,Referral,New,55,54,0,0,0,0.0,0.0,0.0,,0.0
2021-01-03,mobile,shop.googlemerchandisestore.com,referral,shop.googlemerchandisestore.com / referral,Referral,Returning,24,23,1,1,1,42.0,0.041666666666666664,0.043478260869565216,42.0,1.75
2021-01-03,tablet,(direct),(none),(direct) / (none),Direct,New,12,12,0,0,0,0.0,0.0,0.0,,0.0
2021-01-03,tablet,<Other>,organic,<Other> / organic,Organic Search,New,1,1,0,0,0,0.0,0.0,0.0,,0.0
2021-01-03,tablet,google,organic,google / organic,Organic Search,New,20,19,0,0,0,0.0,0.0,0.0,,0.0
2021-01-03,tablet,google,organic,google / organic,Organic Search,Returning,1,1,0,0,0,0.0,0.0,0.0,,0.0
2021-01-03,tablet,<Other>,<Other>,<Other> / <Other>,Other,New,7,7,0,0,0,0.0,0.0,0.0,,0.0
2021-01-03,tablet,google,cpc,google / cpc,Paid Search,New,1,1,0,0,0,0.0,0.0,0.0,,0.0
2021-01-03,tablet,<Other>,referral,<Other> / referral,Referral,New,3,3,0,0,0,0.0,0.0,0.0,,0.0
2021-01-03,tablet,<Other>,referral,<Other> / referral,Referral,Returning,2,2,0,0,0,0.0,0.0,0.0,,0.0
2021-01-03,tablet,shop.googlemerchandisestore.com,referral,shop.googlemerchandisestore.com / referral,Referral,New,1,1,0,0,0,0.0,0.0,0.0,,0.0
2021-01-04,desktop,(direct),(none),(direct) / (none),Direct,New,422,414,1,1,1,14.0,0.002369668246445498,0.0024154589371980675,14.0,0.03317535545023697
2021-01-04,desktop,(direct),(none),(direct) / (none),Direct,Returning,64,61,1,1,1,70.0,0.015625,0.01639344262295082,70.0,1.09375
2021-01-04,desktop,<Other>,organic,<Other> / organic,Organic Search,New,48,48,0,0,0,0.0,0.0,0.0,,0.0
2021-01-04,desktop,<Other>,organic,<Other> / organic,Organic Search,Returning,7,7,0,0,0,0.0,0.0,0.0,,0.0
2021-01-04,desktop,google,organic,google / organic,Organic Search,New,570,567,2,2,2,62.0,0.0035087719298245615,0.003527336860670194,31.0,0.10877192982456141
2021-01-04,desktop,google,organic,google / organic,Organic Search,Returning,60,58,1,1,1,32.0,0.016666666666666666,0.017241379310344827,32.0,0.5333333333333333
2021-01-04,desktop,(data deleted),(data deleted),(data deleted) / (data deleted),Other,New,41,38,1,1,1,11.0,0.024390243902439025,0.02631578947368421,11.0,0.2682926829268293
2021-01-04,desktop,(data deleted),(data deleted),(data deleted) / (data deleted),Other,Returning,55,54,1,1,1,143.0,0.01818181818181818,0.018518518518518517,143.0,2.6
2021-01-04,desktop,<Other>,(data deleted),<Other> / (data deleted),Other,New,2,2,0,0,0,0.0,0.0,0.0,,0.0
2021-01-04,desktop,<Other>,(data deleted),<Other> / (data deleted),Other,Returning,1,1,0,0,0,0.0,0.0,0.0,,0.0
2021-01-04,desktop,<Other>,<Other>,<Other> / <Other>,Other,New,270,269,0,0,0,0.0,0.0,0.0,,0.0
2021-01-04,desktop,<Other>,<Other>,<Other> / <Other>,Other,Returning,14,14,0,0,0,0.0,0.0,0.0,,0.0
2021-01-04,desktop,google,cpc,google / cpc,Paid Search,New,95,95,0,0,0,0.0,0.0,0.0,,0.0
2021-01-04,desktop,google,cpc,google / cpc,Paid Search,Returning,6,6,0,0,0,0.0,0.0,0.0,,0.0
2021-01-04,desktop,<Other>,referral,<Other> / referral,Referral,New,168,166,1,1,1,45.0,0.005952380952380952,0.006024096385542169,45.0,0.26785714285714285
2021-01-04,desktop,<Other>,referral,<Other> / referral,Referral,Returning,20,20,0,0,0,0.0,0.0,0.0,,0.0
2021-01-04,desktop,shop.googlemerchandisestore.com,referral,shop.googlemerchandisestore.com / referral,Referral,New,98,97,0,0,0,0.0,0.0,0.0,,0.0
2021-01-04,desktop,shop.googlemerchandisestore.com,referral,shop.googlemerchandisestore.com / referral,Referral,Returning,41,40,1,1,1,101.0,0.024390243902439025,0.025,101.0,2.4634146341463414
2021-01-04,mobile,(direct),(none),(direct) / (none),Direct,New,252,245,0,0,0,0.0,0.0,0.0,,0.0
2021-01-04,mobile,(direct),(none),(direct) / (none),Direct,Returning,37,35,1,1,1,92.0,0.02702702702702703,0.02857142857142857,92.0,2.4864864864864864
2021-01-04,mobile,<Other>,organic,<Other> / organic,Organic Search,New,33,33,0,0,0,0.0,0.0,0.0,,0.0
2021-01-04,mobile,<Other>,organic,<Other> / organic,Organic Search,Returning,4,4,0,0,0,0.0,0.0,0.0,,0.0
2021-01-04,mobile,google,organic,google / organic,Organic Search,New,375,367,1,1,1,11.0,0.0026666666666666666,0.0027247956403269754,11.0,0.029333333333333333
2021-01-04,mobile,google,organic,google / organic,Organic Search,Returning,49,48,1,1,1,123.0,0.02040816326530612,0.020833333333333332,123.0,2.510204081632653
2021-01-04,mobile,(data deleted),(data deleted),(data deleted) / (data deleted),Other,New,19,17,0,0,0,0.0,0.0,0.0,,0.0
2021-01-04,mobile,(data deleted),(data deleted),(data deleted) / (data deleted),Other,Returning,40,37,1,1,1,49.0,0.025,0.02702702702702703,49.0,1.225
2021-01-04,mobile,<Other>,<Other>,<Other> / <Other>,Other,New,207,206,1,1,1,26.0,0.004830917874396135,0.0048543689320388345,26.0,0.12560386473429952
2021-01-04,mobile,<Other>,<Other>,<Other> / <Other>,Other,Returning,8,8,0,0,0,0.0,0.0,0.0,,0.0
2021-01-04,mobile,google,cpc,google / cpc,Paid Search,New,60,59,1,1,1,13.0,0.016666666666666666,0.01694915254237288,13.0,0.21666666666666667
2021-01-04,mobile,google,cpc,google / cpc,Paid Search,Returning,3,3,0,0,0,0.0,0.0,0.0,,0.0
2021-01-04,mobile,<Other>,referral,<Other> / referral,Referral,New,108,107,0,0,0,0.0,0.0,0.0,,0.0
2021-01-04,mobile,<Other>,referral,<Other> / referral,Referral,Returning,22,22,0,0,0,0.0,0.0,0.0,,0.0
2021-01-04,mobile,shop.googlemerchandisestore.com,referral,shop.googlemerchandisestore.com / referral,Referral,New,62,61,0,0,0,0.0,0.0,0.0,,0.0
2021-01-04,mobile,shop.googlemerchandisestore.com,referral,shop.googlemerchandisestore.com / referral,Referral,Returning,32,31,0,0,0,0.0,0.0,0.0,,0.0
2021-01-04,tablet,(direct),(none),(direct) / (none),Direct,New,19,19,1,1,1,42.0,0.05263157894736842,0.05263157894736842,42.0,2.210526315789474
2021-01-04,tablet,(direct),(none),(direct) / (none),Direct,Returning,4,4,0,0,0,0.0,0.0,0.0,,0.0
2021-01-04,tablet,<Other>,organic,<Other> / organic,Organic Search,New,2,2,0,0,0,0.0,0.0,0.0,,0.0
2021-01-04,tablet,google,organic,google / organic,Organic Search,New,23,23,0,0,0,0.0,0.0,0.0,,0.0
2021-01-04,tablet,google,organic,google / organic,Organic Search,Returning,1,1,0,0,0,0.0,0.0,0.0,,0.0
2021-01-04,tablet,(data deleted),(data deleted),(data deleted) / (data deleted),Other,New,1,1,0,0,0,0.0,0.0,0.0,,0.0
2021-01-04,tablet,(data deleted),(data deleted),(data deleted) / (data deleted),Other,Returning,2,2,0,0,0,0.0,0.0,0.0,,0.0
2021-01-04,tablet,<Other>,<Other>,<Other> / <Other>,Other,New,15,15,0,0,0,0.0,0.0,0.0,,0.0
2021-01-04,tablet,google,cpc,google / cpc,Paid Search,New,1,1,0,0,0,0.0,0.0,0.0,,0.0
2021-01-04,tablet,<Other>,referral,<Other> / referral,Referral,New,7,7,0,0,0,0.0,0.0,0.0,,0.0
2021-01-04,tablet,<Other>,referral,<Other> / referral,Referral,Returning,2,2,0,0,0,0.0,0.0,0.0,,0.0
2021-01-04,tablet,shop.googlemerchandisestore.com,referral,shop.googlemerchandisestore.com / referral,Referral,New,3,3,0,0,0,0.0,0.0,0.0,,0.0
2021-01-05,desktop,(direct),(none),(direct) / (none),Direct,New,489,484,1,1,1,48.0,0.002044989775051125,0.002066115702479339,48.0,0.09815950920245399
2021-01-05,desktop,(direct),(none),(direct) / (none),Direct,Returning,89,86,2,2,2,32.0,0.02247191011235955,0.023255813953488372,16.0,0.3595505617977528
2021-01-05,desktop,<Other>,organic,<Other> / organic,Organic Search,New,75,75,0,0,0,0.0,0.0,0.0,,0.0
2021-01-05,desktop,<Other>,organic,<Other> / organic,Organic Search,Returning,11,11,0,0,0,0.0,0.0,0.0,,0.0
2021-01-05,desktop,google,organic,google / organic,Organic Search,New,746,732,4,4,5,153.0,0.005361930294906166,0.00546448087431694,30.6,0.20509383378016086
2021-01-05,desktop,google,organic,google / organic,Organic Search,Returning,81,79,5,5,5,251.0,0.06172839506172839,0.06329113924050633,50.2,3.0987654320987654
2021-01-05,desktop,(data deleted),(data deleted),(data deleted) / (data deleted),Other,New,41,39,1,1,1,0.0,0.024390243902439025,0.02564102564102564,0.0,0.0
2021-01-05,desktop,(data deleted),(data deleted),(data deleted) / (data deleted),Other,Returning,76,70,1,1,1,13.0,0.013157894736842105,0.014285714285714285,13.0,0.17105263157894737
2021-01-05,desktop,<Other>,(data deleted),<Other> / (data deleted),Other,Returning,1,1,0,0,0,0.0,0.0,0.0,,0.0
2021-01-05,desktop,<Other>,<Other>,<Other> / <Other>,Other,New,373,371,1,1,1,21.0,0.002680965147453083,0.0026954177897574125,21.0,0.05630026809651475
2021-01-05,desktop,<Other>,<Other>,<Other> / <Other>,Other,Returning,14,14,0,0,0,0.0,0.0,0.0,,0.0
2021-01-05,desktop,google,cpc,google / cpc,Paid Search,New,107,107,0,0,0,0.0,0.0,0.0,,0.0
2021-01-05,desktop,google,cpc,google / cpc,Paid Search,Returning,9,9,0,0,0,0.0,0.0,0.0,,0.0
2021-01-05,desktop,<Other>,referral,<Other> / referral,Referral,New,215,213,1,1,1,61.0,0.004651162790697674,0.004694835680751174,61.0,0.2837209302325581
2021-01-05,desktop,<Other>,referral,<Other> / referral,Referral,Returning,45,43,0,0,0,0.0,0.0,0.0,,0.0
2021-01-05,desktop,shop.googlemerchandisestore.com,referral,shop.googlemerchandisestore.com / referral,Referral,New,120,116,1,1,1,6.0,0.008333333333333333,0.008620689655172414,6.0,0.05
2021-01-05,desktop,shop.googlemerchandisestore.com,referral,shop.googlemerchandisestore.com / referral,Referral,Returning,46,46,0,0,0,0.0,0.0,0.0,,0.0
2021-01-05,mobile,(direct),(none),(direct) / (none),Direct,New,383,377,0,0,0,0.0,0.0,0.0,,0.0
2021-01-05,mobile,(direct),(none),(direct) / (none),Direct,Returning,55,53,1,1,1,24.0,0.01818181818181818,0.018867924528301886,24.0,0.43636363636363634
2021-01-05,mobile,<Other>,organic,<Other> / organic,Organic Search,New,41,41,0,0,0,0.0,0.0,0.0,,0.0
2021-01-05,mobile,<Other>,organic,<Other> / organic,Organic Search,Returning,4,4,0,0,0,0.0,0.0,0.0,,0.0
2021-01-05,mobile,google,organic,google / organic,Organic Search,New,584,574,3,3,3,234.0,0.005136986301369863,0.005226480836236934,78.0,0.4006849315068493
2021-01-05,mobile,google,organic,google / organic,Organic Search,Returning,57,55,1,1,1,18.0,0.017543859649122806,0.01818181818181818,18.0,0.3157894736842105
2021-01-05,mobile,(data deleted),(data deleted),(data deleted) / (data deleted),Other,New,31,30,0,0,0,0.0,0.0,0.0,,0.0
2021-01-05,mobile,(data deleted),(data deleted),(data deleted) / (data deleted),Other,Returning,40,40,3,3,3,122.0,0.075,0.075,40.666666666666664,3.05
2021-01-05,mobile,<Other>,(data deleted),<Other> / (data deleted),Other,Returning,1,1,0,0,0,0.0,0.0,0.0,,0.0
2021-01-05,mobile,<Other>,<Other>,<Other> / <Other>,Other,New,260,260,0,0,0,0.0,0.0,0.0,,0.0
2021-01-05,mobile,<Other>,<Other>,<Other> / <Other>,Other,Returning,6,6,0,0,0,0.0,0.0,0.0,,0.0
2021-01-05,mobile,google,cpc,google / cpc,Paid Search,New,72,72,1,1,2,27.0,0.013888888888888888,0.013888888888888888,13.5,0.375
2021-01-05,mobile,google,cpc,google / cpc,Paid Search,Returning,4,4,0,0,0,0.0,0.0,0.0,,0.0
2021-01-05,mobile,<Other>,referral,<Other> / referral,Referral,New,145,143,0,0,0,0.0,0.0,0.0,,0.0
2021-01-05,mobile,<Other>,referral,<Other> / referral,Referral,Returning,27,27,0,0,0,0.0,0.0,0.0,,0.0
2021-01-05,mobile,shop.googlemerchandisestore.com,referral,shop.googlemerchandisestore.com / referral,Referral,New,101,100,0,0,0,0.0,0.0,0.0,,0.0
2021-01-05,mobile,shop.googlemerchandisestore.com,referral,shop.googlemerchandisestore.com / referral,Referral,Returning,43,43,1,1,1,133.0,0.023255813953488372,0.023255813953488372,133.0,3.0930232558139537
2021-01-05,tablet,(direct),(none),(direct) / (none),Direct,New,19,19,0,0,0,0.0,0.0,0.0,,0.0
2021-01-05,tablet,(direct),(none),(direct) / (none),Direct,Returning,2,2,0,0,0,0.0,0.0,0.0,,0.0
2021-01-05,tablet,<Other>,organic,<Other> / organic,Organic Search,New,2,2,0,0,0,0.0,0.0,0.0,,0.0
2021-01-05,tablet,google,organic,google / organic,Organic Search,New,32,31,0,0,0,0.0,0.0,0.0,,0.0
2021-01-05,tablet,google,organic,google / organic,Organic Search,Returning,1,1,0,0,0,0.0,0.0,0.0,,0.0
2021-01-05,tablet,(data deleted),(data deleted),(data deleted) / (data deleted),Other,New,1,1,0,0,0,0.0,0.0,0.0,,0.0
2021-01-05,tablet,(data deleted),(data deleted),(data deleted) / (data deleted),Other,Returning,3,3,0,0,0,0.0,0.0,0.0,,0.0
2021-01-05,tablet,<Other>,<Other>,<Other> / <Other>,Other,New,18,18,0,0,0,0.0,0.0,0.0,,0.0
2021-01-05,tablet,google,cpc,google / cpc,Paid Search,New,5,5,0,0,0,0.0,0.0,0.0,,0.0
2021-01-05,tablet,<Other>,referral,<Other> / referral,Referral,New,13,13,0,0,0,0.0,0.0,0.0,,0.0
2021-01-05,tablet,<Other>,referral,<Other> / referral,Referral,Returning,1,1,0,0,0,0.0,0.0,0.0,,0.0
2021-01-05,tablet,shop.googlemerchandisestore.com,referral,shop.googlemerchandisestore.com / referral,Referral,New,4,4,0,0,0,0.0,0.0,0.0,,0.0
2021-01-05,tablet,shop.googlemerchandisestore.com,referral,shop.googlemerchandisestore.com / referral,Referral,Returning,2,2,0,0,0,0.0,0.0,0.0,,0.0
2021-01-06,desktop,(direct),(none),(direct) / (none),Direct,New,720,711,4,4,6,321.0,0.005555555555555556,0.005625879043600563,53.5,0.44583333333333336
2021-01-06,desktop,(direct),(none),(direct) / (none),Direct,Returning,101,98,1,1,1,13.0,0.009900990099009901,0.01020408163265306,13.0,0.12871287128712872
2021-01-06,desktop,<Other>,organic,<Other> / organic,Organic Search,New,115,115,0,0,0,0.0,0.0,0.0,,0.0
2021-01-06,desktop,<Other>,organic,<Other> / organic,Organic Search,Returning,9,9,1,1,1,37.0,0.1111111111111111,0.1111111111111111,37.0,4.111111111111111
2021-01-06,desktop,google,organic,google / organic,Organic Search,New,1025,1011,1,1,1,59.0,9.75609756097561E-4,9.891196834817012E-4,59.0,0.0575609756097561
2021-01-06,desktop,google,organic,google / organic,Organic Search,Returning,103,100,1,1,2,295.0,0.009708737864077669,0.01,147.5,2.8640776699029127
2021-01-06,desktop,(data deleted),(data deleted),(data deleted) / (data deleted),Other,New,72,69,0,0,0,0.0,0.0,0.0,,0.0
2021-01-06,desktop,(data deleted),(data deleted),(data deleted) / (data deleted),Other,Returning,105,102,1,1,1,27.0,0.009523809523809525,0.00980392156862745,27.0,0.2571428571428571
2021-01-06,desktop,<Other>,(data deleted),<Other> / (data deleted),Other,Returning,2,2,0,0,0,0.0,0.0,0.0,,0.0
2021-01-06,desktop,<Other>,<Other>,<Other> / <Other>,Other,New,499,496,1,1,1,153.0,0.002004008016032064,0.0020161290322580645,153.0,0.3066132264529058
2021-01-06,desktop,<Other>,<Other>,<Other> / <Other>,Other,Returning,22,22,1,1,1,24.0,0.045454545454545456,0.045454545454545456,24.0,1.0909090909090908
2021-01-06,desktop,google,cpc,google / cpc,Paid Search,New,152,151,1,1,1,44.0,0.006578947368421052,0.006622516556291391,44.0,0.2894736842105263
2021-01-06,desktop,google,cpc,google / cpc,Paid Search,Returning,5,5,0,0,0,0.0,0.0,0.0,,0.0
2021-01-06,desktop,<Other>,referral,<Other> / referral,Referral,New,301,297,2,2,2,103.0,0.006644518272425249,0.006734006734006734,51.5,0.34219269102990035
2021-01-06,desktop,<Other>,referral,<Other> / referral,Referral,Returning,53,50,0,0,0,0.0,0.0,0.0,,0.0
2021-01-06,desktop,shop.googlemerchandisestore.com,referral,shop.googlemerchandisestore.com / referral,Referral,New,186,185,0,0,0,0.0,0.0,0.0,,0.0
2021-01-06,desktop,shop.googlemerchandisestore.com,referral,shop.googlemerchandisestore.com / referral,Referral,Returning,71,71,2,2,2,264.0,0.028169014084507043,0.028169014084507043,132.0,3.7183098591549295
2021-01-06,mobile,(direct),(none),(direct) / (none),Direct,New,484,473,2,2,2,133.0,0.004132231404958678,0.004228329809725159,66.5,0.27479338842975204
2021-01-06,mobile,(direct),(none),(direct) / (none),Direct,Returning,72,70,1,1,1,44.0,0.013888888888888888,0.014285714285714285,44.0,0.6111111111111112
2021-01-06,mobile,<Other>,organic,<Other> / organic,Organic Search,New,60,60,0,0,0,0.0,0.0,0.0,,0.0
2021-01-06,mobile,<Other>,organic,<Other> / organic,Organic Search,Returning,5,5,0,0,0,0.0,0.0,0.0,,0.0
2021-01-06,mobile,google,organic,google / organic,Organic Search,New,703,692,2,2,2,170.0,0.002844950213371266,0.002890173410404624,85.0,0.24182076813655762
2021-01-06,mobile,google,organic,google / organic,Organic Search,Returning,73,71,0,0,0,0.0,0.0,0.0,,0.0
2021-01-06,mobile,(data deleted),(data deleted),(data deleted) / (data deleted),Other,New,40,38,0,0,0,0.0,0.0,0.0,,0.0
2021-01-06,mobile,(data deleted),(data deleted),(data deleted) / (data deleted),Other,Returning,59,59,1,1,1,82.0,0.01694915254237288,0.01694915254237288,82.0,1.3898305084745763
2021-01-06,mobile,<Other>,(data deleted),<Other> / (data deleted),Other,New,2,2,0,0,0,0.0,0.0,0.0,,0.0
2021-01-06,mobile,<Other>,<Other>,<Other> / <Other>,Other,New,339,338,1,1,1,35.0,0.0029498525073746312,0.0029585798816568047,35.0,0.10324483775811209
2021-01-06,mobile,<Other>,<Other>,<Other> / <Other>,Other,Returning,19,19,0,0,0,0.0,0.0,0.0,,0.0
2021-01-06,mobile,google,cpc,google / cpc,Paid Search,New,96,96,0,0,0,0.0,0.0,0.0,,0.0
2021-01-06,mobile,google,cpc,google / cpc,Paid Search,Returning,5,5,0,0,0,0.0,0.0,0.0,,0.0
2021-01-06,mobile,<Other>,referral,<Other> / referral,Referral,New,171,171,3,3,3,102.0,0.017543859649122806,0.017543859649122806,34.0,0.5964912280701754
2021-01-06,mobile,<Other>,referral,<Other> / referral,Referral,Returning,39,39,1,1,1,31.0,0.02564102564102564,0.02564102564102564,31.0,0.7948717948717948
2021-01-06,mobile,shop.googlemerchandisestore.com,referral,shop.googlemerchandisestore.com / referral,Referral,New,105,103,0,0,0,0.0,0.0,0.0,,0.0
2021-01-06,mobile,shop.googlemerchandisestore.com,referral,shop.googlemerchandisestore.com / referral,Referral,Returning,65,62,0,0,0,0.0,0.0,0.0,,0.0
2021-01-06,tablet,(direct),(none),(direct) / (none),Direct,New,37,37,0,0,0,0.0,0.0,0.0,,0.0
2021-01-06,tablet,(direct),(none),(direct) / (none),Direct,Returning,3,3,0,0,0,0.0,0.0,0.0,,0.0
2021-01-06,tablet,<Other>,organic,<Other> / organic,Organic Search,New,2,2,0,0,0,0.0,0.0,0.0,,0.0
2021-01-06,tablet,google,organic,google / organic,Organic Search,New,33,33,0,0,0,0.0,0.0,0.0,,0.0
2021-01-06,tablet,google,organic,google / organic,Organic Search,Returning,2,2,0,0,0,0.0,0.0,0.0,,0.0
2021-01-06,tablet,(data deleted),(data deleted),(data deleted) / (data deleted),Other,New,4,4,0,0,0,0.0,0.0,0.0,,0.0
2021-01-06,tablet,(data deleted),(data deleted),(data deleted) / (data deleted),Other,Returning,2,2,1,1,1,63.0,0.5,0.5,63.0,31.5
2021-01-06,tablet,<Other>,<Other>,<Other> / <Other>,Other,New,25,25,0,0,0,0.0,0.0,0.0,,0.0
2021-01-06,tablet,google,cpc,google / cpc,Paid Search,New,2,2,0,0,0,0.0,0.0,0.0,,0.0
2021-01-06,tablet,google,cpc,google / cpc,Paid Search,Returning,1,1,0,0,0,0.0,0.0,0.0,,0.0
2021-01-06,tablet,<Other>,referral,<Other> / referral,Referral,New,6,6,0,0,0,0.0,0.0,0.0,,0.0
2021-01-06,tablet,<Other>,referral,<Other> / referral,Referral,Returning,3,3,0,0,0,0.0,0.0,0.0,,0.0
2021-01-06,tablet,shop.googlemerchandisestore.com,referral,shop.googlemerchandisestore.com / referral,Referral,New,4,4,0,0,0,0.0,0.0,0.0,,0.0
2021-01-07,desktop,(direct),(none),(direct) / (none),Direct,New,526,518,3,3,4,102.0,0.005703422053231939,0.005791505791505791,25.5,0.19391634980988592
2021-01-07,desktop,(direct),(none),(direct) / (none),Direct,Returning,93,87,2,2,2,109.0,0.021505376344086023,0.022988505747126436,54.5,1.1720430107526882
2021-01-07,desktop,<Other>,organic,<Other> / organic,Organic Search,New,70,70,0,0,0,0.0,0.0,0.0,,0.0
2021-01-07,desktop,<Other>,organic,<Other> / organic,Organic Search,Returning,9,9,0,0,0,0.0,0.0,0.0,,0.0
2021-01-07,desktop,google,organic,google / organic,Organic Search,New,815,795,3,3,3,86.0,0.0036809815950920245,0.0037735849056603774,28.666666666666668,0.10552147239263804
2021-01-07,desktop,google,organic,google / organic,Organic Search,Returning,110,104,4,4,4,488.0,0.03636363636363636,0.038461538461538464,122.0,4.4363636363636365
2021-01-07,desktop,(data deleted),(data deleted),(data deleted) / (data deleted),Other,New,64,60,0,0,0,0.0,0.0,0.0,,0.0
2021-01-07,desktop,(data deleted),(data deleted),(data deleted) / (data deleted),Other,Returning,93,89,3,3,3,119.0,0.03225806451612903,0.033707865168539325,39.666666666666664,1.2795698924731183
2021-01-07,desktop,<Other>,(data deleted),<Other> / (data deleted),Other,New,1,1,0,0,0,0.0,0.0,0.0,,0.0
2021-01-07,desktop,<Other>,(data deleted),<Other> / (data deleted),Other,Returning,1,1,0,0,0,0.0,0.0,0.0,,0.0
2021-01-07,desktop,<Other>,<Other>,<Other> / <Other>,Other,New,367,366,1,1,1,31.0,0.0027247956403269754,0.00273224043715847,31.0,0.08446866485013624
2021-01-07,desktop,<Other>,<Other>,<Other> / <Other>,Other,Returning,21,21,0,0,0,0.0,0.0,0.0,,0.0
2021-01-07,desktop,google,cpc,google / cpc,Paid Search,New,115,115,0,0,0,0.0,0.0,0.0,,0.0
2021-01-07,desktop,google,cpc,google / cpc,Paid Search,Returning,3,3,0,0,0,0.0,0.0,0.0,,0.0
2021-01-07,desktop,<Other>,referral,<Other> / referral,Referral,New,169,168,0,0,0,0.0,0.0,0.0,,0.0
2021-01-07,desktop,<Other>,referral,<Other> / referral,Referral,Returning,48,46,1,1,1,8.0,0.020833333333333332,0.021739130434782608,8.0,0.16666666666666666
2021-01-07,desktop,shop.googlemerchandisestore.com,referral,shop.googlemerchandisestore.com / referral,Referral,New,130,129,0,0,0,0.0,0.0,0.0,,0.0
2021-01-07,desktop,shop.googlemerchandisestore.com,referral,shop.googlemerchandisestore.com / referral,Referral,Returning,61,60,0,0,0,0.0,0.0,0.0,,0.0
2021-01-07,mobile,(direct),(none),(direct) / (none),Direct,New,354,349,2,2,2,170.0,0.005649717514124294,0.0057306590257879654,85.0,0.480225988700565
2021-01-07,mobile,(direct),(none),(direct) / (none),Direct,Returning,64,61,0,0,0,0.0,0.0,0.0,,0.0
2021-01-07,mobile,<Other>,organic,<Other> / organic,Organic Search,New,50,50,0,0,0,0.0,0.0,0.0,,0.0
2021-01-07,mobile,<Other>,organic,<Other> / organic,Organic Search,Returning,6,6,1,1,1,68.0,0.16666666666666666,0.16666666666666666,68.0,11.333333333333334
2021-01-07,mobile,google,organic,google / organic,Organic Search,New,521,510,2,2,2,95.0,0.003838771593090211,0.00392156862745098,47.5,0.18234165067178504
2021-01-07,mobile,google,organic,google / organic,Organic Search,Returning,75,70,2,2,2,126.0,0.02666666666666667,0.02857142857142857,63.0,1.68
2021-01-07,mobile,(data deleted),(data deleted),(data deleted) / (data deleted),Other,New,37,36,0,0,0,0.0,0.0,0.0,,0.0
2021-01-07,mobile,(data deleted),(data deleted),(data deleted) / (data deleted),Other,Returning,59,55,1,1,1,50.0,0.01694915254237288,0.01818181818181818,50.0,0.847457627118644
2021-01-07,mobile,<Other>,(data deleted),<Other> / (data deleted),Other,New,1,1,0,0,0,0.0,0.0,0.0,,0.0
2021-01-07,mobile,<Other>,<Other>,<Other> / <Other>,Other,New,264,264,0,0,0,0.0,0.0,0.0,,0.0
2021-01-07,mobile,<Other>,<Other>,<Other> / <Other>,Other,Returning,11,11,0,0,0,0.0,0.0,0.0,,0.0
2021-01-07,mobile,google,cpc,google / cpc,Paid Search,New,78,78,0,0,0,0.0,0.0,0.0,,0.0
2021-01-07,mobile,google,cpc,google / cpc,Paid Search,Returning,5,5,0,0,0,0.0,0.0,0.0,,0.0
2021-01-07,mobile,<Other>,referral,<Other> / referral,Referral,New,150,147,0,0,0,0.0,0.0,0.0,,0.0
2021-01-07,mobile,<Other>,referral,<Other> / referral,Referral,Returning,32,30,0,0,0,0.0,0.0,0.0,,0.0
2021-01-07,mobile,shop.googlemerchandisestore.com,referral,shop.googlemerchandisestore.com / referral,Referral,New,102,101,0,0,0,0.0,0.0,0.0,,0.0
2021-01-07,mobile,shop.googlemerchandisestore.com,referral,shop.googlemerchandisestore.com / referral,Referral,Returning,38,34,0,0,0,0.0,0.0,0.0,,0.0
2021-01-07,tablet,(direct),(none),(direct) / (none),Direct,New,28,27,0,0,0,0.0,0.0,0.0,,0.0
2021-01-07,tablet,(direct),(none),(direct) / (none),Direct,Returning,6,5,0,0,0,0.0,0.0,0.0,,0.0
2021-01-07,tablet,<Other>,organic,<Other> / organic,Organic Search,Returning,1,1,0,0,0,0.0,0.0,0.0,,0.0
2021-01-07,tablet,google,organic,google / organic,Organic Search,New,32,31,0,0,0,0.0,0.0,0.0,,0.0
2021-01-07,tablet,google,organic,google / organic,Organic Search,Returning,4,3,0,0,0,0.0,0.0,0.0,,0.0
2021-01-07,tablet,(data deleted),(data deleted),(data deleted) / (data deleted),Other,New,3,3,0,0,0,0.0,0.0,0.0,,0.0
2021-01-07,tablet,(data deleted),(data deleted),(data deleted) / (data deleted),Other,Returning,3,3,0,0,0,0.0,0.0,0.0,,0.0
2021-01-07,tablet,<Other>,<Other>,<Other> / <Other>,Other,New,16,16,0,0,0,0.0,0.0,0.0,,0.0
2021-01-07,tablet,<Other>,<Other>,<Other> / <Other>,Other,Returning,3,3,0,0,0,0.0,0.0,0.0,,0.0
2021-01-07,tablet,google,cpc,google / cpc,Paid Search,New,6,6,0,0,0,0.0,0.0,0.0,,0.0
2021-01-07,tablet,<Other>,referral,<Other> / referral,Referral,New,9,9,0,0,0,0.0,0.0,0.0,,0.0
2021-01-07,tablet,<Other>,referral,<Other> / referral,Referral,Returning,3,3,0,0,0,0.0,0.0,0.0,,0.0
2021-01-07,tablet,shop.googlemerchandisestore.com,referral,shop.googlemerchandisestore.com / referral,Referral,New,8,7,0,0,0,0.0,0.0,0.0,,0.0
2021-01-07,tablet,shop.googlemerchandisestore.com,referral,shop.googlemerchandisestore.com / referral,Referral,Returning,3,3,0,0,0,0.0,0.0,0.0,,0.0
2021-01-08,desktop,(direct),(none),(direct) / (none),Direct,New,486,469,6,6,6,196.0,0.012345679012345678,0.01279317697228145,32.666666666666664,0.40329218106995884
2021-01-08,desktop,(direct),(none),(direct) / (none),Direct,Returning,82,79,3,3,3,141.0,0.036585365853658534,0.0379746835443038,47.0,1.7195121951219512
2021-01-08,desktop,<Other>,organic,<Other> / organic,Organic Search,New,65,65,0,0,0,0.0,0.0,0.0,,0.0
2021-01-08,desktop,<Other>,organic,<Other> / organic,Organic Search,Returning,9,9,0,0,0,0.0,0.0,0.0,,0.0
2021-01-08,desktop,google,organic,google / organic,Organic Search,New,666,658,1,1,1,32.0,0.0015015015015015015,0.001519756838905775,32.0,0.04804804804804805
2021-01-08,desktop,google,organic,google / organic,Organic Search,Returning,95,91,2,2,2,101.0,0.021052631578947368,0.02197802197802198,50.5,1.063157894736842
2021-01-08,desktop,(data deleted),(data deleted),(data deleted) / (data deleted),Other,New,36,35,0,0,0,0.0,0.0,0.0,,0.0
2021-01-08,desktop,(data deleted),(data deleted),(data deleted) / (data deleted),Other,Returning,99,96,1,1,1,28.0,0.010101010101010102,0.010416666666666666,28.0,0.2828282828282828
2021-01-08,desktop,<Other>,(data deleted),<Other> / (data deleted),Other,New,1,1,0,0,0,0.0,0.0,0.0,,0.0
2021-01-08,desktop,<Other>,(data deleted),<Other> / (data deleted),Other,Returning,1,1,0,0,0,0.0,0.0,0.0,,0.0
2021-01-08,desktop,<Other>,<Other>,<Other> / <Other>,Other,New,358,353,3,3,3,153.0,0.008379888268156424,0.0084985835694051,51.0,0.4273743016759777
2021-01-08,desktop,<Other>,<Other>,<Other> / <Other>,Other,Returning,21,21,1,1,1,55.0,0.047619047619047616,0.047619047619047616,55.0,2.619047619047619
2021-01-08,desktop,google,cpc,google / cpc,Paid Search,New,107,107,3,3,3,50.0,0.028037383177570093,0.028037383177570093,16.666666666666668,0.4672897196261682
2021-01-08,desktop,google,cpc,google / cpc,Paid Search,Returning,4,4,0,0,0,0.0,0.0,0.0,,0.0
2021-01-08,desktop,<Other>,referral,<Other> / referral,Referral,New,198,194,1,1,1,221.0,0.005050505050505051,0.005154639175257732,221.0,1.1161616161616161
2021-01-08,desktop,<Other>,referral,<Other> / referral,Referral,Returning,39,36,0,0,0,0.0,0.0,0.0,,0.0
2021-01-08,desktop,shop.googlemerchandisestore.com,referral,shop.googlemerchandisestore.com / referral,Referral,New,119,118,0,0,0,0.0,0.0,0.0,,0.0
2021-01-08,desktop,shop.googlemerchandisestore.com,referral,shop.googlemerchandisestore.com / referral,Referral,Returning,66,63,1,1,1,51.0,0.015151515151515152,0.015873015873015872,51.0,0.7727272727272727
2021-01-08,mobile,(direct),(none),(direct) / (none),Direct,New,355,348,3,3,3,321.0,0.008450704225352112,0.008620689655172414,107.0,0.9042253521126761
2021-01-08,mobile,(direct),(none),(direct) / (none),Direct,Returning,65,57,1,1,1,55.0,0.015384615384615385,0.017543859649122806,55.0,0.8461538461538461
2021-01-08,mobile,<Other>,organic,<Other> / organic,Organic Search,New,55,55,1,1,1,30.0,0.01818181818181818,0.01818181818181818,30.0,0.5454545454545454
2021-01-08,mobile,<Other>,organic,<Other> / organic,Organic Search,Returning,5,5,0,0,0,0.0,0.0,0.0,,0.0
2021-01-08,mobile,google,organic,google / organic,Organic Search,New,494,481,0,0,0,0.0,0.0,0.0,,0.0
2021-01-08,mobile,google,organic,google / organic,Organic Search,Returning,59,56,0,0,0,0.0,0.0,0.0,,0.0
2021-01-08,mobile,(data deleted),(data deleted),(data deleted) / (data deleted),Other,New,34,34,1,1,1,0.0,0.029411764705882353,0.029411764705882353,0.0,0.0
2021-01-08,mobile,(data deleted),(data deleted),(data deleted) / (data deleted),Other,Returning,52,49,1,1,1,113.0,0.019230769230769232,0.02040816326530612,113.0,2.173076923076923
2021-01-08,mobile,<Other>,(data deleted),<Other> / (data deleted),Other,Returning,1,1,0,0,0,0.0,0.0,0.0,,0.0
2021-01-08,mobile,<Other>,<Other>,<Other> / <Other>,Other,New,219,216,1,1,1,60.0,0.0045662100456621,0.004629629629629629,60.0,0.273972602739726
2021-01-08,mobile,<Other>,<Other>,<Other> / <Other>,Other,Returning,11,11,0,0,0,0.0,0.0,0.0,,0.0
2021-01-08,mobile,google,cpc,google / cpc,Paid Search,New,62,62,0,0,0,0.0,0.0,0.0,,0.0
2021-01-08,mobile,google,cpc,google / cpc,Paid Search,Returning,4,4,0,0,0,0.0,0.0,0.0,,0.0
2021-01-08,mobile,<Other>,referral,<Other> / referral,Referral,New,139,137,1,1,1,13.0,0.007194244604316547,0.0072992700729927005,13.0,0.09352517985611511
2021-01-08,mobile,<Other>,referral,<Other> / referral,Referral,Returning,22,22,1,1,1,16.0,0.045454545454545456,0.045454545454545456,16.0,0.7272727272727273
2021-01-08,mobile,shop.googlemerchandisestore.com,referral,shop.googlemerchandisestore.com / referral,Referral,New,88,87,0,0,0,0.0,0.0,0.0,,0.0
2021-01-08,mobile,shop.googlemerchandisestore.com,referral,shop.googlemerchandisestore.com / referral,Referral,Returning,35,33,1,1,1,63.0,0.02857142857142857,0.030303030303030304,63.0,1.8
2021-01-08,tablet,(direct),(none),(direct) / (none),Direct,New,24,21,0,0,0,0.0,0.0,0.0,,0.0
2021-01-08,tablet,(direct),(none),(direct) / (none),Direct,Returning,4,4,0,0,0,0.0,0.0,0.0,,0.0
2021-01-08,tablet,<Other>,organic,<Other> / organic,Organic Search,New,3,3,0,0,0,0.0,0.0,0.0,,0.0
2021-01-08,tablet,<Other>,organic,<Other> / organic,Organic Search,Returning,1,1,1,1,1,0.0,1.0,1.0,0.0,0.0
2021-01-08,tablet,google,organic,google / organic,Organic Search,New,31,29,0,0,0,0.0,0.0,0.0,,0.0
2021-01-08,tablet,google,organic,google / organic,Organic Search,Returning,2,2,0,0,0,0.0,0.0,0.0,,0.0
2021-01-08,tablet,(data deleted),(data deleted),(data deleted) / (data deleted),Other,New,2,2,0,0,0,0.0,0.0,0.0,,0.0
2021-01-08,tablet,(data deleted),(data deleted),(data deleted) / (data deleted),Other,Returning,6,6,0,0,0,0.0,0.0,0.0,,0.0
2021-01-08,tablet,<Other>,<Other>,<Other> / <Other>,Other,New,10,10,0,0,0,0.0,0.0,0.0,,0.0
2021-01-08,tablet,<Other>,<Other>,<Other> / <Other>,Other,Returning,2,2,0,0,0,0.0,0.0,0.0,,0.0
2021-01-08,tablet,google,cpc,google / cpc,Paid Search,New,6,6,0,0,0,0.0,0.0,0.0,,0.0
2021-01-08,tablet,<Other>,referral,<Other> / referral,Referral,New,7,7,0,0,0,0.0,0.0,0.0,,0.0
2021-01-08,tablet,<Other>,referral,<Other> / referral,Referral,Returning,3,3,0,0,0,0.0,0.0,0.0,,0.0
2021-01-08,tablet,shop.googlemerchandisestore.com,referral,shop.googlemerchandisestore.com / referral,Referral,New,6,6,0,0,0,0.0,0.0,0.0,,0.0
2021-01-08,tablet,shop.googlemerchandisestore.com,referral,shop.googlemerchandisestore.com / referral,Referral,Returning,7,6,0,0,0,0.0,0.0,0.0,,0.0
2021-01-09,desktop,(direct),(none),(direct) / (none),Direct,New,363,357,1,1,3,322.0,0.0027548209366391185,0.0028011204481792717,107.33333333333333,0.8870523415977961
2021-01-09,desktop,(direct),(none),(direct) / (none),Direct,Returning,67,60,0,0,0,0.0,0.0,0.0,,0.0
2021-01-09,desktop,<Other>,organic,<Other> / organic,Organic Search,New,55,55,0,0,0,0.0,0.0,0.0,,0.0
2021-01-09,desktop,<Other>,organic,<Other> / organic,Organic Search,Returning,7,7,0,0,0,0.0,0.0,0.0,,0.0
2021-01-09,desktop,google,organic,google / organic,Organic Search,New,560,553,2,2,2,224.0,0.0035714285714285713,0.003616636528028933,112.0,0.4
2021-01-09,desktop,google,organic,google / organic,Organic Search,Returning,58,57,1,1,1,79.0,0.017241379310344827,0.017543859649122806,79.0,1.3620689655172413
2021-01-09,desktop,(data deleted),(data deleted),(data deleted) / (data deleted),Other,New,31,29,0,0,0,0.0,0.0,0.0,,0.0
2021-01-09,desktop,(data deleted),(data deleted),(data deleted) / (data deleted),Other,Returning,55,54,1,1,1,85.0,0.01818181818181818,0.018518518518518517,85.0,1.5454545454545454
2021-01-09,desktop,<Other>,<Other>,<Other> / <Other>,Other,New,253,251,1,1,1,57.0,0.003952569169960474,0.00398406374501992,57.0,0.22529644268774704
2021-01-09,desktop,<Other>,<Other>,<Other> / <Other>,Other,Returning,15,15,0,0,0,0.0,0.0,0.0,,0.0
2021-01-09,desktop,google,cpc,google / cpc,Paid Search,New,74,74,1,1,1,40.0,0.013513513513513514,0.013513513513513514,40.0,0.5405405405405406
2021-01-09,desktop,google,cpc,google / cpc,Paid Search,Returning,4,4,0,0,0,0.0,0.0,0.0,,0.0
2021-01-09,desktop,<Other>,referral,<Other> / referral,Referral,New,152,152,0,0,0,0.0,0.0,0.0,,0.0
2021-01-09,desktop,<Other>,referral,<Other> / referral,Referral,Returning,25,23,1,1,1,55.0,0.04,0.043478260869565216,55.0,2.2
2021-01-09,desktop,shop.googlemerchandisestore.com,referral,shop.googlemerchandisestore.com / referral,Referral,New,100,100,0,0,0,0.0,0.0,0.0,,0.0
2021-01-09,desktop,shop.googlemerchandisestore.com,referral,shop.googlemerchandisestore.com / referral,Referral,Returning,42,40,1,1,1,56.0,0.023809523809523808,0.025,56.0,1.3333333333333333
2021-01-09,mobile,(direct),(none),(direct) / (none),Direct,New,266,256,1,1,1,24.0,0.0037593984962406013,0.00390625,24.0,0.09022556390977443
2021-01-09,mobile,(direct),(none),(direct) / (none),Direct,Returning,51,47,0,0,0,0.0,0.0,0.0,,0.0
2021-01-09,mobile,<Other>,organic,<Other> / organic,Organic Search,New,37,37,0,0,0,0.0,0.0,0.0,,0.0
2021-01-09,mobile,<Other>,organic,<Other> / organic,Organic Search,Returning,4,4,1,1,1,101.0,0.25,0.25,101.0,25.25
2021-01-09,mobile,google,organic,google / organic,Organic Search,New,394,388,0,0,0,0.0,0.0,0.0,,0.0
2021-01-09,mobile,google,organic,google / organic,Organic Search,Returning,43,39,0,0,0,0.0,0.0,0.0,,0.0
2021-01-09,mobile,(data deleted),(data deleted),(data deleted) / (data deleted),Other,New,32,27,1,1,1,8.0,0.03125,0.037037037037037035,8.0,0.25
2021-01-09,mobile,(data deleted),(data deleted),(data deleted) / (data deleted),Other,Returning,30,30,1,1,1,0.0,0.03333333333333333,0.03333333333333333,0.0,0.0
2021-01-09,mobile,<Other>,<Other>,<Other> / <Other>,Other,New,198,196,0,0,0,0.0,0.0,0.0,,0.0
2021-01-09,mobile,<Other>,<Other>,<Other> / <Other>,Other,Returning,5,5,0,0,0,0.0,0.0,0.0,,0.0
2021-01-09,mobile,google,cpc,google / cpc,Paid Search,New,54,54,0,0,0,0.0,0.0,0.0,,0.0
2021-01-09,mobile,google,cpc,google / cpc,Paid Search,Returning,1,1,0,0,0,0.0,0.0,0.0,,0.0
2021-01-09,mobile,<Other>,referral,<Other> / referral,Referral,New,101,100,3,3,3,213.0,0.0297029702970297,0.03,71.0,2.108910891089109
2021-01-09,mobile,<Other>,referral,<Other> / referral,Referral,Returning,22,21,1,1,1,44.0,0.045454545454545456,0.047619047619047616,44.0,2.0
2021-01-09,mobile,shop.googlemerchandisestore.com,referral,shop.googlemerchandisestore.com / referral,Referral,New,72,71,1,1,1,55.0,0.013888888888888888,0.014084507042253521,55.0,0.7638888888888888
2021-01-09,mobile,shop.googlemerchandisestore.com,referral,shop.googlemerchandisestore.com / referral,Referral,Returning,32,31,0,0,0,0.0,0.0,0.0,,0.0
2021-01-09,tablet,(direct),(none),(direct) / (none),Direct,New,16,16,0,0,0,0.0,0.0,0.0,,0.0
2021-01-09,tablet,<Other>,organic,<Other> / organic,Organic Search,New,1,1,0,0,0,0.0,0.0,0.0,,0.0
2021-01-09,tablet,google,organic,google / organic,Organic Search,New,18,17,0,0,0,0.0,0.0,0.0,,0.0
2021-01-09,tablet,(data deleted),(data deleted),(data deleted) / (data deleted),Other,New,2,2,0,0,0,0.0,0.0,0.0,,0.0
2021-01-09,tablet,<Other>,<Other>,<Other> / <Other>,Other,New,14,14,0,0,0,0.0,0.0,0.0,,0.0
2021-01-09,tablet,<Other>,<Other>,<Other> / <Other>,Other,Returning,1,1,0,0,0,0.0,0.0,0.0,,0.0
2021-01-09,tablet,google,cpc,google / cpc,Paid Search,New,3,3,0,0,0,0.0,0.0,0.0,,0.0
2021-01-09,tablet,<Other>,referral,<Other> / referral,Referral,New,8,8,0,0,0,0.0,0.0,0.0,,0.0
2021-01-09,tablet,shop.googlemerchandisestore.com,referral,shop.googlemerchandisestore.com / referral,Referral,New,1,1,0,0,0,0.0,0.0,0.0,,0.0
2021-01-09,tablet,shop.googlemerchandisestore.com,referral,shop.googlemerchandisestore.com / referral,Referral,Returning,1,1,0,0,0,0.0,0.0,0.0,,0.0
2021-01-10,desktop,(direct),(none),(direct) / (none),Direct,New,350,342,1,1,1,37.0,0.002857142857142857,0.0029239766081871343,37.0,0.10571428571428572
2021-01-10,desktop,(direct),(none),(direct) / (none),Direct,Returning,49,46,2,2,2,194.0,0.04081632653061224,0.043478260869565216,97.0,3.9591836734693877
2021-01-10,desktop,<Other>,organic,<Other> / organic,Organic Search,New,52,52,0,0,0,0.0,0.0,0.0,,0.0
2021-01-10,desktop,<Other>,organic,<Other> / organic,Organic Search,Returning,1,1,0,0,0,0.0,0.0,0.0,,0.0
2021-01-10,desktop,google,organic,google / organic,Organic Search,New,510,498,1,1,1,214.0,0.00196078431372549,0.002008032128514056,214.0,0.4196078431372549
2021-01-10,desktop,google,organic,google / organic,Organic Search,Returning,58,53,0,0,0,0.0,0.0,0.0,,0.0
2021-01-10,desktop,(data deleted),(data deleted),(data deleted) / (data deleted),Other,New,24,24,0,0,0,0.0,0.0,0.0,,0.0
2021-01-10,desktop,(data deleted),(data deleted),(data deleted) / (data deleted),Other,Returning,49,46,1,1,1,48.0,0.02040816326530612,0.021739130434782608,48.0,0.9795918367346939
2021-01-10,desktop,<Other>,(data deleted),<Other> / (data deleted),Other,New,1,1,0,0,0,0.0,0.0,0.0,,0.0
2021-01-10,desktop,<Other>,<Other>,<Other> / <Other>,Other,New,239,239,1,1,1,39.0,0.0041841004184100415,0.0041841004184100415,39.0,0.16317991631799164
2021-01-10,desktop,<Other>,<Other>,<Other> / <Other>,Other,Returning,10,10,0,0,0,0.0,0.0,0.0,,0.0
2021-01-10,desktop,google,cpc,google / cpc,Paid Search,New,86,86,0,0,0,0.0,0.0,0.0,,0.0
2021-01-10,desktop,google,cpc,google / cpc,Paid Search,Returning,5,5,0,0,0,0.0,0.0,0.0,,0.0
2021-01-10,desktop,<Other>,referral,<Other> / referral,Referral,New,119,117,0,0,0,0.0,0.0,0.0,,0.0
2021-01-10,desktop,<Other>,referral,<Other> / referral,Referral,Returning,26,26,0,0,0,0.0,0.0,0.0,,0.0
2021-01-10,desktop,shop.googlemerchandisestore.com,referral,shop.googlemerchandisestore.com / referral,Referral,New,80,79,1,1,1,55.0,0.0125,0.012658227848101266,55.0,0.6875
2021-01-10,desktop,shop.googlemerchandisestore.com,referral,shop.googlemerchandisestore.com / referral,Referral,Returning,31,31,2,2,2,134.0,0.06451612903225806,0.06451612903225806,67.0,4.32258064516129
2021-01-10,mobile,(direct),(none),(direct) / (none),Direct,New,269,266,1,1,1,97.0,0.0037174721189591076,0.0037593984962406013,97.0,0.36059479553903345
2021-01-10,mobile,(direct),(none),(direct) / (none),Direct,Returning,25,24,0,0,0,0.0,0.0,0.0,,0.0
2021-01-10,mobile,<Other>,organic,<Other> / organic,Organic Search,New,38,38,0,0,0,0.0,0.0,0.0,,0.0
2021-01-10,mobile,<Other>,organic,<Other> / organic,Organic Search,Returning,4,4,0,0,0,0.0,0.0,0.0,,0.0
2021-01-10,mobile,google,organic,google / organic,Organic Search,New,344,339,2,2,2,116.0,0.005813953488372093,0.0058997050147492625,58.0,0.3372093023255814
2021-01-10,mobile,google,organic,google / organic,Organic Search,Returning,46,44,0,0,0,0.0,0.0,0.0,,0.0
2021-01-10,mobile,(data deleted),(data deleted),(data deleted) / (data deleted),Other,New,18,18,0,0,0,0.0,0.0,0.0,,0.0
2021-01-10,mobile,(data deleted),(data deleted),(data deleted) / (data deleted),Other,Returning,39,38,0,0,0,0.0,0.0,0.0,,0.0
2021-01-10,mobile,<Other>,(data deleted),<Other> / (data deleted),Other,New,1,1,0,0,0,0.0,0.0,0.0,,0.0
2021-01-10,mobile,<Other>,(data deleted),<Other> / (data deleted),Other,Returning,2,2,0,0,0,0.0,0.0,0.0,,0.0
2021-01-10,mobile,<Other>,<Other>,<Other> / <Other>,Other,New,214,214,2,2,2,40.0,0.009345794392523364,0.009345794392523364,20.0,0.18691588785046728
2021-01-10,mobile,<Other>,<Other>,<Other> / <Other>,Other,Returning,9,9,0,0,0,0.0,0.0,0.0,,0.0
2021-01-10,mobile,google,cpc,google / cpc,Paid Search,New,54,54,0,0,0,0.0,0.0,0.0,,0.0
2021-01-10,mobile,google,cpc,google / cpc,Paid Search,Returning,1,1,0,0,0,0.0,0.0,0.0,,0.0
2021-01-10,mobile,<Other>,referral,<Other> / referral,Referral,New,84,84,0,0,0,0.0,0.0,0.0,,0.0
2021-01-10,mobile,<Other>,referral,<Other> / referral,Referral,Returning,13,13,0,0,0,0.0,0.0,0.0,,0.0
2021-01-10,mobile,shop.googlemerchandisestore.com,referral,shop.googlemerchandisestore.com / referral,Referral,New,64,64,0,0,0,0.0,0.0,0.0,,0.0
2021-01-10,mobile,shop.googlemerchandisestore.com,referral,shop.googlemerchandisestore.com / referral,Referral,Returning,26,25,0,0,0,0.0,0.0,0.0,,0.0
2021-01-10,tablet,(direct),(none),(direct) / (none),Direct,New,10,10,0,0,0,0.0,0.0,0.0,,0.0
2021-01-10,tablet,(direct),(none),(direct) / (none),Direct,Returning,1,1,0,0,0,0.0,0.0,0.0,,0.0
2021-01-10,tablet,<Other>,organic,<Other> / organic,Organic Search,New,5,5,0,0,0,0.0,0.0,0.0,,0.0
2021-01-10,tablet,google,organic,google / organic,Organic Search,New,18,18,0,0,0,0.0,0.0,0.0,,0.0
2021-01-10,tablet,google,organic,google / organic,Organic Search,Returning,2,1,0,0,0,0.0,0.0,0.0,,0.0
2021-01-10,tablet,(data deleted),(data deleted),(data deleted) / (data deleted),Other,New,1,1,0,0,0,0.0,0.0,0.0,,0.0
2021-01-10,tablet,<Other>,<Other>,<Other> / <Other>,Other,New,11,11,0,0,0,0.0,0.0,0.0,,0.0
2021-01-10,tablet,<Other>,<Other>,<Other> / <Other>,Other,Returning,1,1,0,0,0,0.0,0.0,0.0,,0.0
2021-01-10,tablet,google,cpc,google / cpc,Paid Search,New,6,6,0,0,0,0.0,0.0,0.0,,0.0
2021-01-10,tablet,google,cpc,google / cpc,Paid Search,Returning,1,1,0,0,0,0.0,0.0,0.0,,0.0
2021-01-10,tablet,<Other>,referral,<Other> / referral,Referral,New,4,4,0,0,0,0.0,0.0,0.0,,0.0
2021-01-10,tablet,<Other>,referral,<Other> / referral,Referral,Returning,2,2,0,0,0,0.0,0.0,0.0,,0.0
2021-01-10,tablet,shop.googlemerchandisestore.com,referral,shop.googlemerchandisestore.com / referral,Referral,New,2,2,0,0,0,0.0,0.0,0.0,,0.0
2021-01-11,desktop,(direct),(none),(direct) / (none),Direct,New,438,429,1,1,1,34.0,0.00228310502283105,0.002331002331002331,34.0,0.0776255707762557
2021-01-11,desktop,(direct),(none),(direct) / (none),Direct,Returning,77,74,4,4,4,189.0,0.05194805194805195,0.05405405405405406,47.25,2.4545454545454546
2021-01-11,desktop,<Other>,organic,<Other> / organic,Organic Search,New,69,69,1,1,1,31.0,0.014492753623188406,0.014492753623188406,31.0,0.4492753623188406
2021-01-11,desktop,<Other>,organic,<Other> / organic,Organic Search,Returning,5,5,0,0,0,0.0,0.0,0.0,,0.0
2021-01-11,desktop,google,organic,google / organic,Organic Search,New,629,609,2,2,2,19.0,0.003179650238473768,0.003284072249589491,9.5,0.030206677265500796
2021-01-11,desktop,google,organic,google / organic,Organic Search,Returning,90,81,2,2,2,175.0,0.022222222222222223,0.024691358024691357,87.5,1.9444444444444444
2021-01-11,desktop,(data deleted),(data deleted),(data deleted) / (data deleted),Other,New,37,32,0,0,0,0.0,0.0,0.0,,0.0
2021-01-11,desktop,(data deleted),(data deleted),(data deleted) / (data deleted),Other,Returning,84,80,0,0,0,0.0,0.0,0.0,,0.0
2021-01-11,desktop,<Other>,<Other>,<Other> / <Other>,Other,New,347,346,1,1,1,79.0,0.002881844380403458,0.002890173410404624,79.0,0.2276657060518732
2021-01-11,desktop,<Other>,<Other>,<Other> / <Other>,Other,Returning,21,21,1,1,1,46.0,0.047619047619047616,0.047619047619047616,46.0,2.1904761904761907
2021-01-11,desktop,google,cpc,google / cpc,Paid Search,New,79,79,1,1,1,99.0,0.012658227848101266,0.012658227848101266,99.0,1.2531645569620253
2021-01-11,desktop,google,cpc,google / cpc,Paid Search,Returning,7,7,1,1,1,60.0,0.14285714285714285,0.14285714285714285,60.0,8.571428571428571
2021-01-11,desktop,<Other>,referral,<Other> / referral,Referral,New,170,169,1,1,1,98.0,0.0058823529411764705,0.005917159763313609,98.0,0.5764705882352941
2021-01-11,desktop,<Other>,referral,<Other> / referral,Referral,Returning,41,41,2,2,2,51.0,0.04878048780487805,0.04878048780487805,25.5,1.2439024390243902
2021-01-11,desktop,shop.googlemerchandisestore.com,referral,shop.googlemerchandisestore.com / referral,Referral,New,90,90,0,0,0,0.0,0.0,0.0,,0.0
2021-01-11,desktop,shop.googlemerchandisestore.com,referral,shop.googlemerchandisestore.com / referral,Referral,Returning,56,53,1,1,1,37.0,0.017857142857142856,0.018867924528301886,37.0,0.6607142857142857
2021-01-11,mobile,(direct),(none),(direct) / (none),Direct,New,309,306,2,2,3,236.0,0.006472491909385114,0.006535947712418301,78.66666666666667,0.7637540453074434
2021-01-11,mobile,(direct),(none),(direct) / (none),Direct,Returning,60,60,2,2,2,49.0,0.03333333333333333,0.03333333333333333,24.5,0.8166666666666667
2021-01-11,mobile,<Other>,organic,<Other> / organic,Organic Search,New,33,33,0,0,0,0.0,0.0,0.0,,0.0
2021-01-11,mobile,<Other>,organic,<Other> / organic,Organic Search,Returning,9,9,0,0,0,0.0,0.0,0.0,,0.0
2021-01-11,mobile,google,organic,google / organic,Organic Search,New,455,447,1,1,1,158.0,0.002197802197802198,0.0022371364653243847,158.0,0.34725274725274724
2021-01-11,mobile,google,organic,google / organic,Organic Search,Returning,72,70,0,0,0,0.0,0.0,0.0,,0.0
2021-01-11,mobile,(data deleted),(data deleted),(data deleted) / (data deleted),Other,New,25,24,1,1,1,48.0,0.04,0.041666666666666664,48.0,1.92
2021-01-11,mobile,(data deleted),(data deleted),(data deleted) / (data deleted),Other,Returning,61,56,1,1,1,55.0,0.01639344262295082,0.017857142857142856,55.0,0.9016393442622951
2021-01-11,mobile,<Other>,<Other>,<Other> / <Other>,Other,New,230,229,0,0,0,0.0,0.0,0.0,,0.0
2021-01-11,mobile,<Other>,<Other>,<Other> / <Other>,Other,Returning,16,15,0,0,0,0.0,0.0,0.0,,0.0
2021-01-11,mobile,google,cpc,google / cpc,Paid Search,New,69,69,0,0,0,0.0,0.0,0.0,,0.0
2021-01-11,mobile,google,cpc,google / cpc,Paid Search,Returning,3,3,0,0,0,0.0,0.0,0.0,,0.0
2021-01-11,mobile,<Other>,referral,<Other> / referral,Referral,New,134,134,0,0,0,0.0,0.0,0.0,,0.0
2021-01-11,mobile,<Other>,referral,<Other> / referral,Referral,Returning,25,24,0,0,0,0.0,0.0,0.0,,0.0
2021-01-11,mobile,shop.googlemerchandisestore.com,referral,shop.googlemerchandisestore.com / referral,Referral,New,86,82,0,0,0,0.0,0.0,0.0,,0.0
2021-01-11,mobile,shop.googlemerchandisestore.com,referral,shop.googlemerchandisestore.com / referral,Referral,Returning,37,37,1,1,1,19.0,0.02702702702702703,0.02702702702702703,19.0,0.5135135135135135
2021-01-11,tablet,(direct),(none),(direct) / (none),Direct,New,17,17,0,0,0,0.0,0.0,0.0,,0.0
2021-01-11,tablet,(direct),(none),(direct) / (none),Direct,Returning,3,3,0,0,0,0.0,0.0,0.0,,0.0
2021-01-11,tablet,<Other>,organic,<Other> / organic,Organic Search,New,1,1,0,0,0,0.0,0.0,0.0,,0.0
2021-01-11,tablet,google,organic,google / organic,Organic Search,New,31,30,0,0,0,0.0,0.0,0.0,,0.0
2021-01-11,tablet,google,organic,google / organic,Organic Search,Returning,2,2,0,0,0,0.0,0.0,0.0,,0.0
2021-01-11,tablet,(data deleted),(data deleted),(data deleted) / (data deleted),Other,New,3,3,0,0,0,0.0,0.0,0.0,,0.0
2021-01-11,tablet,(data deleted),(data deleted),(data deleted) / (data deleted),Other,Returning,3,3,0,0,0,0.0,0.0,0.0,,0.0
2021-01-11,tablet,<Other>,<Other>,<Other> / <Other>,Other,New,10,10,1,1,1,13.0,0.1,0.1,13.0,1.3
2021-01-11,tablet,<Other>,<Other>,<Other> / <Other>,Other,Returning,3,3,0,0,0,0.0,0.0,0.0,,0.0
2021-01-11,tablet,google,cpc,google / cpc,Paid Search,New,5,5,0,0,0,0.0,0.0,0.0,,0.0
2021-01-11,tablet,<Other>,referral,<Other> / referral,Referral,New,7,7,0,0,0,0.0,0.0,0.0,,0.0
2021-01-11,tablet,shop.googlemerchandisestore.com,referral,shop.googlemerchandisestore.com / referral,Referral,New,6,6,0,0,0,0.0,0.0,0.0,,0.0
2021-01-11,tablet,shop.googlemerchandisestore.com,referral,shop.googlemerchandisestore.com / referral,Referral,Returning,3,3,0,0,0,0.0,0.0,0.0,,0.0
2021-01-12,desktop,(direct),(none),(direct) / (none),Direct,New,520,513,3,3,3,125.0,0.0057692307692307696,0.005847953216374269,41.666666666666664,0.2403846153846154
2021-01-12,desktop,(direct),(none),(direct) / (none),Direct,Returning,105,99,3,3,3,168.0,0.02857142857142857,0.030303030303030304,56.0,1.6
2021-01-12,desktop,<Other>,organic,<Other> / organic,Organic Search,New,59,59,0,0,0,0.0,0.0,0.0,,0.0
2021-01-12,desktop,<Other>,organic,<Other> / organic,Organic Search,Returning,12,12,0,0,0,0.0,0.0,0.0,,0.0
2021-01-12,desktop,google,organic,google / organic,Organic Search,New,743,735,1,1,1,11.0,0.0013458950201884253,0.0013605442176870747,11.0,0.014804845222072678
2021-01-12,desktop,google,organic,google / organic,Organic Search,Returning,112,103,4,4,4,121.0,0.03571428571428571,0.038834951456310676,30.25,1.0803571428571428
2021-01-12,desktop,(data deleted),(data deleted),(data deleted) / (data deleted),Other,New,58,57,0,0,0,0.0,0.0,0.0,,0.0
2021-01-12,desktop,(data deleted),(data deleted),(data deleted) / (data deleted),Other,Returning,97,95,4,4,4,498.0,0.041237113402061855,0.042105263157894736,124.5,5.134020618556701
2021-01-12,desktop,<Other>,(data deleted),<Other> / (data deleted),Other,Returning,3,3,0,0,0,0.0,0.0,0.0,,0.0
2021-01-12,desktop,<Other>,<Other>,<Other> / <Other>,Other,New,382,379,2,2,2,73.0,0.005235602094240838,0.005277044854881266,36.5,0.19109947643979058
2021-01-12,desktop,<Other>,<Other>,<Other> / <Other>,Other,Returning,38,37,3,3,5,335.0,0.07894736842105263,0.08108108108108109,67.0,8.81578947368421
2021-01-12,desktop,google,cpc,google / cpc,Paid Search,New,109,109,0,0,0,0.0,0.0,0.0,,0.0
2021-01-12,desktop,google,cpc,google / cpc,Paid Search,Returning,4,4,0,0,0,0.0,0.0,0.0,,0.0
2021-01-12,desktop,<Other>,referral,<Other> / referral,Referral,New,203,202,2,2,2,13.0,0.009852216748768473,0.009900990099009901,6.5,0.06403940886699508
2021-01-12,desktop,<Other>,referral,<Other> / referral,Referral,Returning,51,49,0,0,0,0.0,0.0,0.0,,0.0
2021-01-12,desktop,shop.googlemerchandisestore.com,referral,shop.googlemerchandisestore.com / referral,Referral,New,114,112,1,1,1,55.0,0.008771929824561403,0.008928571428571428,55.0,0.4824561403508772
2021-01-12,desktop,shop.googlemerchandisestore.com,referral,shop.googlemerchandisestore.com / referral,Referral,Returning,77,77,2,2,2,58.0,0.025974025974025976,0.025974025974025976,29.0,0.7532467532467533
2021-01-12,mobile,(direct),(none),(direct) / (none),Direct,New,367,354,4,4,4,209.0,0.010899182561307902,0.011299435028248588,52.25,0.5694822888283378
2021-01-12,mobile,(direct),(none),(direct) / (none),Direct,Returning,73,72,2,2,2,55.0,0.0273972602739726,0.027777777777777776,27.5,0.7534246575342466
2021-01-12,mobile,<Other>,organic,<Other> / organic,Organic Search,New,58,58,1,1,1,79.0,0.017241379310344827,0.017241379310344827,79.0,1.3620689655172413
2021-01-12,mobile,<Other>,organic,<Other> / organic,Organic Search,Returning,5,5,0,0,0,0.0,0.0,0.0,,0.0
2021-01-12,mobile,google,organic,google / organic,Organic Search,New,543,530,2,2,2,130.0,0.003683241252302026,0.0037735849056603774,65.0,0.23941068139963168
2021-01-12,mobile,google,organic,google / organic,Organic Search,Returning,67,62,2,2,5,157.0,0.029850746268656716,0.03225806451612903,31.4,2.343283582089552
2021-01-12,mobile,(data deleted),(data deleted),(data deleted) / (data deleted),Other,New,34,31,1,1,1,14.0,0.029411764705882353,0.03225806451612903,14.0,0.4117647058823529
2021-01-12,mobile,(data deleted),(data deleted),(data deleted) / (data deleted),Other,Returning,69,64,0,0,0,0.0,0.0,0.0,,0.0
2021-01-12,mobile,<Other>,(data deleted),<Other> / (data deleted),Other,New,2,2,0,0,0,0.0,0.0,0.0,,0.0
2021-01-12,mobile,<Other>,<Other>,<Other> / <Other>,Other,New,267,265,1,1,1,37.0,0.003745318352059925,0.0037735849056603774,37.0,0.13857677902621723
2021-01-12,mobile,<Other>,<Other>,<Other> / <Other>,Other,Returning,21,21,0,0,0,0.0,0.0,0.0,,0.0
2021-01-12,mobile,google,cpc,google / cpc,Paid Search,New,80,80,1,1,1,42.0,0.0125,0.0125,42.0,0.525
2021-01-12,mobile,google,cpc,google / cpc,Paid Search,Returning,5,5,0,0,0,0.0,0.0,0.0,,0.0
2021-01-12,mobile,<Other>,referral,<Other> / referral,Referral,New,157,156,0,0,0,0.0,0.0,0.0,,0.0
2021-01-12,mobile,<Other>,referral,<Other> / referral,Referral,Returning,43,39,0,0,0,0.0,0.0,0.0,,0.0
2021-01-12,mobile,shop.googlemerchandisestore.com,referral,shop.googlemerchandisestore.com / referral,Referral,New,111,110,1,1,1,130.0,0.009009009009009009,0.00909090909090909,130.0,1.1711711711711712
2021-01-12,mobile,shop.googlemerchandisestore.com,referral,shop.googlemerchandisestore.com / referral,Referral,Returning,38,36,1,1,1,65.0,0.02631578947368421,0.027777777777777776,65.0,1.7105263157894737
2021-01-12,tablet,(direct),(none),(direct) / (none),Direct,New,23,23,0,0,0,0.0,0.0,0.0,,0.0
2021-01-12,tablet,(direct),(none),(direct) / (none),Direct,Returning,4,4,0,0,0,0.0,0.0,0.0,,0.0
2021-01-12,tablet,<Other>,organic,<Other> / organic,Organic Search,New,4,4,0,0,0,0.0,0.0,0.0,,0.0
2021-01-12,tablet,<Other>,organic,<Other> / organic,Organic Search,Returning,1,1,0,0,0,0.0,0.0,0.0,,0.0
2021-01-12,tablet,google,organic,google / organic,Organic Search,New,25,25,1,1,1,101.0,0.04,0.04,101.0,4.04
2021-01-12,tablet,google,organic,google / organic,Organic Search,Returning,2,2,0,0,0,0.0,0.0,0.0,,0.0
2021-01-12,tablet,(data deleted),(data deleted),(data deleted) / (data deleted),Other,New,3,3,0,0,0,0.0,0.0,0.0,,0.0
2021-01-12,tablet,(data deleted),(data deleted),(data deleted) / (data deleted),Other,Returning,2,2,0,0,0,0.0,0.0,0.0,,0.0
2021-01-12,tablet,<Other>,<Other>,<Other> / <Other>,Other,New,14,14,0,0,0,0.0,0.0,0.0,,0.0
2021-01-12,tablet,<Other>,<Other>,<Other> / <Other>,Other,Returning,1,1,0,0,0,0.0,0.0,0.0,,0.0
2021-01-12,tablet,google,cpc,google / cpc,Paid Search,New,4,4,0,0,0,0.0,0.0,0.0,,0.0
2021-01-12,tablet,<Other>,referral,<Other> / referral,Referral,New,10,10,0,0,0,0.0,0.0,0.0,,0.0
2021-01-12,tablet,<Other>,referral,<Other> / referral,Referral,Returning,3,2,0,0,0,0.0,0.0,0.0,,0.0
2021-01-12,tablet,shop.googlemerchandisestore.com,referral,shop.googlemerchandisestore.com / referral,Referral,New,6,6,0,0,0,0.0,0.0,0.0,,0.0
2021-01-12,tablet,shop.googlemerchandisestore.com,referral,shop.googlemerchandisestore.com / referral,Referral,Returning,1,1,1,1,1,71.0,1.0,1.0,71.0,71.0
2021-01-13,desktop,(direct),(none),(direct) / (none),Direct,New,524,513,0,0,0,0.0,0.0,0.0,,0.0
2021-01-13,desktop,(direct),(none),(direct) / (none),Direct,Returning,106,98,2,2,3,110.0,0.018867924528301886,0.02040816326530612,36.666666666666664,1.0377358490566038
2021-01-13,desktop,<Other>,organic,<Other> / organic,Organic Search,New,78,78,0,0,0,0.0,0.0,0.0,,0.0
2021-01-13,desktop,<Other>,organic,<Other> / organic,Organic Search,Returning,11,11,0,0,0,0.0,0.0,0.0,,0.0
2021-01-13,desktop,google,organic,google / organic,Organic Search,New,698,686,3,3,3,170.0,0.004297994269340974,0.004373177842565598,56.666666666666664,0.24355300859598855
2021-01-13,desktop,google,organic,google / organic,Organic Search,Returning,98,91,1,1,1,88.0,0.01020408163265306,0.01098901098901099,88.0,0.8979591836734694
2021-01-13,desktop,(data deleted),(data deleted),(data deleted) / (data deleted),Other,New,39,38,0,0,0,0.0,0.0,0.0,,0.0
2021-01-13,desktop,(data deleted),(data deleted),(data deleted) / (data deleted),Other,Returning,98,94,5,5,5,231.0,0.05102040816326531,0.05319148936170213,46.2,2.357142857142857
2021-01-13,desktop,<Other>,(data deleted),<Other> / (data deleted),Other,New,2,2,0,0,0,0.0,0.0,0.0,,0.0
2021-01-13,desktop,<Other>,(data deleted),<Other> / (data deleted),Other,Returning,1,1,0,0,0,0.0,0.0,0.0,,0.0
2021-01-13,desktop,<Other>,<Other>,<Other> / <Other>,Other,New,368,368,1,1,1,133.0,0.002717391304347826,0.002717391304347826,133.0,0.36141304347826086
2021-01-13,desktop,<Other>,<Other>,<Other> / <Other>,Other,Returning,20,19,1,1,1,55.0,0.05,0.05263157894736842,55.0,2.75
2021-01-13,desktop,google,cpc,google / cpc,Paid Search,New,126,126,2,2,2,42.0,0.015873015873015872,0.015873015873015872,21.0,0.3333333333333333
2021-01-13,desktop,google,cpc,google / cpc,Paid Search,Returning,10,10,0,0,0,0.0,0.0,0.0,,0.0
2021-01-13,desktop,<Other>,referral,<Other> / referral,Referral,New,211,210,1,1,1,24.0,0.004739336492890996,0.004761904761904762,24.0,0.11374407582938388
2021-01-13,desktop,<Other>,referral,<Other> / referral,Referral,Returning,48,48,3,3,3,182.0,0.0625,0.0625,60.666666666666664,3.7916666666666665
2021-01-13,desktop,shop.googlemerchandisestore.com,referral,shop.googlemerchandisestore.com / referral,Referral,New,141,140,0,0,0,0.0,0.0,0.0,,0.0
2021-01-13,desktop,shop.googlemerchandisestore.com,referral,shop.googlemerchandisestore.com / referral,Referral,Returning,46,45,1,1,1,44.0,0.021739130434782608,0.022222222222222223,44.0,0.9565217391304348
2021-01-13,mobile,(direct),(none),(direct) / (none),Direct,New,373,365,2,2,2,31.0,0.005361930294906166,0.005479452054794521,15.5,0.08310991957104558
2021-01-13,mobile,(direct),(none),(direct) / (none),Direct,Returning,74,73,1,1,1,35.0,0.013513513513513514,0.0136986301369863,35.0,0.47297297297297297
2021-01-13,mobile,<Other>,organic,<Other> / organic,Organic Search,New,55,55,0,0,0,0.0,0.0,0.0,,0.0
2021-01-13,mobile,<Other>,organic,<Other> / organic,Organic Search,Returning,3,3,0,0,0,0.0,0.0,0.0,,0.0
2021-01-13,mobile,google,organic,google / organic,Organic Search,New,521,509,4,4,4,194.0,0.007677543186180422,0.007858546168958742,48.5,0.3723608445297505
2021-01-13,mobile,google,organic,google / organic,Organic Search,Returning,58,56,0,0,0,0.0,0.0,0.0,,0.0
2021-01-13,mobile,(data deleted),(data deleted),(data deleted) / (data deleted),Other,New,41,41,0,0,0,0.0,0.0,0.0,,0.0
2021-01-13,mobile,(data deleted),(data deleted),(data deleted) / (data deleted),Other,Returning,65,63,3,3,3,169.0,0.046153846153846156,0.047619047619047616,56.333333333333336,2.6
2021-01-13,mobile,<Other>,(data deleted),<Other> / (data deleted),Other,New,1,1,0,0,0,0.0,0.0,0.0,,0.0
2021-01-13,mobile,<Other>,<Other>,<Other> / <Other>,Other,New,273,273,2,2,2,110.0,0.007326007326007326,0.007326007326007326,55.0,0.40293040293040294
2021-01-13,mobile,<Other>,<Other>,<Other> / <Other>,Other,Returning,16,16,0,0,0,0.0,0.0,0.0,,0.0
2021-01-13,mobile,google,cpc,google / cpc,Paid Search,New,73,73,0,0,0,0.0,0.0,0.0,,0.0
2021-01-13,mobile,google,cpc,google / cpc,Paid Search,Returning,4,4,0,0,0,0.0,0.0,0.0,,0.0
2021-01-13,mobile,<Other>,referral,<Other> / referral,Referral,New,143,143,1,1,1,173.0,0.006993006993006993,0.006993006993006993,173.0,1.2097902097902098
2021-01-13,mobile,<Other>,referral,<Other> / referral,Referral,Returning,25,25,0,0,0,0.0,0.0,0.0,,0.0
2021-01-13,mobile,shop.googlemerchandisestore.com,referral,shop.googlemerchandisestore.com / referral,Referral,New,98,97,1,1,1,21.0,0.01020408163265306,0.010309278350515464,21.0,0.21428571428571427
2021-01-13,mobile,shop.googlemerchandisestore.com,referral,shop.googlemerchandisestore.com / referral,Referral,Returning,41,40,1,1,1,46.0,0.024390243902439025,0.025,46.0,1.1219512195121952
2021-01-13,tablet,(direct),(none),(direct) / (none),Direct,New,21,20,0,0,0,0.0,0.0,0.0,,0.0
2021-01-13,tablet,(direct),(none),(direct) / (none),Direct,Returning,4,4,0,0,0,0.0,0.0,0.0,,0.0
2021-01-13,tablet,<Other>,organic,<Other> / organic,Organic Search,New,1,1,0,0,0,0.0,0.0,0.0,,0.0
2021-01-13,tablet,google,organic,google / organic,Organic Search,New,21,21,0,0,0,0.0,0.0,0.0,,0.0
2021-01-13,tablet,google,organic,google / organic,Organic Search,Returning,3,3,0,0,0,0.0,0.0,0.0,,0.0
2021-01-13,tablet,(data deleted),(data deleted),(data deleted) / (data deleted),Other,New,3,3,0,0,0,0.0,0.0,0.0,,0.0
2021-01-13,tablet,(data deleted),(data deleted),(data deleted) / (data deleted),Other,Returning,5,3,0,0,0,0.0,0.0,0.0,,0.0
2021-01-13,tablet,<Other>,<Other>,<Other> / <Other>,Other,New,11,11,0,0,0,0.0,0.0,0.0,,0.0
2021-01-13,tablet,google,cpc,google / cpc,Paid Search,New,4,4,0,0,0,0.0,0.0,0.0,,0.0
2021-01-13,tablet,google,cpc,google / cpc,Paid Search,Returning,1,1,0,0,0,0.0,0.0,0.0,,0.0
2021-01-13,tablet,<Other>,referral,<Other> / referral,Referral,New,6,6,0,0,0,0.0,0.0,0.0,,0.0
2021-01-13,tablet,shop.googlemerchandisestore.com,referral,shop.googlemerchandisestore.com / referral,Referral,New,7,7,0,0,0,0.0,0.0,0.0,,0.0
2021-01-13,tablet,shop.googlemerchandisestore.com,referral,shop.googlemerchandisestore.com / referral,Referral,Returning,1,1,0,0,0,0.0,0.0,0.0,,0.0
2021-01-14,desktop,(direct),(none),(direct) / (none),Direct,New,526,516,3,3,4,126.0,0.005703422053231939,0.005813953488372093,31.5,0.23954372623574144
2021-01-14,desktop,(direct),(none),(direct) / (none),Direct,Returning,82,80,3,3,4,110.0,0.036585365853658534,0.0375,27.5,1.3414634146341464
2021-01-14,desktop,<Other>,organic,<Other> / organic,Organic Search,New,73,73,0,0,0,0.0,0.0,0.0,,0.0
2021-01-14,desktop,<Other>,organic,<Other> / organic,Organic Search,Returning,12,12,0,0,0,0.0,0.0,0.0,,0.0
2021-01-14,desktop,google,organic,google / organic,Organic Search,New,716,702,3,3,3,165.0,0.004189944134078212,0.004273504273504274,55.0,0.23044692737430167
2021-01-14,desktop,google,organic,google / organic,Organic Search,Returning,97,93,2,2,2,60.0,0.020618556701030927,0.021505376344086023,30.0,0.6185567010309279
2021-01-14,desktop,(data deleted),(data deleted),(data deleted) / (data deleted),Other,New,41,39,1,1,1,59.0,0.024390243902439025,0.02564102564102564,59.0,1.4390243902439024
2021-01-14,desktop,(data deleted),(data deleted),(data deleted) / (data deleted),Other,Returning,85,83,3,3,4,203.0,0.03529411764705882,0.03614457831325301,50.75,2.388235294117647
2021-01-14,desktop,<Other>,(data deleted),<Other> / (data deleted),Other,New,1,1,0,0,0,0.0,0.0,0.0,,0.0
2021-01-14,desktop,<Other>,(data deleted),<Other> / (data deleted),Other,Returning,4,4,0,0,0,0.0,0.0,0.0,,0.0
2021-01-14,desktop,<Other>,<Other>,<Other> / <Other>,Other,New,347,344,3,3,3,129.0,0.008645533141210375,0.00872093023255814,43.0,0.37175792507204614
2021-01-14,desktop,<Other>,<Other>,<Other> / <Other>,Other,Returning,23,22,0,0,0,0.0,0.0,0.0,,0.0
2021-01-14,desktop,google,cpc,google / cpc,Paid Search,New,105,105,0,0,0,0.0,0.0,0.0,,0.0
2021-01-14,desktop,google,cpc,google / cpc,Paid Search,Returning,3,3,0,0,0,0.0,0.0,0.0,,0.0
2021-01-14,desktop,<Other>,referral,<Other> / referral,Referral,New,177,172,1,1,1,70.0,0.005649717514124294,0.005813953488372093,70.0,0.3954802259887006
2021-01-14,desktop,<Other>,referral,<Other> / referral,Referral,Returning,38,38,2,2,2,186.0,0.05263157894736842,0.05263157894736842,93.0,4.894736842105263
2021-01-14,desktop,shop.googlemerchandisestore.com,referral,shop.googlemerchandisestore.com / referral,Referral,New,123,122,1,1,1,0.0,0.008130081300813009,0.00819672131147541,0.0,0.0
2021-01-14,desktop,shop.googlemerchandisestore.com,referral,shop.googlemerchandisestore.com / referral,Referral,Returning,73,71,4,4,4,162.0,0.0547945205479452,0.056338028169014086,40.5,2.219178082191781
2021-01-14,mobile,(direct),(none),(direct) / (none),Direct,New,356,346,3,3,4,1005.0,0.008426966292134831,0.008670520231213872,251.25,2.8230337078651684
2021-01-14,mobile,(direct),(none),(direct) / (none),Direct,Returning,64,62,0,0,0,0.0,0.0,0.0,,0.0
2021-01-14,mobile,<Other>,organic,<Other> / organic,Organic Search,New,46,46,0,0,0,0.0,0.0,0.0,,0.0
2021-01-14,mobile,<Other>,organic,<Other> / organic,Organic Search,Returning,4,4,0,0,0,0.0,0.0,0.0,,0.0
2021-01-14,mobile,google,organic,google / organic,Organic Search,New,454,445,6,6,8,213.0,0.013215859030837005,0.01348314606741573,26.625,0.46916299559471364
2021-01-14,mobile,google,organic,google / organic,Organic Search,Returning,75,70,2,2,2,110.0,0.02666666666666667,0.02857142857142857,55.0,1.4666666666666666
2021-01-14,mobile,(data deleted),(data deleted),(data deleted) / (data deleted),Other,New,28,27,0,0,0,0.0,0.0,0.0,,0.0
2021-01-14,mobile,(data deleted),(data deleted),(data deleted) / (data deleted),Other,Returning,71,66,1,1,2,166.0,0.014084507042253521,0.015151515151515152,83.0,2.3380281690140845
2021-01-14,mobile,<Other>,<Other>,<Other> / <Other>,Other,New,223,222,2,2,2,187.0,0.008968609865470852,0.009009009009009009,93.5,0.8385650224215246
2021-01-14,mobile,<Other>,<Other>,<Other> / <Other>,Other,Returning,23,23,0,0,0,0.0,0.0,0.0,,0.0
2021-01-14,mobile,google,cpc,google / cpc,Paid Search,New,77,77,0,0,0,0.0,0.0,0.0,,0.0
2021-01-14,mobile,<Other>,referral,<Other> / referral,Referral,New,151,151,0,0,0,0.0,0.0,0.0,,0.0
2021-01-14,mobile,<Other>,referral,<Other> / referral,Referral,Returning,25,25,2,2,2,124.0,0.08,0.08,62.0,4.96
2021-01-14,mobile,shop.googlemerchandisestore.com,referral,shop.googlemerchandisestore.com / referral,Referral,New,97,97,3,3,3,108.0,0.030927835051546393,0.030927835051546393,36.0,1.1134020618556701
2021-01-14,mobile,shop.googlemerchandisestore.com,referral,shop.googlemerchandisestore.com / referral,Referral,Returning,52,51,2,2,2,91.0,0.038461538461538464,0.0392156862745098,45.5,1.75
2021-01-14,tablet,(direct),(none),(direct) / (none),Direct,New,22,20,0,0,0,0.0,0.0,0.0,,0.0
2021-01-14,tablet,(direct),(none),(direct) / (none),Direct,Returning,1,1,0,0,0,0.0,0.0,0.0,,0.0
2021-01-14,tablet,<Other>,organic,<Other> / organic,Organic Search,New,1,1,0,0,0,0.0,0.0,0.0,,0.0
2021-01-14,tablet,google,organic,google / organic,Organic Search,New,30,29,0,0,0,0.0,0.0,0.0,,0.0
2021-01-14,tablet,google,organic,google / organic,Organic Search,Returning,5,5,0,0,0,0.0,0.0,0.0,,0.0
2021-01-14,tablet,(data deleted),(data deleted),(data deleted) / (data deleted),Other,New,2,2,0,0,0,0.0,0.0,0.0,,0.0
2021-01-14,tablet,(data deleted),(data deleted),(data deleted) / (data deleted),Other,Returning,7,6,0,0,0,0.0,0.0,0.0,,0.0
2021-01-14,tablet,<Other>,(data deleted),<Other> / (data deleted),Other,Returning,1,1,0,0,0,0.0,0.0,0.0,,0.0
2021-01-14,tablet,<Other>,<Other>,<Other> / <Other>,Other,New,10,10,0,0,0,0.0,0.0,0.0,,0.0
2021-01-14,tablet,<Other>,<Other>,<Other> / <Other>,Other,Returning,2,2,0,0,0,0.0,0.0,0.0,,0.0
2021-01-14,tablet,google,cpc,google / cpc,Paid Search,New,3,3,0,0,0,0.0,0.0,0.0,,0.0
2021-01-14,tablet,<Other>,referral,<Other> / referral,Referral,New,8,8,0,0,0,0.0,0.0,0.0,,0.0
2021-01-14,tablet,<Other>,referral,<Other> / referral,Referral,Returning,2,2,0,0,0,0.0,0.0,0.0,,0.0
2021-01-14,tablet,shop.googlemerchandisestore.com,referral,shop.googlemerchandisestore.com / referral,Referral,New,5,5,0,0,0,0.0,0.0,0.0,,0.0
2021-01-14,tablet,shop.googlemerchandisestore.com,referral,shop.googlemerchandisestore.com / referral,Referral,Returning,3,3,0,0,0,0.0,0.0,0.0,,0.0
2021-01-15,desktop,(direct),(none),(direct) / (none),Direct,New,484,470,3,3,3,12.0,0.006198347107438017,0.006382978723404255,4.0,0.024793388429752067
2021-01-15,desktop,(direct),(none),(direct) / (none),Direct,Returning,94,90,2,2,2,91.0,0.02127659574468085,0.022222222222222223,45.5,0.9680851063829787
2021-01-15,desktop,<Other>,organic,<Other> / organic,Organic Search,New,57,57,0,0,0,0.0,0.0,0.0,,0.0
2021-01-15,desktop,<Other>,organic,<Other> / organic,Organic Search,Returning,10,10,1,1,1,0.0,0.1,0.1,0.0,0.0
2021-01-15,desktop,google,organic,google / organic,Organic Search,New,635,624,5,5,5,208.0,0.007874015748031496,0.008012820512820512,41.6,0.32755905511811023
2021-01-15,desktop,google,organic,google / organic,Organic Search,Returning,76,72,0,0,0,0.0,0.0,0.0,,0.0
2021-01-15,desktop,(data deleted),(data deleted),(data deleted) / (data deleted),Other,New,39,37,1,1,2,103.0,0.02564102564102564,0.02702702702702703,51.5,2.641025641025641
2021-01-15,desktop,(data deleted),(data deleted),(data deleted) / (data deleted),Other,Returning,85,84,2,2,2,12.0,0.023529411764705882,0.023809523809523808,6.0,0.1411764705882353
2021-01-15,desktop,<Other>,(data deleted),<Other> / (data deleted),Other,Returning,2,2,0,0,0,0.0,0.0,0.0,,0.0
2021-01-15,desktop,<Other>,<Other>,<Other> / <Other>,Other,New,299,298,2,2,2,149.0,0.006688963210702341,0.006711409395973154,74.5,0.4983277591973244
2021-01-15,desktop,<Other>,<Other>,<Other> / <Other>,Other,Returning,31,31,0,0,0,0.0,0.0,0.0,,0.0
2021-01-15,desktop,google,cpc,google / cpc,Paid Search,New,85,85,0,0,0,0.0,0.0,0.0,,0.0
2021-01-15,desktop,google,cpc,google / cpc,Paid Search,Returning,8,8,0,0,0,0.0,0.0,0.0,,0.0
2021-01-15,desktop,<Other>,referral,<Other> / referral,Referral,New,202,200,0,0,0,0.0,0.0,0.0,,0.0
2021-01-15,desktop,<Other>,referral,<Other> / referral,Referral,Returning,42,40,2,2,2,51.0,0.047619047619047616,0.05,25.5,1.2142857142857142
2021-01-15,desktop,shop.googlemerchandisestore.com,referral,shop.googlemerchandisestore.com / referral,Referral,New,77,75,0,0,0,0.0,0.0,0.0,,0.0
2021-01-15,desktop,shop.googlemerchandisestore.com,referral,shop.googlemerchandisestore.com / referral,Referral,Returning,57,56,1,1,7,351.0,0.017543859649122806,0.017857142857142856,50.142857142857146,6.157894736842105
2021-01-15,mobile,(direct),(none),(direct) / (none),Direct,New,307,299,3,3,3,84.0,0.009771986970684038,0.010033444816053512,28.0,0.2736156351791531
2021-01-15,mobile,(direct),(none),(direct) / (none),Direct,Returning,45,45,2,2,2,69.0,0.044444444444444446,0.044444444444444446,34.5,1.5333333333333334
2021-01-15,mobile,<Other>,organic,<Other> / organic,Organic Search,New,33,33,0,0,0,0.0,0.0,0.0,,0.0
2021-01-15,mobile,<Other>,organic,<Other> / organic,Organic Search,Returning,5,5,0,0,0,0.0,0.0,0.0,,0.0
2021-01-15,mobile,google,organic,google / organic,Organic Search,New,461,447,7,7,9,601.0,0.015184381778741865,0.015659955257270694,66.77777777777777,1.3036876355748372
2021-01-15,mobile,google,organic,google / organic,Organic Search,Returning,57,53,2,2,2,86.0,0.03508771929824561,0.03773584905660377,43.0,1.5087719298245614
2021-01-15,mobile,(data deleted),(data deleted),(data deleted) / (data deleted),Other,New,23,22,0,0,0,0.0,0.0,0.0,,0.0
2021-01-15,mobile,(data deleted),(data deleted),(data deleted) / (data deleted),Other,Returning,56,54,0,0,0,0.0,0.0,0.0,,0.0
2021-01-15,mobile,<Other>,<Other>,<Other> / <Other>,Other,New,243,243,1,1,1,26.0,0.00411522633744856,0.00411522633744856,26.0,0.10699588477366255
2021-01-15,mobile,<Other>,<Other>,<Other> / <Other>,Other,Returning,10,10,0,0,0,0.0,0.0,0.0,,0.0
2021-01-15,mobile,google,cpc,google / cpc,Paid Search,New,63,63,1,1,1,80.0,0.015873015873015872,0.015873015873015872,80.0,1.2698412698412698
2021-01-15,mobile,google,cpc,google / cpc,Paid Search,Returning,2,2,0,0,0,0.0,0.0,0.0,,0.0
2021-01-15,mobile,<Other>,referral,<Other> / referral,Referral,New,122,121,0,0,0,0.0,0.0,0.0,,0.0
2021-01-15,mobile,<Other>,referral,<Other> / referral,Referral,Returning,13,13,1,1,1,78.0,0.07692307692307693,0.07692307692307693,78.0,6.0
2021-01-15,mobile,shop.googlemerchandisestore.com,referral,shop.googlemerchandisestore.com / referral,Referral,New,94,89,0,0,0,0.0,0.0,0.0,,0.0
2021-01-15,mobile,shop.googlemerchandisestore.com,referral,shop.googlemerchandisestore.com / referral,Referral,Returning,40,39,0,0,0,0.0,0.0,0.0,,0.0
2021-01-15,tablet,(direct),(none),(direct) / (none),Direct,New,18,18,0,0,0,0.0,0.0,0.0,,0.0
2021-01-15,tablet,(direct),(none),(direct) / (none),Direct,Returning,2,2,0,0,0,0.0,0.0,0.0,,0.0
2021-01-15,tablet,<Other>,organic,<Other> / organic,Organic Search,New,3,3,0,0,0,0.0,0.0,0.0,,0.0
2021-01-15,tablet,google,organic,google / organic,Organic Search,New,26,26,0,0,0,0.0,0.0,0.0,,0.0
2021-01-15,tablet,google,organic,google / organic,Organic Search,Returning,3,3,0,0,0,0.0,0.0,0.0,,0.0
2021-01-15,tablet,(data deleted),(data deleted),(data deleted) / (data deleted),Other,Returning,2,2,0,0,0,0.0,0.0,0.0,,0.0
2021-01-15,tablet,<Other>,<Other>,<Other> / <Other>,Other,New,11,10,0,0,0,0.0,0.0,0.0,,0.0
2021-01-15,tablet,<Other>,<Other>,<Other> / <Other>,Other,Returning,2,2,1,1,1,55.0,0.5,0.5,55.0,27.5
2021-01-15,tablet,google,cpc,google / cpc,Paid Search,New,3,3,0,0,0,0.0,0.0,0.0,,0.0
2021-01-15,tablet,<Other>,referral,<Other> / referral,Referral,New,6,6,0,0,0,0.0,0.0,0.0,,0.0
2021-01-15,tablet,<Other>,referral,<Other> / referral,Referral,Returning,1,1,0,0,0,0.0,0.0,0.0,,0.0
2021-01-15,tablet,shop.googlemerchandisestore.com,referral,shop.googlemerchandisestore.com / referral,Referral,New,6,6,0,0,0,0.0,0.0,0.0,,0.0
2021-01-15,tablet,shop.googlemerchandisestore.com,referral,shop.googlemerchandisestore.com / referral,Referral,Returning,1,1,1,1,1,15.0,1.0,1.0,15.0,15.0
2021-01-16,desktop,(direct),(none),(direct) / (none),Direct,New,385,377,1,1,1,14.0,0.0025974025974025974,0.002652519893899204,14.0,0.03636363636363636
2021-01-16,desktop,(direct),(none),(direct) / (none),Direct,Returning,55,55,1,1,1,65.0,0.01818181818181818,0.01818181818181818,65.0,1.1818181818181819
2021-01-16,desktop,<Other>,organic,<Other> / organic,Organic Search,New,47,47,0,0,0,0.0,0.0,0.0,,0.0
2021-01-16,desktop,<Other>,organic,<Other> / organic,Organic Search,Returning,4,4,0,0,0,0.0,0.0,0.0,,0.0
2021-01-16,desktop,google,organic,google / organic,Organic Search,New,519,509,3,3,4,164.0,0.005780346820809248,0.005893909626719057,41.0,0.3159922928709056
2021-01-16,desktop,google,organic,google / organic,Organic Search,Returning,45,44,0,0,0,0.0,0.0,0.0,,0.0
2021-01-16,desktop,(data deleted),(data deleted),(data deleted) / (data deleted),Other,New,27,25,0,0,0,0.0,0.0,0.0,,0.0
2021-01-16,desktop,(data deleted),(data deleted),(data deleted) / (data deleted),Other,Returning,59,58,1,1,1,16.0,0.01694915254237288,0.017241379310344827,16.0,0.2711864406779661
2021-01-16,desktop,<Other>,(data deleted),<Other> / (data deleted),Other,Returning,2,2,0,0,0,0.0,0.0,0.0,,0.0
2021-01-16,desktop,<Other>,<Other>,<Other> / <Other>,Other,New,248,247,1,1,1,10.0,0.004032258064516129,0.004048582995951417,10.0,0.04032258064516129
2021-01-16,desktop,<Other>,<Other>,<Other> / <Other>,Other,Returning,11,11,0,0,0,0.0,0.0,0.0,,0.0
2021-01-16,desktop,google,cpc,google / cpc,Paid Search,New,64,64,1,1,1,0.0,0.015625,0.015625,0.0,0.0
2021-01-16,desktop,google,cpc,google / cpc,Paid Search,Returning,3,3,0,0,0,0.0,0.0,0.0,,0.0
2021-01-16,desktop,<Other>,referral,<Other> / referral,Referral,New,161,161,1,1,1,91.0,0.006211180124223602,0.006211180124223602,91.0,0.5652173913043478
2021-01-16,desktop,<Other>,referral,<Other> / referral,Referral,Returning,36,34,1,1,1,53.0,0.027777777777777776,0.029411764705882353,53.0,1.4722222222222223
2021-01-16,desktop,shop.googlemerchandisestore.com,referral,shop.googlemerchandisestore.com / referral,Referral,New,93,91,0,0,0,0.0,0.0,0.0,,0.0
2021-01-16,desktop,shop.googlemerchandisestore.com,referral,shop.googlemerchandisestore.com / referral,Referral,Returning,27,23,1,1,1,98.0,0.037037037037037035,0.043478260869565216,98.0,3.6296296296296298
2021-01-16,mobile,(direct),(none),(direct) / (none),Direct,New,275,268,2,2,2,81.0,0.007272727272727273,0.007462686567164179,40.5,0.29454545454545455
2021-01-16,mobile,(direct),(none),(direct) / (none),Direct,Returning,43,40,0,0,0,0.0,0.0,0.0,,0.0
2021-01-16,mobile,<Other>,organic,<Other> / organic,Organic Search,New,41,41,0,0,0,0.0,0.0,0.0,,0.0
2021-01-16,mobile,<Other>,organic,<Other> / organic,Organic Search,Returning,2,2,0,0,0,0.0,0.0,0.0,,0.0
2021-01-16,mobile,google,organic,google / organic,Organic Search,New,382,376,5,5,6,154.0,0.013089005235602094,0.013297872340425532,25.666666666666668,0.4031413612565445
2021-01-16,mobile,google,organic,google / organic,Organic Search,Returning,35,33,1,1,1,139.0,0.02857142857142857,0.030303030303030304,139.0,3.9714285714285715
2021-01-16,mobile,(data deleted),(data deleted),(data deleted) / (data deleted),Other,New,13,13,0,0,0,0.0,0.0,0.0,,0.0
2021-01-16,mobile,(data deleted),(data deleted),(data deleted) / (data deleted),Other,Returning,38,37,2,2,2,226.0,0.05263157894736842,0.05405405405405406,113.0,5.947368421052632
2021-01-16,mobile,<Other>,(data deleted),<Other> / (data deleted),Other,Returning,1,1,0,0,0,0.0,0.0,0.0,,0.0
2021-01-16,mobile,<Other>,<Other>,<Other> / <Other>,Other,New,203,201,0,0,0,0.0,0.0,0.0,,0.0
2021-01-16,mobile,<Other>,<Other>,<Other> / <Other>,Other,Returning,7,7,1,1,2,131.0,0.14285714285714285,0.14285714285714285,65.5,18.714285714285715
2021-01-16,mobile,google,cpc,google / cpc,Paid Search,New,45,45,0,0,0,0.0,0.0,0.0,,0.0
2021-01-16,mobile,google,cpc,google / cpc,Paid Search,Returning,1,1,0,0,0,0.0,0.0,0.0,,0.0
2021-01-16,mobile,<Other>,referral,<Other> / referral,Referral,New,113,113,0,0,0,0.0,0.0,0.0,,0.0
2021-01-16,mobile,<Other>,referral,<Other> / referral,Referral,Returning,18,16,1,1,1,170.0,0.05555555555555555,0.0625,170.0,9.444444444444445
2021-01-16,mobile,shop.googlemerchandisestore.com,referral,shop.googlemerchandisestore.com / referral,Referral,New,71,70,0,0,0,0.0,0.0,0.0,,0.0
2021-01-16,mobile,shop.googlemerchandisestore.com,referral,shop.googlemerchandisestore.com / referral,Referral,Returning,23,23,1,1,1,49.0,0.043478260869565216,0.043478260869565216,49.0,2.130434782608696
2021-01-16,tablet,(direct),(none),(direct) / (none),Direct,New,15,15,0,0,0,0.0,0.0,0.0,,0.0
2021-01-16,tablet,(direct),(none),(direct) / (none),Direct,Returning,3,3,0,0,0,0.0,0.0,0.0,,0.0
2021-01-16,tablet,<Other>,organic,<Other> / organic,Organic Search,New,2,2,0,0,0,0.0,0.0,0.0,,0.0
2021-01-16,tablet,google,organic,google / organic,Organic Search,New,24,24,0,0,0,0.0,0.0,0.0,,0.0
2021-01-16,tablet,google,organic,google / organic,Organic Search,Returning,3,3,0,0,0,0.0,0.0,0.0,,0.0
2021-01-16,tablet,(data deleted),(data deleted),(data deleted) / (data deleted),Other,Returning,2,2,0,0,0,0.0,0.0,0.0,,0.0
2021-01-16,tablet,<Other>,<Other>,<Other> / <Other>,Other,New,18,18,0,0,0,0.0,0.0,0.0,,0.0
2021-01-16,tablet,google,cpc,google / cpc,Paid Search,New,4,4,0,0,0,0.0,0.0,0.0,,0.0
2021-01-16,tablet,<Other>,referral,<Other> / referral,Referral,New,6,6,0,0,0,0.0,0.0,0.0,,0.0
2021-01-16,tablet,<Other>,referral,<Other> / referral,Referral,Returning,2,2,0,0,0,0.0,0.0,0.0,,0.0
2021-01-16,tablet,shop.googlemerchandisestore.com,referral,shop.googlemerchandisestore.com / referral,Referral,New,3,3,0,0,0,0.0,0.0,0.0,,0.0
2021-01-16,tablet,shop.googlemerchandisestore.com,referral,shop.googlemerchandisestore.com / referral,Referral,Returning,4,4,0,0,0,0.0,0.0,0.0,,0.0
2021-01-17,desktop,(direct),(none),(direct) / (none),Direct,New,358,352,0,0,0,0.0,0.0,0.0,,0.0
2021-01-17,desktop,(direct),(none),(direct) / (none),Direct,Returning,58,55,0,0,0,0.0,0.0,0.0,,0.0
2021-01-17,desktop,<Other>,organic,<Other> / organic,Organic Search,New,43,43,0,0,0,0.0,0.0,0.0,,0.0
2021-01-17,desktop,<Other>,organic,<Other> / organic,Organic Search,Returning,2,2,0,0,0,0.0,0.0,0.0,,0.0
2021-01-17,desktop,google,organic,google / organic,Organic Search,New,561,556,4,4,4,122.0,0.0071301247771836,0.007194244604316547,30.5,0.21746880570409982
2021-01-17,desktop,google,organic,google / organic,Organic Search,Returning,49,48,1,1,1,66.0,0.02040816326530612,0.020833333333333332,66.0,1.346938775510204
2021-01-17,desktop,(data deleted),(data deleted),(data deleted) / (data deleted),Other,New,47,45,0,0,0,0.0,0.0,0.0,,0.0
2021-01-17,desktop,(data deleted),(data deleted),(data deleted) / (data deleted),Other,Returning,47,45,1,1,1,55.0,0.02127659574468085,0.022222222222222223,55.0,1.1702127659574468
2021-01-17,desktop,<Other>,<Other>,<Other> / <Other>,Other,New,244,243,2,2,2,35.0,0.00819672131147541,0.00823045267489712,17.5,0.14344262295081966
2021-01-17,desktop,<Other>,<Other>,<Other> / <Other>,Other,Returning,11,11,0,0,0,0.0,0.0,0.0,,0.0
2021-01-17,desktop,google,cpc,google / cpc,Paid Search,New,69,68,0,0,0,0.0,0.0,0.0,,0.0
2021-01-17,desktop,google,cpc,google / cpc,Paid Search,Returning,1,1,0,0,0,0.0,0.0,0.0,,0.0
2021-01-17,desktop,<Other>,referral,<Other> / referral,Referral,New,159,157,1,1,1,48.0,0.006289308176100629,0.006369426751592357,48.0,0.3018867924528302
2021-01-17,desktop,<Other>,referral,<Other> / referral,Referral,Returning,25,23,0,0,0,0.0,0.0,0.0,,0.0
2021-01-17,desktop,shop.googlemerchandisestore.com,referral,shop.googlemerchandisestore.com / referral,Referral,New,82,82,1,1,1,0.0,0.012195121951219513,0.012195121951219513,0.0,0.0
2021-01-17,desktop,shop.googlemerchandisestore.com,referral,shop.googlemerchandisestore.com / referral,Referral,Returning,29,27,0,0,0,0.0,0.0,0.0,,0.0
2021-01-17,mobile,(direct),(none),(direct) / (none),Direct,New,229,225,0,0,0,0.0,0.0,0.0,,0.0
2021-01-17,mobile,(direct),(none),(direct) / (none),Direct,Returning,33,30,0,0,0,0.0,0.0,0.0,,0.0
2021-01-17,mobile,<Other>,organic,<Other> / organic,Organic Search,New,31,31,0,0,0,0.0,0.0,0.0,,0.0
2021-01-17,mobile,<Other>,organic,<Other> / organic,Organic Search,Returning,3,3,0,0,0,0.0,0.0,0.0,,0.0
2021-01-17,mobile,google,organic,google / organic,Organic Search,New,338,337,1,1,1,11.0,0.0029585798816568047,0.002967359050445104,11.0,0.03254437869822485
2021-01-17,mobile,google,organic,google / organic,Organic Search,Returning,40,36,0,0,0,0.0,0.0,0.0,,0.0
2021-01-17,mobile,(data deleted),(data deleted),(data deleted) / (data deleted),Other,New,23,23,0,0,0,0.0,0.0,0.0,,0.0
2021-01-17,mobile,(data deleted),(data deleted),(data deleted) / (data deleted),Other,Returning,31,31,1,1,1,43.0,0.03225806451612903,0.03225806451612903,43.0,1.3870967741935485
2021-01-17,mobile,<Other>,<Other>,<Other> / <Other>,Other,New,168,167,1,1,1,32.0,0.005952380952380952,0.005988023952095809,32.0,0.19047619047619047
2021-01-17,mobile,<Other>,<Other>,<Other> / <Other>,Other,Returning,13,13,0,0,0,0.0,0.0,0.0,,0.0
2021-01-17,mobile,google,cpc,google / cpc,Paid Search,New,49,49,0,0,0,0.0,0.0,0.0,,0.0
2021-01-17,mobile,google,cpc,google / cpc,Paid Search,Returning,5,5,0,0,0,0.0,0.0,0.0,,0.0
2021-01-17,mobile,<Other>,referral,<Other> / referral,Referral,New,92,90,0,0,0,0.0,0.0,0.0,,0.0
2021-01-17,mobile,<Other>,referral,<Other> / referral,Referral,Returning,9,9,0,0,0,0.0,0.0,0.0,,0.0
2021-01-17,mobile,shop.googlemerchandisestore.com,referral,shop.googlemerchandisestore.com / referral,Referral,New,58,58,0,0,0,0.0,0.0,0.0,,0.0
2021-01-17,mobile,shop.googlemerchandisestore.com,referral,shop.googlemerchandisestore.com / referral,Referral,Returning,22,21,1,1,1,69.0,0.045454545454545456,0.047619047619047616,69.0,3.1363636363636362
2021-01-17,tablet,(direct),(none),(direct) / (none),Direct,New,13,13,0,0,0,0.0,0.0,0.0,,0.0
2021-01-17,tablet,(direct),(none),(direct) / (none),Direct,Returning,1,1,0,0,0,0.0,0.0,0.0,,0.0
2021-01-17,tablet,<Other>,organic,<Other> / organic,Organic Search,New,1,1,0,0,0,0.0,0.0,0.0,,0.0
2021-01-17,tablet,google,organic,google / organic,Organic Search,New,25,25,0,0,0,0.0,0.0,0.0,,0.0
2021-01-17,tablet,<Other>,<Other>,<Other> / <Other>,Other,New,5,5,0,0,0,0.0,0.0,0.0,,0.0
2021-01-17,tablet,google,cpc,google / cpc,Paid Search,New,6,6,0,0,0,0.0,0.0,0.0,,0.0
2021-01-17,tablet,<Other>,referral,<Other> / referral,Referral,New,6,6,0,0,0,0.0,0.0,0.0,,0.0
2021-01-17,tablet,shop.googlemerchandisestore.com,referral,shop.googlemerchandisestore.com / referral,Referral,New,3,3,0,0,0,0.0,0.0,0.0,,0.0
2021-01-17,tablet,shop.googlemerchandisestore.com,referral,shop.googlemerchandisestore.com / referral,Referral,Returning,2,1,0,0,0,0.0,0.0,0.0,,0.0
2021-01-18,desktop,(direct),(none),(direct) / (none),Direct,New,403,399,0,0,0,0.0,0.0,0.0,,0.0
2021-01-18,desktop,(direct),(none),(direct) / (none),Direct,Returning,70,63,1,1,1,32.0,0.014285714285714285,0.015873015873015872,32.0,0.45714285714285713
2021-01-18,desktop,<Other>,organic,<Other> / organic,Organic Search,New,47,47,0,0,0,0.0,0.0,0.0,,0.0
2021-01-18,desktop,<Other>,organic,<Other> / organic,Organic Search,Returning,7,7,0,0,0,0.0,0.0,0.0,,0.0
2021-01-18,desktop,google,organic,google / organic,Organic Search,New,623,611,2,2,2,420.0,0.0032102728731942215,0.0032733224222585926,210.0,0.6741573033707865
2021-01-18,desktop,google,organic,google / organic,Organic Search,Returning,82,72,1,1,1,0.0,0.012195121951219513,0.013888888888888888,0.0,0.0
2021-01-18,desktop,(data deleted),(data deleted),(data deleted) / (data deleted),Other,New,44,42,0,0,0,0.0,0.0,0.0,,0.0
2021-01-18,desktop,(data deleted),(data deleted),(data deleted) / (data deleted),Other,Returning,77,74,1,1,1,54.0,0.012987012987012988,0.013513513513513514,54.0,0.7012987012987013
2021-01-18,desktop,<Other>,(data deleted),<Other> / (data deleted),Other,New,1,1,0,0,0,0.0,0.0,0.0,,0.0
2021-01-18,desktop,<Other>,<Other>,<Other> / <Other>,Other,New,312,311,0,0,0,0.0,0.0,0.0,,0.0
2021-01-18,desktop,<Other>,<Other>,<Other> / <Other>,Other,Returning,18,18,1,1,1,5.0,0.05555555555555555,0.05555555555555555,5.0,0.2777777777777778
2021-01-18,desktop,google,cpc,google / cpc,Paid Search,New,94,94,0,0,0,0.0,0.0,0.0,,0.0
2021-01-18,desktop,google,cpc,google / cpc,Paid Search,Returning,2,2,0,0,0,0.0,0.0,0.0,,0.0
2021-01-18,desktop,<Other>,referral,<Other> / referral,Referral,New,135,135,0,0,0,0.0,0.0,0.0,,0.0
2021-01-18,desktop,<Other>,referral,<Other> / referral,Referral,Returning,34,33,1,1,1,17.0,0.029411764705882353,0.030303030303030304,17.0,0.5
2021-01-18,desktop,shop.googlemerchandisestore.com,referral,shop.googlemerchandisestore.com / referral,Referral,New,109,106,0,0,0,0.0,0.0,0.0,,0.0
2021-01-18,desktop,shop.googlemerchandisestore.com,referral,shop.googlemerchandisestore.com / referral,Referral,Returning,54,50,1,1,1,34.0,0.018518518518518517,0.02,34.0,0.6296296296296297
2021-01-18,mobile,(direct),(none),(direct) / (none),Direct,New,290,286,2,2,2,127.0,0.006896551724137931,0.006993006993006993,63.5,0.4379310344827586
2021-01-18,mobile,(direct),(none),(direct) / (none),Direct,Returning,36,34,0,0,0,0.0,0.0,0.0,,0.0
2021-01-18,mobile,<Other>,organic,<Other> / organic,Organic Search,New,27,27,0,0,0,0.0,0.0,0.0,,0.0
2021-01-18,mobile,<Other>,organic,<Other> / organic,Organic Search,Returning,3,3,0,0,0,0.0,0.0,0.0,,0.0
2021-01-18,mobile,google,organic,google / organic,Organic Search,New,422,410,1,1,1,15.0,0.002369668246445498,0.0024390243902439024,15.0,0.035545023696682464
2021-01-18,mobile,google,organic,google / organic,Organic Search,Returning,50,49,3,3,3,144.0,0.06,0.061224489795918366,48.0,2.88
2021-01-18,mobile,(data deleted),(data deleted),(data deleted) / (data deleted),Other,New,23,22,0,0,0,0.0,0.0,0.0,,0.0
2021-01-18,mobile,(data deleted),(data deleted),(data deleted) / (data deleted),Other,Returning,39,37,0,0,0,0.0,0.0,0.0,,0.0
2021-01-18,mobile,<Other>,(data deleted),<Other> / (data deleted),Other,Returning,1,1,0,0,0,0.0,0.0,0.0,,0.0
2021-01-18,mobile,<Other>,<Other>,<Other> / <Other>,Other,New,222,220,2,2,3,240.0,0.009009009009009009,0.00909090909090909,80.0,1.0810810810810811
2021-01-18,mobile,<Other>,<Other>,<Other> / <Other>,Other,Returning,7,7,0,0,0,0.0,0.0,0.0,,0.0
2021-01-18,mobile,google,cpc,google / cpc,Paid Search,New,52,52,0,0,0,0.0,0.0,0.0,,0.0
2021-01-18,mobile,google,cpc,google / cpc,Paid Search,Returning,5,5,0,0,0,0.0,0.0,0.0,,0.0
2021-01-18,mobile,<Other>,referral,<Other> / referral,Referral,New,122,121,1,1,1,122.0,0.00819672131147541,0.008264462809917356,122.0,1.0
2021-01-18,mobile,<Other>,referral,<Other> / referral,Referral,Returning,18,18,0,0,0,0.0,0.0,0.0,,0.0
2021-01-18,mobile,shop.googlemerchandisestore.com,referral,shop.googlemerchandisestore.com / referral,Referral,New,77,76,1,1,1,13.0,0.012987012987012988,0.013157894736842105,13.0,0.16883116883116883
2021-01-18,mobile,shop.googlemerchandisestore.com,referral,shop.googlemerchandisestore.com / referral,Referral,Returning,37,34,0,0,0,0.0,0.0,0.0,,0.0
2021-01-18,tablet,(direct),(none),(direct) / (none),Direct,New,18,18,0,0,0,0.0,0.0,0.0,,0.0
2021-01-18,tablet,(direct),(none),(direct) / (none),Direct,Returning,5,5,0,0,0,0.0,0.0,0.0,,0.0
2021-01-18,tablet,<Other>,organic,<Other> / organic,Organic Search,New,1,1,0,0,0,0.0,0.0,0.0,,0.0
2021-01-18,tablet,google,organic,google / organic,Organic Search,New,18,17,0,0,0,0.0,0.0,0.0,,0.0
2021-01-18,tablet,google,organic,google / organic,Organic Search,Returning,1,1,0,0,0,0.0,0.0,0.0,,0.0
2021-01-18,tablet,(data deleted),(data deleted),(data deleted) / (data deleted),Other,New,1,1,0,0,0,0.0,0.0,0.0,,0.0
2021-01-18,tablet,(data deleted),(data deleted),(data deleted) / (data deleted),Other,Returning,3,2,0,0,0,0.0,0.0,0.0,,0.0
2021-01-18,tablet,<Other>,<Other>,<Other> / <Other>,Other,New,9,9,0,0,0,0.0,0.0,0.0,,0.0
2021-01-18,tablet,<Other>,<Other>,<Other> / <Other>,Other,Returning,2,2,0,0,0,0.0,0.0,0.0,,0.0
2021-01-18,tablet,google,cpc,google / cpc,Paid Search,New,3,3,0,0,0,0.0,0.0,0.0,,0.0
2021-01-18,tablet,google,cpc,google / cpc,Paid Search,Returning,1,1,0,0,0,0.0,0.0,0.0,,0.0
2021-01-18,tablet,<Other>,referral,<Other> / referral,Referral,New,6,6,0,0,0,0.0,0.0,0.0,,0.0
2021-01-18,tablet,<Other>,referral,<Other> / referral,Referral,Returning,2,2,0,0,0,0.0,0.0,0.0,,0.0
2021-01-18,tablet,shop.googlemerchandisestore.com,referral,shop.googlemerchandisestore.com / referral,Referral,New,2,2,0,0,0,0.0,0.0,0.0,,0.0
2021-01-18,tablet,shop.googlemerchandisestore.com,referral,shop.googlemerchandisestore.com / referral,Referral,Returning,1,1,0,0,0,0.0,0.0,0.0,,0.0
2021-01-19,desktop,(direct),(none),(direct) / (none),Direct,New,457,446,5,5,6,114.0,0.010940919037199124,0.011210762331838564,19.0,0.24945295404814005
2021-01-19,desktop,(direct),(none),(direct) / (none),Direct,Returning,94,88,3,3,3,54.0,0.031914893617021274,0.03409090909090909,18.0,0.574468085106383
2021-01-19,desktop,<Other>,organic,<Other> / organic,Organic Search,New,75,75,0,0,0,0.0,0.0,0.0,,0.0
2021-01-19,desktop,<Other>,organic,<Other> / organic,Organic Search,Returning,6,6,0,0,0,0.0,0.0,0.0,,0.0
2021-01-19,desktop,google,organic,google / organic,Organic Search,New,689,675,5,5,5,304.0,0.00725689404934688,0.007407407407407408,60.8,0.4412191582002903
2021-01-19,desktop,google,organic,google / organic,Organic Search,Returning,96,94,2,2,2,39.0,0.020833333333333332,0.02127659574468085,19.5,0.40625
2021-01-19,desktop,(data deleted),(data deleted),(data deleted) / (data deleted),Other,New,50,48,2,2,2,123.0,0.04,0.041666666666666664,61.5,2.46
2021-01-19,desktop,(data deleted),(data deleted),(data deleted) / (data deleted),Other,Returning,70,66,2,2,2,108.0,0.02857142857142857,0.030303030303030304,54.0,1.542857142857143
2021-01-19,desktop,<Other>,(data deleted),<Other> / (data deleted),Other,New,1,1,0,0,0,0.0,0.0,0.0,,0.0
2021-01-19,desktop,<Other>,(data deleted),<Other> / (data deleted),Other,Returning,1,1,0,0,0,0.0,0.0,0.0,,0.0
2021-01-19,desktop,<Other>,<Other>,<Other> / <Other>,Other,New,327,323,2,2,2,186.0,0.0061162079510703364,0.006191950464396285,93.0,0.5688073394495413
2021-01-19,desktop,<Other>,<Other>,<Other> / <Other>,Other,Returning,14,14,0,0,0,0.0,0.0,0.0,,0.0
2021-01-19,desktop,google,cpc,google / cpc,Paid Search,New,106,106,0,0,0,0.0,0.0,0.0,,0.0
2021-01-19,desktop,google,cpc,google / cpc,Paid Search,Returning,6,6,0,0,0,0.0,0.0,0.0,,0.0
2021-01-19,desktop,<Other>,referral,<Other> / referral,Referral,New,171,170,0,0,0,0.0,0.0,0.0,,0.0
2021-01-19,desktop,<Other>,referral,<Other> / referral,Referral,Returning,42,40,2,2,2,236.0,0.047619047619047616,0.05,118.0,5.619047619047619
2021-01-19,desktop,shop.googlemerchandisestore.com,referral,shop.googlemerchandisestore.com / referral,Referral,New,125,121,0,0,0,0.0,0.0,0.0,,0.0
2021-01-19,desktop,shop.googlemerchandisestore.com,referral,shop.googlemerchandisestore.com / referral,Referral,Returning,78,77,1,1,1,28.0,0.01282051282051282,0.012987012987012988,28.0,0.358974358974359
2021-01-19,mobile,(direct),(none),(direct) / (none),Direct,New,317,313,3,3,3,283.0,0.00946372239747634,0.009584664536741214,94.33333333333333,0.8927444794952681
2021-01-19,mobile,(direct),(none),(direct) / (none),Direct,Returning,65,62,2,2,2,121.0,0.03076923076923077,0.03225806451612903,60.5,1.8615384615384616
2021-01-19,mobile,<Other>,organic,<Other> / organic,Organic Search,New,54,54,0,0,0,0.0,0.0,0.0,,0.0
2021-01-19,mobile,<Other>,organic,<Other> / organic,Organic Search,Returning,3,3,0,0,0,0.0,0.0,0.0,,0.0
2021-01-19,mobile,google,organic,google / organic,Organic Search,New,428,421,3,3,3,287.0,0.007009345794392523,0.007125890736342043,95.66666666666667,0.6705607476635514
2021-01-19,mobile,google,organic,google / organic,Organic Search,Returning,75,73,3,3,3,110.0,0.04,0.0410958904109589,36.666666666666664,1.4666666666666666
2021-01-19,mobile,(data deleted),(data deleted),(data deleted) / (data deleted),Other,New,38,36,0,0,0,0.0,0.0,0.0,,0.0
2021-01-19,mobile,(data deleted),(data deleted),(data deleted) / (data deleted),Other,Returning,64,60,3,3,3,97.0,0.046875,0.05,32.333333333333336,1.515625
2021-01-19,mobile,<Other>,<Other>,<Other> / <Other>,Other,New,236,234,1,1,1,80.0,0.00423728813559322,0.004273504273504274,80.0,0.3389830508474576
2021-01-19,mobile,<Other>,<Other>,<Other> / <Other>,Other,Returning,12,12,0,0,0,0.0,0.0,0.0,,0.0
2021-01-19,mobile,google,cpc,google / cpc,Paid Search,New,58,58,0,0,0,0.0,0.0,0.0,,0.0
2021-01-19,mobile,google,cpc,google / cpc,Paid Search,Returning,5,4,0,0,0,0.0,0.0,0.0,,0.0
2021-01-19,mobile,<Other>,referral,<Other> / referral,Referral,New,128,128,1,1,2,0.0,0.0078125,0.0078125,0.0,0.0
2021-01-19,mobile,<Other>,referral,<Other> / referral,Referral,Returning,33,33,0,0,0,0.0,0.0,0.0,,0.0
2021-01-19,mobile,shop.googlemerchandisestore.com,referral,shop.googlemerchandisestore.com / referral,Referral,New,101,99,1,1,1,99.0,0.009900990099009901,0.010101010101010102,99.0,0.9801980198019802
2021-01-19,mobile,shop.googlemerchandisestore.com,referral,shop.googlemerchandisestore.com / referral,Referral,Returning,64,61,2,2,2,1222.0,0.03125,0.03278688524590164,611.0,19.09375
2021-01-19,tablet,(direct),(none),(direct) / (none),Direct,New,20,19,0,0,0,0.0,0.0,0.0,,0.0
2021-01-19,tablet,(direct),(none),(direct) / (none),Direct,Returning,3,3,0,0,0,0.0,0.0,0.0,,0.0
2021-01-19,tablet,<Other>,organic,<Other> / organic,Organic Search,New,4,4,0,0,0,0.0,0.0,0.0,,0.0
2021-01-19,tablet,google,organic,google / organic,Organic Search,New,28,28,1,1,1,20.0,0.03571428571428571,0.03571428571428571,20.0,0.7142857142857143
2021-01-19,tablet,google,organic,google / organic,Organic Search,Returning,4,4,0,0,0,0.0,0.0,0.0,,0.0
2021-01-19,tablet,(data deleted),(data deleted),(data deleted) / (data deleted),Other,New,3,2,1,1,1,88.0,0.3333333333333333,0.5,88.0,29.333333333333332
2021-01-19,tablet,(data deleted),(data deleted),(data deleted) / (data deleted),Other,Returning,5,5,0,0,0,0.0,0.0,0.0,,0.0
2021-01-19,tablet,<Other>,<Other>,<Other> / <Other>,Other,New,13,13,0,0,0,0.0,0.0,0.0,,0.0
2021-01-19,tablet,<Other>,<Other>,<Other> / <Other>,Other,Returning,2,2,0,0,0,0.0,0.0,0.0,,0.0
2021-01-19,tablet,google,cpc,google / cpc,Paid Search,New,2,2,0,0,0,0.0,0.0,0.0,,0.0
2021-01-19,tablet,<Other>,referral,<Other> / referral,Referral,New,8,7,2,2,2,157.0,0.25,0.2857142857142857,78.5,19.625
2021-01-19,tablet,<Other>,referral,<Other> / referral,Referral,Returning,1,1,0,0,0,0.0,0.0,0.0,,0.0
2021-01-19,tablet,shop.googlemerchandisestore.com,referral,shop.googlemerchandisestore.com / referral,Referral,New,3,3,0,0,0,0.0,0.0,0.0,,0.0
2021-01-19,tablet,shop.googlemerchandisestore.com,referral,shop.googlemerchandisestore.com / referral,Referral,Returning,5,5,0,0,0,0.0,0.0,0.0,,0.0
2021-01-20,desktop,(direct),(none),(direct) / (none),Direct,New,555,544,5,5,5,191.0,0.009009009009009009,0.009191176470588236,38.2,0.3441441441441441
2021-01-20,desktop,(direct),(none),(direct) / (none),Direct,Returning,100,93,4,4,4,195.0,0.04,0.043010752688172046,48.75,1.95
2021-01-20,desktop,<Other>,organic,<Other> / organic,Organic Search,New,72,72,3,3,3,176.0,0.041666666666666664,0.041666666666666664,58.666666666666664,2.4444444444444446
2021-01-20,desktop,<Other>,organic,<Other> / organic,Organic Search,Returning,7,7,0,0,0,0.0,0.0,0.0,,0.0
2021-01-20,desktop,google,organic,google / organic,Organic Search,New,762,740,11,11,11,760.0,0.014435695538057743,0.014864864864864866,69.0909090909091,0.9973753280839895
2021-01-20,desktop,google,organic,google / organic,Organic Search,Returning,113,107,4,4,4,298.0,0.035398230088495575,0.037383177570093455,74.5,2.6371681415929205
2021-01-20,desktop,(data deleted),(data deleted),(data deleted) / (data deleted),Other,New,66,64,2,2,2,143.0,0.030303030303030304,0.03125,71.5,2.1666666666666665
2021-01-20,desktop,(data deleted),(data deleted),(data deleted) / (data deleted),Other,Returning,99,94,3,3,3,146.0,0.030303030303030304,0.031914893617021274,48.666666666666664,1.4747474747474747
2021-01-20,desktop,<Other>,(data deleted),<Other> / (data deleted),Other,New,2,2,0,0,0,0.0,0.0,0.0,,0.0
2021-01-20,desktop,<Other>,(data deleted),<Other> / (data deleted),Other,Returning,2,2,1,1,1,12.0,0.5,0.5,12.0,6.0
2021-01-20,desktop,<Other>,<Other>,<Other> / <Other>,Other,New,408,406,8,8,8,683.0,0.0196078431372549,0.019704433497536946,85.375,1.6740196078431373
2021-01-20,desktop,<Other>,<Other>,<Other> / <Other>,Other,Returning,25,25,2,2,2,178.0,0.08,0.08,89.0,7.12
2021-01-20,desktop,google,cpc,google / cpc,Paid Search,New,103,103,1,1,1,110.0,0.009708737864077669,0.009708737864077669,110.0,1.0679611650485437
2021-01-20,desktop,google,cpc,google / cpc,Paid Search,Returning,11,11,0,0,0,0.0,0.0,0.0,,0.0
2021-01-20,desktop,<Other>,referral,<Other> / referral,Referral,New,218,214,4,4,4,401.0,0.01834862385321101,0.018691588785046728,100.25,1.8394495412844036
2021-01-20,desktop,<Other>,referral,<Other> / referral,Referral,Returning,50,48,2,2,2,6.0,0.04,0.041666666666666664,3.0,0.12
2021-01-20,desktop,shop.googlemerchandisestore.com,referral,shop.googlemerchandisestore.com / referral,Referral,New,139,136,1,1,1,42.0,0.007194244604316547,0.007352941176470588,42.0,0.302158273381295
2021-01-20,desktop,shop.googlemerchandisestore.com,referral,shop.googlemerchandisestore.com / referral,Referral,Returning,70,68,5,5,5,220.0,0.07142857142857142,0.07352941176470588,44.0,3.142857142857143
2021-01-20,mobile,(direct),(none),(direct) / (none),Direct,New,366,357,5,5,7,520.0,0.01366120218579235,0.014005602240896359,74.28571428571429,1.4207650273224044
2021-01-20,mobile,(direct),(none),(direct) / (none),Direct,Returning,74,70,3,3,3,478.0,0.04054054054054054,0.04285714285714286,159.33333333333334,6.45945945945946
2021-01-20,mobile,<Other>,organic,<Other> / organic,Organic Search,New,60,60,0,0,0,0.0,0.0,0.0,,0.0
2021-01-20,mobile,<Other>,organic,<Other> / organic,Organic Search,Returning,7,7,0,0,0,0.0,0.0,0.0,,0.0
2021-01-20,mobile,google,organic,google / organic,Organic Search,New,521,511,4,4,4,273.0,0.007677543186180422,0.007827788649706457,68.25,0.5239923224568138
2021-01-20,mobile,google,organic,google / organic,Organic Search,Returning,72,67,3,3,3,358.0,0.041666666666666664,0.04477611940298507,119.33333333333333,4.972222222222222
2021-01-20,mobile,(data deleted),(data deleted),(data deleted) / (data deleted),Other,New,50,44,0,0,0,0.0,0.0,0.0,,0.0
2021-01-20,mobile,(data deleted),(data deleted),(data deleted) / (data deleted),Other,Returning,75,67,6,6,6,201.0,0.08,0.08955223880597014,33.5,2.68
2021-01-20,mobile,<Other>,(data deleted),<Other> / (data deleted),Other,Returning,1,1,0,0,0,0.0,0.0,0.0,,0.0
2021-01-20,mobile,<Other>,<Other>,<Other> / <Other>,Other,New,251,251,5,5,5,256.0,0.0199203187250996,0.0199203187250996,51.2,1.0199203187250996
2021-01-20,mobile,<Other>,<Other>,<Other> / <Other>,Other,Returning,16,16,1,1,1,0.0,0.0625,0.0625,0.0,0.0
2021-01-20,mobile,google,cpc,google / cpc,Paid Search,New,74,73,1,1,1,96.0,0.013513513513513514,0.0136986301369863,96.0,1.2972972972972974
2021-01-20,mobile,google,cpc,google / cpc,Paid Search,Returning,5,5,0,0,0,0.0,0.0,0.0,,0.0
2021-01-20,mobile,<Other>,referral,<Other> / referral,Referral,New,154,151,3,3,3,317.0,0.01948051948051948,0.019867549668874173,105.66666666666667,2.0584415584415585
2021-01-20,mobile,<Other>,referral,<Other> / referral,Referral,Returning,39,38,0,0,0,0.0,0.0,0.0,,0.0
2021-01-20,mobile,shop.googlemerchandisestore.com,referral,shop.googlemerchandisestore.com / referral,Referral,New,100,94,3,3,3,187.0,0.03,0.031914893617021274,62.333333333333336,1.87
2021-01-20,mobile,shop.googlemerchandisestore.com,referral,shop.googlemerchandisestore.com / referral,Referral,Returning,53,50,3,3,3,366.0,0.05660377358490566,0.06,122.0,6.90566037735849
2021-01-20,tablet,(direct),(none),(direct) / (none),Direct,New,21,21,0,0,0,0.0,0.0,0.0,,0.0
2021-01-20,tablet,(direct),(none),(direct) / (none),Direct,Returning,3,3,0,0,0,0.0,0.0,0.0,,0.0
2021-01-20,tablet,google,organic,google / organic,Organic Search,New,37,34,1,1,1,93.0,0.02702702702702703,0.029411764705882353,93.0,2.5135135135135136
2021-01-20,tablet,google,organic,google / organic,Organic Search,Returning,3,3,0,0,0,0.0,0.0,0.0,,0.0
2021-01-20,tablet,(data deleted),(data deleted),(data deleted) / (data deleted),Other,New,3,3,0,0,0,0.0,0.0,0.0,,0.0
2021-01-20,tablet,(data deleted),(data deleted),(data deleted) / (data deleted),Other,Returning,2,2,0,0,0,0.0,0.0,0.0,,0.0
2021-01-20,tablet,<Other>,<Other>,<Other> / <Other>,Other,New,9,9,0,0,0,0.0,0.0,0.0,,0.0
2021-01-20,tablet,<Other>,<Other>,<Other> / <Other>,Other,Returning,1,1,0,0,0,0.0,0.0,0.0,,0.0
2021-01-20,tablet,google,cpc,google / cpc,Paid Search,New,5,5,0,0,0,0.0,0.0,0.0,,0.0
2021-01-20,tablet,google,cpc,google / cpc,Paid Search,Returning,1,1,0,0,0,0.0,0.0,0.0,,0.0
2021-01-20,tablet,<Other>,referral,<Other> / referral,Referral,New,8,8,0,0,0,0.0,0.0,0.0,,0.0
2021-01-20,tablet,<Other>,referral,<Other> / referral,Referral,Returning,1,1,0,0,0,0.0,0.0,0.0,,0.0
2021-01-20,tablet,shop.googlemerchandisestore.com,referral,shop.googlemerchandisestore.com / referral,Referral,New,4,4,0,0,0,0.0,0.0,0.0,,0.0
2021-01-21,desktop,(direct),(none),(direct) / (none),Direct,New,506,500,4,4,4,354.0,0.007905138339920948,0.008,88.5,0.6996047430830039
2021-01-21,desktop,(direct),(none),(direct) / (none),Direct,Returning,113,104,2,2,2,191.0,0.017699115044247787,0.019230769230769232,95.5,1.6902654867256637
2021-01-21,desktop,<Other>,organic,<Other> / organic,Organic Search,New,76,76,0,0,0,0.0,0.0,0.0,,0.0
2021-01-21,desktop,<Other>,organic,<Other> / organic,Organic Search,Returning,6,6,1,1,3,132.0,0.16666666666666666,0.16666666666666666,44.0,22.0
2021-01-21,desktop,google,organic,google / organic,Organic Search,New,717,702,7,7,7,391.0,0.009762900976290097,0.009971509971509971,55.857142857142854,0.5453277545327755
2021-01-21,desktop,google,organic,google / organic,Organic Search,Returning,103,100,3,3,3,462.0,0.02912621359223301,0.03,154.0,4.485436893203883
2021-01-21,desktop,(data deleted),(data deleted),(data deleted) / (data deleted),Other,New,52,50,1,1,1,85.0,0.019230769230769232,0.02,85.0,1.6346153846153846
2021-01-21,desktop,(data deleted),(data deleted),(data deleted) / (data deleted),Other,Returning,103,99,3,3,3,199.0,0.02912621359223301,0.030303030303030304,66.33333333333333,1.9320388349514563
2021-01-21,desktop,<Other>,(data deleted),<Other> / (data deleted),Other,Returning,1,1,0,0,0,0.0,0.0,0.0,,0.0
2021-01-21,desktop,<Other>,<Other>,<Other> / <Other>,Other,New,376,373,1,1,1,15.0,0.0026595744680851063,0.002680965147453083,15.0,0.0398936170212766
2021-01-21,desktop,<Other>,<Other>,<Other> / <Other>,Other,Returning,32,30,0,0,0,0.0,0.0,0.0,,0.0
2021-01-21,desktop,google,cpc,google / cpc,Paid Search,New,128,127,0,0,0,0.0,0.0,0.0,,0.0
2021-01-21,desktop,google,cpc,google / cpc,Paid Search,Returning,7,7,0,0,0,0.0,0.0,0.0,,0.0
2021-01-21,desktop,<Other>,referral,<Other> / referral,Referral,New,219,217,2,2,2,80.0,0.0091324200913242,0.009216589861751152,40.0,0.365296803652968
2021-01-21,desktop,<Other>,referral,<Other> / referral,Referral,Returning,48,48,2,2,2,238.0,0.041666666666666664,0.041666666666666664,119.0,4.958333333333333
2021-01-21,desktop,shop.googlemerchandisestore.com,referral,shop.googlemerchandisestore.com / referral,Referral,New,139,139,1,1,1,55.0,0.007194244604316547,0.007194244604316547,55.0,0.39568345323741005
2021-01-21,desktop,shop.googlemerchandisestore.com,referral,shop.googlemerchandisestore.com / referral,Referral,Returning,74,71,5,5,6,580.0,0.06756756756756757,0.07042253521126761,96.66666666666667,7.837837837837838
2021-01-21,mobile,(direct),(none),(direct) / (none),Direct,New,348,339,3,3,3,521.0,0.008620689655172414,0.008849557522123894,173.66666666666666,1.4971264367816093
2021-01-21,mobile,(direct),(none),(direct) / (none),Direct,Returning,70,66,1,1,1,103.0,0.014285714285714285,0.015151515151515152,103.0,1.4714285714285715
2021-01-21,mobile,<Other>,organic,<Other> / organic,Organic Search,New,47,47,0,0,0,0.0,0.0,0.0,,0.0
2021-01-21,mobile,<Other>,organic,<Other> / organic,Organic Search,Returning,6,6,0,0,0,0.0,0.0,0.0,,0.0
2021-01-21,mobile,google,organic,google / organic,Organic Search,New,518,497,0,0,0,0.0,0.0,0.0,,0.0
2021-01-21,mobile,google,organic,google / organic,Organic Search,Returning,92,86,5,5,5,290.0,0.05434782608695652,0.05813953488372093,58.0,3.152173913043478
2021-01-21,mobile,(data deleted),(data deleted),(data deleted) / (data deleted),Other,New,27,27,1,1,1,11.0,0.037037037037037035,0.037037037037037035,11.0,0.4074074074074074
2021-01-21,mobile,(data deleted),(data deleted),(data deleted) / (data deleted),Other,Returning,86,80,3,3,3,181.0,0.03488372093023256,0.0375,60.333333333333336,2.104651162790698
2021-01-21,mobile,<Other>,(data deleted),<Other> / (data deleted),Other,New,1,1,0,0,0,0.0,0.0,0.0,,0.0
2021-01-21,mobile,<Other>,(data deleted),<Other> / (data deleted),Other,Returning,2,2,0,0,0,0.0,0.0,0.0,,0.0
2021-01-21,mobile,<Other>,<Other>,<Other> / <Other>,Other,New,251,251,0,0,0,0.0,0.0,0.0,,0.0
2021-01-21,mobile,<Other>,<Other>,<Other> / <Other>,Other,Returning,18,18,0,0,0,0.0,0.0,0.0,,0.0
2021-01-21,mobile,google,cpc,google / cpc,Paid Search,New,72,72,1,1,1,16.0,0.013888888888888888,0.013888888888888888,16.0,0.2222222222222222
2021-01-21,mobile,google,cpc,google / cpc,Paid Search,Returning,15,15,0,0,0,0.0,0.0,0.0,,0.0
2021-01-21,mobile,<Other>,referral,<Other> / referral,Referral,New,152,150,1,1,1,162.0,0.006578947368421052,0.006666666666666667,162.0,1.0657894736842106
2021-01-21,mobile,<Other>,referral,<Other> / referral,Referral,Returning,27,27,0,0,0,0.0,0.0,0.0,,0.0
2021-01-21,mobile,shop.googlemerchandisestore.com,referral,shop.googlemerchandisestore.com / referral,Referral,New,91,90,0,0,0,0.0,0.0,0.0,,0.0
2021-01-21,mobile,shop.googlemerchandisestore.com,referral,shop.googlemerchandisestore.com / referral,Referral,Returning,59,57,1,1,1,96.0,0.01694915254237288,0.017543859649122806,96.0,1.6271186440677967
2021-01-21,tablet,(direct),(none),(direct) / (none),Direct,New,23,23,0,0,0,0.0,0.0,0.0,,0.0
2021-01-21,tablet,(direct),(none),(direct) / (none),Direct,Returning,5,4,0,0,0,0.0,0.0,0.0,,0.0
2021-01-21,tablet,<Other>,organic,<Other> / organic,Organic Search,New,3,3,0,0,0,0.0,0.0,0.0,,0.0
2021-01-21,tablet,google,organic,google / organic,Organic Search,New,34,31,0,0,0,0.0,0.0,0.0,,0.0
2021-01-21,tablet,google,organic,google / organic,Organic Search,Returning,4,4,0,0,0,0.0,0.0,0.0,,0.0
2021-01-21,tablet,(data deleted),(data deleted),(data deleted) / (data deleted),Other,New,2,2,0,0,0,0.0,0.0,0.0,,0.0
2021-01-21,tablet,(data deleted),(data deleted),(data deleted) / (data deleted),Other,Returning,3,3,0,0,0,0.0,0.0,0.0,,0.0
2021-01-21,tablet,<Other>,<Other>,<Other> / <Other>,Other,New,17,17,0,0,0,0.0,0.0,0.0,,0.0
2021-01-21,tablet,google,cpc,google / cpc,Paid Search,New,3,3,0,0,0,0.0,0.0,0.0,,0.0
2021-01-21,tablet,<Other>,referral,<Other> / referral,Referral,New,11,11,0,0,0,0.0,0.0,0.0,,0.0
2021-01-21,tablet,<Other>,referral,<Other> / referral,Referral,Returning,2,2,1,1,1,44.0,0.5,0.5,44.0,22.0
2021-01-21,tablet,shop.googlemerchandisestore.com,referral,shop.googlemerchandisestore.com / referral,Referral,New,5,5,0,0,0,0.0,0.0,0.0,,0.0
2021-01-21,tablet,shop.googlemerchandisestore.com,referral,shop.googlemerchandisestore.com / referral,Referral,Returning,3,3,0,0,0,0.0,0.0,0.0,,0.0
2021-01-22,desktop,(direct),(none),(direct) / (none),Direct,New,463,450,2,2,2,184.0,0.004319654427645789,0.0044444444444444444,92.0,0.39740820734341253
2021-01-22,desktop,(direct),(none),(direct) / (none),Direct,Returning,95,88,5,5,5,297.0,0.05263157894736842,0.056818181818181816,59.4,3.126315789473684
2021-01-22,desktop,<Other>,organic,<Other> / organic,Organic Search,New,66,66,0,0,0,0.0,0.0,0.0,,0.0
2021-01-22,desktop,<Other>,organic,<Other> / organic,Organic Search,Returning,13,13,0,0,0,0.0,0.0,0.0,,0.0
2021-01-22,desktop,google,organic,google / organic,Organic Search,New,639,621,7,7,7,389.0,0.010954616588419406,0.011272141706924315,55.57142857142857,0.6087636932707355
2021-01-22,desktop,google,organic,google / organic,Organic Search,Returning,106,99,8,8,9,531.0,0.07547169811320754,0.08080808080808081,59.0,5.009433962264151
2021-01-22,desktop,(data deleted),(data deleted),(data deleted) / (data deleted),Other,New,44,43,0,0,0,0.0,0.0,0.0,,0.0
2021-01-22,desktop,(data deleted),(data deleted),(data deleted) / (data deleted),Other,Returning,106,99,6,6,6,423.0,0.05660377358490566,0.06060606060606061,70.5,3.990566037735849
2021-01-22,desktop,<Other>,(data deleted),<Other> / (data deleted),Other,New,1,1,0,0,0,0.0,0.0,0.0,,0.0
2021-01-22,desktop,<Other>,(data deleted),<Other> / (data deleted),Other,Returning,3,3,0,0,0,0.0,0.0,0.0,,0.0
2021-01-22,desktop,<Other>,<Other>,<Other> / <Other>,Other,New,309,305,1,1,1,52.0,0.003236245954692557,0.003278688524590164,52.0,0.16828478964401294
2021-01-22,desktop,<Other>,<Other>,<Other> / <Other>,Other,Returning,33,32,3,3,3,115.0,0.09090909090909091,0.09375,38.333333333333336,3.484848484848485
2021-01-22,desktop,google,cpc,google / cpc,Paid Search,New,113,112,5,5,5,302.0,0.04424778761061947,0.044642857142857144,60.4,2.672566371681416
2021-01-22,desktop,google,cpc,google / cpc,Paid Search,Returning,11,10,2,2,2,94.0,0.18181818181818182,0.2,47.0,8.545454545454545
2021-01-22,desktop,<Other>,referral,<Other> / referral,Referral,New,176,175,1,1,1,38.0,0.005681818181818182,0.005714285714285714,38.0,0.2159090909090909
2021-01-22,desktop,<Other>,referral,<Other> / referral,Referral,Returning,54,52,3,3,3,93.0,0.05555555555555555,0.057692307692307696,31.0,1.7222222222222223
2021-01-22,desktop,shop.googlemerchandisestore.com,referral,shop.googlemerchandisestore.com / referral,Referral,New,129,126,3,3,4,185.0,0.023255813953488372,0.023809523809523808,46.25,1.434108527131783
2021-01-22,desktop,shop.googlemerchandisestore.com,referral,shop.googlemerchandisestore.com / referral,Referral,Returning,72,68,4,4,12,611.0,0.05555555555555555,0.058823529411764705,50.916666666666664,8.48611111111111
2021-01-22,mobile,(direct),(none),(direct) / (none),Direct,New,314,306,2,2,2,112.0,0.006369426751592357,0.006535947712418301,56.0,0.35668789808917195
2021-01-22,mobile,(direct),(none),(direct) / (none),Direct,Returning,67,61,4,4,4,189.0,0.05970149253731343,0.06557377049180328,47.25,2.8208955223880596
2021-01-22,mobile,<Other>,organic,<Other> / organic,Organic Search,New,39,39,1,1,1,28.0,0.02564102564102564,0.02564102564102564,28.0,0.717948717948718
2021-01-22,mobile,<Other>,organic,<Other> / organic,Organic Search,Returning,5,5,1,1,1,111.0,0.2,0.2,111.0,22.2
2021-01-22,mobile,google,organic,google / organic,Organic Search,New,398,387,5,5,5,162.0,0.01256281407035176,0.012919896640826873,32.4,0.40703517587939697
2021-01-22,mobile,google,organic,google / organic,Organic Search,Returning,72,69,7,7,8,581.0,0.09722222222222222,0.10144927536231885,72.625,8.069444444444445
2021-01-22,mobile,(data deleted),(data deleted),(data deleted) / (data deleted),Other,New,26,25,1,1,1,21.0,0.038461538461538464,0.04,21.0,0.8076923076923077
2021-01-22,mobile,(data deleted),(data deleted),(data deleted) / (data deleted),Other,Returning,60,55,0,0,0,0.0,0.0,0.0,,0.0
2021-01-22,mobile,<Other>,(data deleted),<Other> / (data deleted),Other,Returning,1,1,0,0,0,0.0,0.0,0.0,,0.0
2021-01-22,mobile,<Other>,<Other>,<Other> / <Other>,Other,New,208,207,5,5,5,291.0,0.02403846153846154,0.024154589371980676,58.2,1.3990384615384615
2021-01-22,mobile,<Other>,<Other>,<Other> / <Other>,Other,Returning,16,16,1,1,1,120.0,0.0625,0.0625,120.0,7.5
2021-01-22,mobile,google,cpc,google / cpc,Paid Search,New,66,66,1,1,1,24.0,0.015151515151515152,0.015151515151515152,24.0,0.36363636363636365
2021-01-22,mobile,google,cpc,google / cpc,Paid Search,Returning,6,6,0,0,0,0.0,0.0,0.0,,0.0
2021-01-22,mobile,<Other>,referral,<Other> / referral,Referral,New,137,136,2,2,2,66.0,0.014598540145985401,0.014705882352941176,33.0,0.48175182481751827
2021-01-22,mobile,<Other>,referral,<Other> / referral,Referral,Returning,37,37,1,1,1,32.0,0.02702702702702703,0.02702702702702703,32.0,0.8648648648648649
2021-01-22,mobile,shop.googlemerchandisestore.com,referral,shop.googlemerchandisestore.com / referral,Referral,New,84,84,3,3,3,215.0,0.03571428571428571,0.03571428571428571,71.66666666666667,2.5595238095238093
2021-01-22,mobile,shop.googlemerchandisestore.com,referral,shop.googlemerchandisestore.com / referral,Referral,Returning,59,54,3,3,4,156.0,0.05084745762711865,0.05555555555555555,39.0,2.6440677966101696
2021-01-22,tablet,(direct),(none),(direct) / (none),Direct,New,16,15,0,0,0,0.0,0.0,0.0,,0.0
2021-01-22,tablet,(direct),(none),(direct) / (none),Direct,Returning,5,5,1,1,1,130.0,0.2,0.2,130.0,26.0
2021-01-22,tablet,<Other>,organic,<Other> / organic,Organic Search,New,2,2,0,0,0,0.0,0.0,0.0,,0.0
2021-01-22,tablet,google,organic,google / organic,Organic Search,New,17,17,0,0,0,0.0,0.0,0.0,,0.0
2021-01-22,tablet,google,organic,google / organic,Organic Search,Returning,1,1,0,0,0,0.0,0.0,0.0,,0.0
2021-01-22,tablet,(data deleted),(data deleted),(data deleted) / (data deleted),Other,New,2,2,0,0,0,0.0,0.0,0.0,,0.0
2021-01-22,tablet,(data deleted),(data deleted),(data deleted) / (data deleted),Other,Returning,2,2,0,0,0,0.0,0.0,0.0,,0.0
2021-01-22,tablet,<Other>,<Other>,<Other> / <Other>,Other,New,17,17,0,0,0,0.0,0.0,0.0,,0.0
2021-01-22,tablet,google,cpc,google / cpc,Paid Search,New,3,3,0,0,0,0.0,0.0,0.0,,0.0
2021-01-22,tablet,<Other>,referral,<Other> / referral,Referral,New,6,6,0,0,0,0.0,0.0,0.0,,0.0
2021-01-22,tablet,shop.googlemerchandisestore.com,referral,shop.googlemerchandisestore.com / referral,Referral,New,1,1,0,0,0,0.0,0.0,0.0,,0.0
2021-01-22,tablet,shop.googlemerchandisestore.com,referral,shop.googlemerchandisestore.com / referral,Referral,Returning,1,1,0,0,0,0.0,0.0,0.0,,0.0
2021-01-23,desktop,(direct),(none),(direct) / (none),Direct,New,365,361,0,0,0,0.0,0.0,0.0,,0.0
2021-01-23,desktop,(direct),(none),(direct) / (none),Direct,Returning,52,49,1,1,1,81.0,0.019230769230769232,0.02040816326530612,81.0,1.5576923076923077
2021-01-23,desktop,<Other>,organic,<Other> / organic,Organic Search,New,48,47,1,1,1,63.0,0.020833333333333332,0.02127659574468085,63.0,1.3125
2021-01-23,desktop,<Other>,organic,<Other> / organic,Organic Search,Returning,3,3,0,0,0,0.0,0.0,0.0,,0.0
2021-01-23,desktop,google,organic,google / organic,Organic Search,New,507,492,7,7,7,564.0,0.013806706114398421,0.014227642276422764,80.57142857142857,1.1124260355029585
2021-01-23,desktop,google,organic,google / organic,Organic Search,Returning,63,60,3,3,3,168.0,0.047619047619047616,0.05,56.0,2.6666666666666665
2021-01-23,desktop,(data deleted),(data deleted),(data deleted) / (data deleted),Other,New,24,24,0,0,0,0.0,0.0,0.0,,0.0
2021-01-23,desktop,(data deleted),(data deleted),(data deleted) / (data deleted),Other,Returning,56,54,5,5,5,391.0,0.08928571428571429,0.09259259259259259,78.2,6.982142857142857
2021-01-23,desktop,<Other>,(data deleted),<Other> / (data deleted),Other,Returning,2,2,0,0,0,0.0,0.0,0.0,,0.0
2021-01-23,desktop,<Other>,<Other>,<Other> / <Other>,Other,New,275,274,3,3,3,406.0,0.01090909090909091,0.010948905109489052,135.33333333333334,1.4763636363636363
2021-01-23,desktop,<Other>,<Other>,<Other> / <Other>,Other,Returning,16,15,0,0,0,0.0,0.0,0.0,,0.0
2021-01-23,desktop,google,cpc,google / cpc,Paid Search,New,81,81,0,0,0,0.0,0.0,0.0,,0.0
2021-01-23,desktop,google,cpc,google / cpc,Paid Search,Returning,2,2,0,0,0,0.0,0.0,0.0,,0.0
2021-01-23,desktop,<Other>,referral,<Other> / referral,Referral,New,127,123,2,2,2,24.0,0.015748031496062992,0.016260162601626018,12.0,0.1889763779527559
2021-01-23,desktop,<Other>,referral,<Other> / referral,Referral,Returning,29,29,2,2,2,63.0,0.06896551724137931,0.06896551724137931,31.5,2.1724137931034484
2021-01-23,desktop,shop.googlemerchandisestore.com,referral,shop.googlemerchandisestore.com / referral,Referral,New,97,97,1,1,1,16.0,0.010309278350515464,0.010309278350515464,16.0,0.16494845360824742
2021-01-23,desktop,shop.googlemerchandisestore.com,referral,shop.googlemerchandisestore.com / referral,Referral,Returning,49,47,1,1,1,16.0,0.02040816326530612,0.02127659574468085,16.0,0.32653061224489793
2021-01-23,mobile,(direct),(none),(direct) / (none),Direct,New,253,245,3,3,3,154.0,0.011857707509881422,0.012244897959183673,51.333333333333336,0.6086956521739131
2021-01-23,mobile,(direct),(none),(direct) / (none),Direct,Returning,47,45,2,2,2,99.0,0.0425531914893617,0.044444444444444446,49.5,2.106382978723404
2021-01-23,mobile,<Other>,organic,<Other> / organic,Organic Search,New,33,33,0,0,0,0.0,0.0,0.0,,0.0
2021-01-23,mobile,<Other>,organic,<Other> / organic,Organic Search,Returning,2,2,0,0,0,0.0,0.0,0.0,,0.0
2021-01-23,mobile,google,organic,google / organic,Organic Search,New,330,323,1,1,1,38.0,0.0030303030303030303,0.0030959752321981426,38.0,0.11515151515151516
2021-01-23,mobile,google,organic,google / organic,Organic Search,Returning,33,32,2,2,2,184.0,0.06060606060606061,0.0625,92.0,5.575757575757576
2021-01-23,mobile,(data deleted),(data deleted),(data deleted) / (data deleted),Other,New,18,18,0,0,0,0.0,0.0,0.0,,0.0
2021-01-23,mobile,(data deleted),(data deleted),(data deleted) / (data deleted),Other,Returning,54,48,3,3,3,207.0,0.05555555555555555,0.0625,69.0,3.8333333333333335
2021-01-23,mobile,<Other>,(data deleted),<Other> / (data deleted),Other,New,1,1,0,0,0,0.0,0.0,0.0,,0.0
2021-01-23,mobile,<Other>,<Other>,<Other> / <Other>,Other,New,194,194,0,0,0,0.0,0.0,0.0,,0.0
2021-01-23,mobile,<Other>,<Other>,<Other> / <Other>,Other,Returning,11,11,0,0,0,0.0,0.0,0.0,,0.0
2021-01-23,mobile,google,cpc,google / cpc,Paid Search,New,60,59,0,0,0,0.0,0.0,0.0,,0.0
2021-01-23,mobile,<Other>,referral,<Other> / referral,Referral,New,111,110,1,1,1,75.0,0.009009009009009009,0.00909090909090909,75.0,0.6756756756756757
2021-01-23,mobile,<Other>,referral,<Other> / referral,Referral,Returning,23,21,0,0,0,0.0,0.0,0.0,,0.0
2021-01-23,mobile,shop.googlemerchandisestore.com,referral,shop.googlemerchandisestore.com / referral,Referral,New,80,79,3,3,3,56.0,0.0375,0.0379746835443038,18.666666666666668,0.7
2021-01-23,mobile,shop.googlemerchandisestore.com,referral,shop.googlemerchandisestore.com / referral,Referral,Returning,28,28,0,0,0,0.0,0.0,0.0,,0.0
2021-01-23,tablet,(direct),(none),(direct) / (none),Direct,New,11,11,1,1,1,40.0,0.09090909090909091,0.09090909090909091,40.0,3.6363636363636362
2021-01-23,tablet,(direct),(none),(direct) / (none),Direct,Returning,2,2,1,1,1,102.0,0.5,0.5,102.0,51.0
2021-01-23,tablet,<Other>,organic,<Other> / organic,Organic Search,New,3,3,0,0,0,0.0,0.0,0.0,,0.0
2021-01-23,tablet,google,organic,google / organic,Organic Search,New,22,21,0,0,0,0.0,0.0,0.0,,0.0
2021-01-23,tablet,google,organic,google / organic,Organic Search,Returning,2,2,0,0,0,0.0,0.0,0.0,,0.0
2021-01-23,tablet,(data deleted),(data deleted),(data deleted) / (data deleted),Other,New,1,1,0,0,0,0.0,0.0,0.0,,0.0
2021-01-23,tablet,(data deleted),(data deleted),(data deleted) / (data deleted),Other,Returning,5,5,0,0,0,0.0,0.0,0.0,,0.0
2021-01-23,tablet,<Other>,<Other>,<Other> / <Other>,Other,New,11,11,0,0,0,0.0,0.0,0.0,,0.0
2021-01-23,tablet,google,cpc,google / cpc,Paid Search,New,4,4,0,0,0,0.0,0.0,0.0,,0.0
2021-01-23,tablet,<Other>,referral,<Other> / referral,Referral,New,4,4,0,0,0,0.0,0.0,0.0,,0.0
2021-01-23,tablet,<Other>,referral,<Other> / referral,Referral,Returning,1,1,0,0,0,0.0,0.0,0.0,,0.0
2021-01-23,tablet,shop.googlemerchandisestore.com,referral,shop.googlemerchandisestore.com / referral,Referral,New,3,3,0,0,0,0.0,0.0,0.0,,0.0
2021-01-23,tablet,shop.googlemerchandisestore.com,referral,shop.googlemerchandisestore.com / referral,Referral,Returning,1,1,0,0,0,0.0,0.0,0.0,,0.0
2021-01-24,desktop,(direct),(none),(direct) / (none),Direct,New,370,361,1,1,1,22.0,0.002702702702702703,0.002770083102493075,22.0,0.05945945945945946
2021-01-24,desktop,(direct),(none),(direct) / (none),Direct,Returning,54,50,0,0,0,0.0,0.0,0.0,,0.0
2021-01-24,desktop,<Other>,organic,<Other> / organic,Organic Search,New,44,43,0,0,0,0.0,0.0,0.0,,0.0
2021-01-24,desktop,<Other>,organic,<Other> / organic,Organic Search,Returning,4,4,0,0,0,0.0,0.0,0.0,,0.0
2021-01-24,desktop,google,organic,google / organic,Organic Search,New,498,489,4,4,4,333.0,0.008032128514056224,0.0081799591002045,83.25,0.6686746987951807
2021-01-24,desktop,google,organic,google / organic,Organic Search,Returning,66,61,2,2,2,237.0,0.030303030303030304,0.03278688524590164,118.5,3.590909090909091
2021-01-24,desktop,(data deleted),(data deleted),(data deleted) / (data deleted),Other,New,31,31,2,2,2,120.0,0.06451612903225806,0.06451612903225806,60.0,3.870967741935484
2021-01-24,desktop,(data deleted),(data deleted),(data deleted) / (data deleted),Other,Returning,63,60,0,0,0,0.0,0.0,0.0,,0.0
2021-01-24,desktop,<Other>,(data deleted),<Other> / (data deleted),Other,Returning,3,3,0,0,0,0.0,0.0,0.0,,0.0
2021-01-24,desktop,<Other>,<Other>,<Other> / <Other>,Other,New,231,229,3,3,3,60.0,0.012987012987012988,0.013100436681222707,20.0,0.2597402597402597
2021-01-24,desktop,<Other>,<Other>,<Other> / <Other>,Other,Returning,16,16,0,0,0,0.0,0.0,0.0,,0.0
2021-01-24,desktop,google,cpc,google / cpc,Paid Search,New,82,82,0,0,0,0.0,0.0,0.0,,0.0
2021-01-24,desktop,google,cpc,google / cpc,Paid Search,Returning,3,3,0,0,0,0.0,0.0,0.0,,0.0
2021-01-24,desktop,<Other>,referral,<Other> / referral,Referral,New,156,154,2,2,2,355.0,0.01282051282051282,0.012987012987012988,177.5,2.2756410256410255
2021-01-24,desktop,<Other>,referral,<Other> / referral,Referral,Returning,20,20,0,0,0,0.0,0.0,0.0,,0.0
2021-01-24,desktop,shop.googlemerchandisestore.com,referral,shop.googlemerchandisestore.com / referral,Referral,New,94,92,2,2,2,42.0,0.02127659574468085,0.021739130434782608,21.0,0.44680851063829785
2021-01-24,desktop,shop.googlemerchandisestore.com,referral,shop.googlemerchandisestore.com / referral,Referral,Returning,46,44,2,2,3,174.0,0.043478260869565216,0.045454545454545456,58.0,3.782608695652174
2021-01-24,mobile,(direct),(none),(direct) / (none),Direct,New,229,226,4,4,4,172.0,0.017467248908296942,0.017699115044247787,43.0,0.7510917030567685
2021-01-24,mobile,(direct),(none),(direct) / (none),Direct,Returning,27,27,2,2,2,129.0,0.07407407407407407,0.07407407407407407,64.5,4.777777777777778
2021-01-24,mobile,<Other>,organic,<Other> / organic,Organic Search,New,29,29,0,0,0,0.0,0.0,0.0,,0.0
2021-01-24,mobile,<Other>,organic,<Other> / organic,Organic Search,Returning,3,3,0,0,0,0.0,0.0,0.0,,0.0
2021-01-24,mobile,google,organic,google / organic,Organic Search,New,310,305,1,1,1,48.0,0.0032258064516129032,0.003278688524590164,48.0,0.15483870967741936
2021-01-24,mobile,google,organic,google / organic,Organic Search,Returning,43,43,5,5,5,356.0,0.11627906976744186,0.11627906976744186,71.2,8.279069767441861
2021-01-24,mobile,(data deleted),(data deleted),(data deleted) / (data deleted),Other,New,17,17,0,0,0,0.0,0.0,0.0,,0.0
2021-01-24,mobile,(data deleted),(data deleted),(data deleted) / (data deleted),Other,Returning,37,35,1,1,1,13.0,0.02702702702702703,0.02857142857142857,13.0,0.35135135135135137
2021-01-24,mobile,<Other>,<Other>,<Other> / <Other>,Other,New,154,153,0,0,0,0.0,0.0,0.0,,0.0
2021-01-24,mobile,<Other>,<Other>,<Other> / <Other>,Other,Returning,13,13,0,0,0,0.0,0.0,0.0,,0.0
2021-01-24,mobile,google,cpc,google / cpc,Paid Search,New,55,55,2,2,2,291.0,0.03636363636363636,0.03636363636363636,145.5,5.290909090909091
2021-01-24,mobile,google,cpc,google / cpc,Paid Search,Returning,2,2,0,0,0,0.0,0.0,0.0,,0.0
2021-01-24,mobile,<Other>,referral,<Other> / referral,Referral,New,91,90,0,0,0,0.0,0.0,0.0,,0.0
2021-01-24,mobile,<Other>,referral,<Other> / referral,Referral,Returning,24,24,0,0,0,0.0,0.0,0.0,,0.0
2021-01-24,mobile,shop.googlemerchandisestore.com,referral,shop.googlemerchandisestore.com / referral,Referral,New,67,64,1,1,1,0.0,0.014925373134328358,0.015625,0.0,0.0
2021-01-24,mobile,shop.googlemerchandisestore.com,referral,shop.googlemerchandisestore.com / referral,Referral,Returning,25,22,1,1,1,56.0,0.04,0.045454545454545456,56.0,2.24
2021-01-24,tablet,(direct),(none),(direct) / (none),Direct,New,14,14,0,0,0,0.0,0.0,0.0,,0.0
2021-01-24,tablet,(direct),(none),(direct) / (none),Direct,Returning,4,3,0,0,0,0.0,0.0,0.0,,0.0
2021-01-24,tablet,<Other>,organic,<Other> / organic,Organic Search,New,3,3,0,0,0,0.0,0.0,0.0,,0.0
2021-01-24,tablet,google,organic,google / organic,Organic Search,New,17,17,0,0,0,0.0,0.0,0.0,,0.0
2021-01-24,tablet,google,organic,google / organic,Organic Search,Returning,3,3,0,0,0,0.0,0.0,0.0,,0.0
2021-01-24,tablet,(data deleted),(data deleted),(data deleted) / (data deleted),Other,New,1,1,0,0,0,0.0,0.0,0.0,,0.0
2021-01-24,tablet,<Other>,<Other>,<Other> / <Other>,Other,New,12,12,0,0,0,0.0,0.0,0.0,,0.0
2021-01-24,tablet,<Other>,<Other>,<Other> / <Other>,Other,Returning,1,1,0,0,0,0.0,0.0,0.0,,0.0
2021-01-24,tablet,google,cpc,google / cpc,Paid Search,New,1,1,0,0,0,0.0,0.0,0.0,,0.0
2021-01-24,tablet,google,cpc,google / cpc,Paid Search,Returning,1,1,0,0,0,0.0,0.0,0.0,,0.0
2021-01-24,tablet,<Other>,referral,<Other> / referral,Referral,New,7,7,0,0,0,0.0,0.0,0.0,,0.0
2021-01-24,tablet,<Other>,referral,<Other> / referral,Referral,Returning,1,1,0,0,0,0.0,0.0,0.0,,0.0
2021-01-24,tablet,shop.googlemerchandisestore.com,referral,shop.googlemerchandisestore.com / referral,Referral,New,4,4,0,0,0,0.0,0.0,0.0,,0.0
2021-01-24,tablet,shop.googlemerchandisestore.com,referral,shop.googlemerchandisestore.com / referral,Referral,Returning,1,1,0,0,0,0.0,0.0,0.0,,0.0
2021-01-25,desktop,(direct),(none),(direct) / (none),Direct,New,445,434,2,2,2,168.0,0.0044943820224719105,0.004608294930875576,84.0,0.3775280898876405
2021-01-25,desktop,(direct),(none),(direct) / (none),Direct,Returning,86,82,4,4,4,217.0,0.046511627906976744,0.04878048780487805,54.25,2.5232558139534884
2021-01-25,desktop,<Other>,organic,<Other> / organic,Organic Search,New,52,52,0,0,0,0.0,0.0,0.0,,0.0
2021-01-25,desktop,<Other>,organic,<Other> / organic,Organic Search,Returning,9,9,0,0,0,0.0,0.0,0.0,,0.0
2021-01-25,desktop,google,organic,google / organic,Organic Search,New,611,594,6,6,6,237.0,0.009819967266775777,0.010101010101010102,39.5,0.3878887070376432
2021-01-25,desktop,google,organic,google / organic,Organic Search,Returning,106,103,2,2,2,22.0,0.018867924528301886,0.019417475728155338,11.0,0.20754716981132076
2021-01-25,desktop,(data deleted),(data deleted),(data deleted) / (data deleted),Other,New,37,35,1,1,1,41.0,0.02702702702702703,0.02857142857142857,41.0,1.1081081081081081
2021-01-25,desktop,(data deleted),(data deleted),(data deleted) / (data deleted),Other,Returning,92,91,2,2,2,82.0,0.021739130434782608,0.02197802197802198,41.0,0.8913043478260869
2021-01-25,desktop,<Other>,(data deleted),<Other> / (data deleted),Other,Returning,2,2,0,0,0,0.0,0.0,0.0,,0.0
2021-01-25,desktop,<Other>,<Other>,<Other> / <Other>,Other,New,325,324,2,2,2,189.0,0.006153846153846154,0.006172839506172839,94.5,0.5815384615384616
2021-01-25,desktop,<Other>,<Other>,<Other> / <Other>,Other,Returning,26,26,1,1,1,76.0,0.038461538461538464,0.038461538461538464,76.0,2.923076923076923
2021-01-25,desktop,google,cpc,google / cpc,Paid Search,New,98,98,0,0,0,0.0,0.0,0.0,,0.0
2021-01-25,desktop,google,cpc,google / cpc,Paid Search,Returning,6,6,1,1,1,162.0,0.16666666666666666,0.16666666666666666,162.0,27.0
2021-01-25,desktop,<Other>,referral,<Other> / referral,Referral,New,152,150,3,3,3,204.0,0.019736842105263157,0.02,68.0,1.3421052631578947
2021-01-25,desktop,<Other>,referral,<Other> / referral,Referral,Returning,54,54,5,5,5,300.0,0.09259259259259259,0.09259259259259259,60.0,5.555555555555555
2021-01-25,desktop,shop.googlemerchandisestore.com,referral,shop.googlemerchandisestore.com / referral,Referral,New,117,116,1,1,1,22.0,0.008547008547008548,0.008620689655172414,22.0,0.18803418803418803
2021-01-25,desktop,shop.googlemerchandisestore.com,referral,shop.googlemerchandisestore.com / referral,Referral,Returning,69,68,3,3,6,439.0,0.043478260869565216,0.04411764705882353,73.16666666666667,6.36231884057971
2021-01-25,mobile,(direct),(none),(direct) / (none),Direct,New,288,285,3,3,3,40.0,0.010416666666666666,0.010526315789473684,13.333333333333334,0.1388888888888889
2021-01-25,mobile,(direct),(none),(direct) / (none),Direct,Returning,52,52,1,1,1,51.0,0.019230769230769232,0.019230769230769232,51.0,0.9807692307692307
2021-01-25,mobile,<Other>,organic,<Other> / organic,Organic Search,New,39,39,0,0,0,0.0,0.0,0.0,,0.0
2021-01-25,mobile,<Other>,organic,<Other> / organic,Organic Search,Returning,7,7,2,2,2,35.0,0.2857142857142857,0.2857142857142857,17.5,5.0
2021-01-25,mobile,google,organic,google / organic,Organic Search,New,443,439,0,0,0,0.0,0.0,0.0,,0.0
2021-01-25,mobile,google,organic,google / organic,Organic Search,Returning,75,73,6,6,6,327.0,0.08,0.0821917808219178,54.5,4.36
2021-01-25,mobile,(data deleted),(data deleted),(data deleted) / (data deleted),Other,New,23,22,0,0,0,0.0,0.0,0.0,,0.0
2021-01-25,mobile,(data deleted),(data deleted),(data deleted) / (data deleted),Other,Returning,69,63,2,2,2,118.0,0.028985507246376812,0.031746031746031744,59.0,1.710144927536232
2021-01-25,mobile,<Other>,<Other>,<Other> / <Other>,Other,New,203,202,2,2,2,78.0,0.009852216748768473,0.009900990099009901,39.0,0.3842364532019704
2021-01-25,mobile,<Other>,<Other>,<Other> / <Other>,Other,Returning,20,20,1,1,1,21.0,0.05,0.05,21.0,1.05
2021-01-25,mobile,google,cpc,google / cpc,Paid Search,New,62,62,2,2,2,69.0,0.03225806451612903,0.03225806451612903,34.5,1.1129032258064515
2021-01-25,mobile,google,cpc,google / cpc,Paid Search,Returning,3,3,1,1,1,0.0,0.3333333333333333,0.3333333333333333,0.0,0.0
2021-01-25,mobile,<Other>,referral,<Other> / referral,Referral,New,113,111,0,0,0,0.0,0.0,0.0,,0.0
2021-01-25,mobile,<Other>,referral,<Other> / referral,Referral,Returning,29,28,1,1,1,194.0,0.034482758620689655,0.03571428571428571,194.0,6.689655172413793
2021-01-25,mobile,shop.googlemerchandisestore.com,referral,shop.googlemerchandisestore.com / referral,Referral,New,67,67,0,0,0,0.0,0.0,0.0,,0.0
2021-01-25,mobile,shop.googlemerchandisestore.com,referral,shop.googlemerchandisestore.com / referral,Referral,Returning,50,50,2,2,2,129.0,0.04,0.04,64.5,2.58
2021-01-25,tablet,(direct),(none),(direct) / (none),Direct,New,21,21,1,1,1,111.0,0.047619047619047616,0.047619047619047616,111.0,5.285714285714286
2021-01-25,tablet,(direct),(none),(direct) / (none),Direct,Returning,2,2,1,1,1,21.0,0.5,0.5,21.0,10.5
2021-01-25,tablet,<Other>,organic,<Other> / organic,Organic Search,New,3,3,0,0,0,0.0,0.0,0.0,,0.0
2021-01-25,tablet,google,organic,google / organic,Organic Search,New,25,25,0,0,0,0.0,0.0,0.0,,0.0
2021-01-25,tablet,google,organic,google / organic,Organic Search,Returning,1,1,0,0,0,0.0,0.0,0.0,,0.0
2021-01-25,tablet,(data deleted),(data deleted),(data deleted) / (data deleted),Other,New,3,3,0,0,0,0.0,0.0,0.0,,0.0
2021-01-25,tablet,(data deleted),(data deleted),(data deleted) / (data deleted),Other,Returning,4,4,0,0,0,0.0,0.0,0.0,,0.0
2021-01-25,tablet,<Other>,<Other>,<Other> / <Other>,Other,New,11,11,0,0,0,0.0,0.0,0.0,,0.0
2021-01-25,tablet,<Other>,<Other>,<Other> / <Other>,Other,Returning,1,1,0,0,0,0.0,0.0,0.0,,0.0
2021-01-25,tablet,google,cpc,google / cpc,Paid Search,New,6,6,0,0,0,0.0,0.0,0.0,,0.0
2021-01-25,tablet,<Other>,referral,<Other> / referral,Referral,New,5,5,0,0,0,0.0,0.0,0.0,,0.0
2021-01-25,tablet,<Other>,referral,<Other> / referral,Referral,Returning,2,2,0,0,0,0.0,0.0,0.0,,0.0
2021-01-25,tablet,shop.googlemerchandisestore.com,referral,shop.googlemerchandisestore.com / referral,Referral,New,4,4,0,0,0,0.0,0.0,0.0,,0.0
2021-01-25,tablet,shop.googlemerchandisestore.com,referral,shop.googlemerchandisestore.com / referral,Referral,Returning,1,1,0,0,0,0.0,0.0,0.0,,0.0
2021-01-26,desktop,(direct),(none),(direct) / (none),Direct,New,455,440,3,3,3,0.0,0.006593406593406593,0.006818181818181818,0.0,0.0
2021-01-26,desktop,(direct),(none),(direct) / (none),Direct,Returning,86,83,3,3,3,21.0,0.03488372093023256,0.03614457831325301,7.0,0.2441860465116279
2021-01-26,desktop,<Other>,organic,<Other> / organic,Organic Search,New,59,58,0,0,0,0.0,0.0,0.0,,0.0
2021-01-26,desktop,<Other>,organic,<Other> / organic,Organic Search,Returning,11,11,1,1,1,0.0,0.09090909090909091,0.09090909090909091,0.0,0.0
2021-01-26,desktop,google,organic,google / organic,Organic Search,New,632,618,1,1,1,24.0,0.0015822784810126582,0.0016181229773462784,24.0,0.0379746835443038
2021-01-26,desktop,google,organic,google / organic,Organic Search,Returning,113,102,4,4,4,76.0,0.035398230088495575,0.0392156862745098,19.0,0.672566371681416
2021-01-26,desktop,(data deleted),(data deleted),(data deleted) / (data deleted),Other,New,53,49,1,1,2,0.0,0.018867924528301886,0.02040816326530612,0.0,0.0
2021-01-26,desktop,(data deleted),(data deleted),(data deleted) / (data deleted),Other,Returning,110,107,4,4,4,82.0,0.03636363636363636,0.037383177570093455,20.5,0.7454545454545455
2021-01-26,desktop,<Other>,(data deleted),<Other> / (data deleted),Other,New,1,1,0,0,0,0.0,0.0,0.0,,0.0
2021-01-26,desktop,<Other>,(data deleted),<Other> / (data deleted),Other,Returning,4,4,0,0,0,0.0,0.0,0.0,,0.0
2021-01-26,desktop,<Other>,<Other>,<Other> / <Other>,Other,New,333,331,0,0,0,0.0,0.0,0.0,,0.0
2021-01-26,desktop,<Other>,<Other>,<Other> / <Other>,Other,Returning,20,20,1,1,1,0.0,0.05,0.05,0.0,0.0
2021-01-26,desktop,google,cpc,google / cpc,Paid Search,New,93,92,0,0,0,0.0,0.0,0.0,,0.0
2021-01-26,desktop,google,cpc,google / cpc,Paid Search,Returning,8,8,0,0,0,0.0,0.0,0.0,,0.0
2021-01-26,desktop,<Other>,referral,<Other> / referral,Referral,New,181,178,0,0,0,0.0,0.0,0.0,,0.0
2021-01-26,desktop,<Other>,referral,<Other> / referral,Referral,Returning,50,49,1,1,1,119.0,0.02,0.02040816326530612,119.0,2.38
2021-01-26,desktop,shop.googlemerchandisestore.com,referral,shop.googlemerchandisestore.com / referral,Referral,New,111,110,1,1,2,0.0,0.009009009009009009,0.00909090909090909,0.0,0.0
2021-01-26,desktop,shop.googlemerchandisestore.com,referral,shop.googlemerchandisestore.com / referral,Referral,Returning,76,72,4,4,6,209.0,0.05263157894736842,0.05555555555555555,34.833333333333336,2.75
2021-01-26,mobile,(direct),(none),(direct) / (none),Direct,New,290,279,4,4,4,80.0,0.013793103448275862,0.014336917562724014,20.0,0.27586206896551724
2021-01-26,mobile,(direct),(none),(direct) / (none),Direct,Returning,54,53,3,3,3,165.0,0.05555555555555555,0.05660377358490566,55.0,3.0555555555555554
2021-01-26,mobile,<Other>,organic,<Other> / organic,Organic Search,New,39,39,1,1,1,0.0,0.02564102564102564,0.02564102564102564,0.0,0.0
2021-01-26,mobile,<Other>,organic,<Other> / organic,Organic Search,Returning,6,6,0,0,0,0.0,0.0,0.0,,0.0
2021-01-26,mobile,google,organic,google / organic,Organic Search,New,441,425,3,3,3,0.0,0.006802721088435374,0.007058823529411765,0.0,0.0
2021-01-26,mobile,google,organic,google / organic,Organic Search,Returning,74,70,3,3,3,242.0,0.04054054054054054,0.04285714285714286,80.66666666666667,3.27027027027027
2021-01-26,mobile,(data deleted),(data deleted),(data deleted) / (data deleted),Other,New,38,35,2,2,2,55.0,0.05263157894736842,0.05714285714285714,27.5,1.4473684210526316
2021-01-26,mobile,(data deleted),(data deleted),(data deleted) / (data deleted),Other,Returning,69,63,3,3,3,68.0,0.043478260869565216,0.047619047619047616,22.666666666666668,0.9855072463768116
2021-01-26,mobile,<Other>,<Other>,<Other> / <Other>,Other,New,214,213,0,0,0,0.0,0.0,0.0,,0.0
2021-01-26,mobile,<Other>,<Other>,<Other> / <Other>,Other,Returning,19,19,1,1,1,0.0,0.05263157894736842,0.05263157894736842,0.0,0.0
2021-01-26,mobile,google,cpc,google / cpc,Paid Search,New,80,79,1,1,1,26.0,0.0125,0.012658227848101266,26.0,0.325
2021-01-26,mobile,google,cpc,google / cpc,Paid Search,Returning,5,5,0,0,0,0.0,0.0,0.0,,0.0
2021-01-26,mobile,<Other>,referral,<Other> / referral,Referral,New,129,128,2,2,2,10.0,0.015503875968992248,0.015625,5.0,0.07751937984496124
2021-01-26,mobile,<Other>,referral,<Other> / referral,Referral,Returning,21,21,1,1,1,0.0,0.047619047619047616,0.047619047619047616,0.0,0.0
2021-01-26,mobile,shop.googlemerchandisestore.com,referral,shop.googlemerchandisestore.com / referral,Referral,New,85,84,1,1,1,0.0,0.011764705882352941,0.011904761904761904,0.0,0.0
2021-01-26,mobile,shop.googlemerchandisestore.com,referral,shop.googlemerchandisestore.com / referral,Referral,Returning,48,48,1,1,1,82.0,0.020833333333333332,0.020833333333333332,82.0,1.7083333333333333
2021-01-26,tablet,(direct),(none),(direct) / (none),Direct,New,14,14,0,0,0,0.0,0.0,0.0,,0.0
2021-01-26,tablet,(direct),(none),(direct) / (none),Direct,Returning,6,6,0,0,0,0.0,0.0,0.0,,0.0
2021-01-26,tablet,<Other>,organic,<Other> / organic,Organic Search,New,3,3,0,0,0,0.0,0.0,0.0,,0.0
2021-01-26,tablet,google,organic,google / organic,Organic Search,New,27,27,0,0,0,0.0,0.0,0.0,,0.0
2021-01-26,tablet,google,organic,google / organic,Organic Search,Returning,3,3,0,0,0,0.0,0.0,0.0,,0.0
2021-01-26,tablet,(data deleted),(data deleted),(data deleted) / (data deleted),Other,New,1,1,0,0,0,0.0,0.0,0.0,,0.0
2021-01-26,tablet,(data deleted),(data deleted),(data deleted) / (data deleted),Other,Returning,5,5,1,1,1,0.0,0.2,0.2,0.0,0.0
2021-01-26,tablet,<Other>,<Other>,<Other> / <Other>,Other,New,14,14,0,0,0,0.0,0.0,0.0,,0.0
2021-01-26,tablet,google,cpc,google / cpc,Paid Search,New,5,5,0,0,0,0.0,0.0,0.0,,0.0
2021-01-26,tablet,google,cpc,google / cpc,Paid Search,Returning,1,1,0,0,0,0.0,0.0,0.0,,0.0
2021-01-26,tablet,<Other>,referral,<Other> / referral,Referral,New,5,5,0,0,0,0.0,0.0,0.0,,0.0
2021-01-26,tablet,shop.googlemerchandisestore.com,referral,shop.googlemerchandisestore.com / referral,Referral,New,3,3,0,0,0,0.0,0.0,0.0,,0.0
2021-01-26,tablet,shop.googlemerchandisestore.com,referral,shop.googlemerchandisestore.com / referral,Referral,Returning,4,4,0,0,0,0.0,0.0,0.0,,0.0
2021-01-27,desktop,(direct),(none),(direct) / (none),Direct,New,492,479,5,5,5,86.0,0.01016260162601626,0.010438413361169102,17.2,0.17479674796747968
2021-01-27,desktop,(direct),(none),(direct) / (none),Direct,Returning,122,115,4,4,4,70.0,0.03278688524590164,0.034782608695652174,17.5,0.5737704918032787
2021-01-27,desktop,<Other>,organic,<Other> / organic,Organic Search,New,70,70,1,1,1,0.0,0.014285714285714285,0.014285714285714285,0.0,0.0
2021-01-27,desktop,<Other>,organic,<Other> / organic,Organic Search,Returning,6,6,0,0,0,0.0,0.0,0.0,,0.0
2021-01-27,desktop,google,organic,google / organic,Organic Search,New,714,694,3,3,3,16.0,0.004201680672268907,0.004322766570605188,5.333333333333333,0.022408963585434174
2021-01-27,desktop,google,organic,google / organic,Organic Search,Returning,125,117,0,0,0,0.0,0.0,0.0,,0.0
2021-01-27,desktop,(data deleted),(data deleted),(data deleted) / (data deleted),Other,New,90,86,0,0,0,0.0,0.0,0.0,,0.0
2021-01-27,desktop,(data deleted),(data deleted),(data deleted) / (data deleted),Other,Returning,129,122,2,2,2,0.0,0.015503875968992248,0.01639344262295082,0.0,0.0
2021-01-27,desktop,<Other>,(data deleted),<Other> / (data deleted),Other,New,4,4,0,0,0,0.0,0.0,0.0,,0.0
2021-01-27,desktop,<Other>,(data deleted),<Other> / (data deleted),Other,Returning,2,2,0,0,0,0.0,0.0,0.0,,0.0
2021-01-27,desktop,<Other>,<Other>,<Other> / <Other>,Other,New,334,332,1,1,2,16.0,0.0029940119760479044,0.0030120481927710845,8.0,0.04790419161676647
2021-01-27,desktop,<Other>,<Other>,<Other> / <Other>,Other,Returning,34,34,0,0,0,0.0,0.0,0.0,,0.0
2021-01-27,desktop,google,cpc,google / cpc,Paid Search,New,105,104,0,0,0,0.0,0.0,0.0,,0.0
2021-01-27,desktop,google,cpc,google / cpc,Paid Search,Returning,5,5,0,0,0,0.0,0.0,0.0,,0.0
2021-01-27,desktop,<Other>,referral,<Other> / referral,Referral,New,207,202,0,0,0,0.0,0.0,0.0,,0.0
2021-01-27,desktop,<Other>,referral,<Other> / referral,Referral,Returning,59,58,1,1,1,0.0,0.01694915254237288,0.017241379310344827,0.0,0.0
2021-01-27,desktop,shop.googlemerchandisestore.com,referral,shop.googlemerchandisestore.com / referral,Referral,New,133,132,0,0,0,0.0,0.0,0.0,,0.0
2021-01-27,desktop,shop.googlemerchandisestore.com,referral,shop.googlemerchandisestore.com / referral,Referral,Returning,88,81,1,1,1,0.0,0.011363636363636364,0.012345679012345678,0.0,0.0
2021-01-27,mobile,(direct),(none),(direct) / (none),Direct,New,316,306,2,2,2,0.0,0.006329113924050633,0.006535947712418301,0.0,0.0
2021-01-27,mobile,(direct),(none),(direct) / (none),Direct,Returning,68,64,3,3,3,19.0,0.04411764705882353,0.046875,6.333333333333333,0.27941176470588236
2021-01-27,mobile,<Other>,organic,<Other> / organic,Organic Search,New,52,52,1,1,2,17.0,0.019230769230769232,0.019230769230769232,8.5,0.3269230769230769
2021-01-27,mobile,<Other>,organic,<Other> / organic,Organic Search,Returning,6,6,0,0,0,0.0,0.0,0.0,,0.0
2021-01-27,mobile,google,organic,google / organic,Organic Search,New,471,459,1,1,1,168.0,0.0021231422505307855,0.002178649237472767,168.0,0.35668789808917195
2021-01-27,mobile,google,organic,google / organic,Organic Search,Returning,81,76,3,3,4,21.0,0.037037037037037035,0.039473684210526314,5.25,0.25925925925925924
2021-01-27,mobile,(data deleted),(data deleted),(data deleted) / (data deleted),Other,New,63,61,1,1,1,0.0,0.015873015873015872,0.01639344262295082,0.0,0.0
2021-01-27,mobile,(data deleted),(data deleted),(data deleted) / (data deleted),Other,Returning,62,59,3,3,4,0.0,0.04838709677419355,0.05084745762711865,0.0,0.0
2021-01-27,mobile,<Other>,(data deleted),<Other> / (data deleted),Other,New,1,1,0,0,0,0.0,0.0,0.0,,0.0
2021-01-27,mobile,<Other>,(data deleted),<Other> / (data deleted),Other,Returning,1,1,0,0,0,0.0,0.0,0.0,,0.0
2021-01-27,mobile,<Other>,<Other>,<Other> / <Other>,Other,New,231,229,2,2,2,29.0,0.008658008658008658,0.008733624454148471,14.5,0.12554112554112554
2021-01-27,mobile,<Other>,<Other>,<Other> / <Other>,Other,Returning,25,24,4,4,4,10.0,0.16,0.16666666666666666,2.5,0.4
2021-01-27,mobile,google,cpc,google / cpc,Paid Search,New,65,65,0,0,0,0.0,0.0,0.0,,0.0
2021-01-27,mobile,google,cpc,google / cpc,Paid Search,Returning,4,4,0,0,0,0.0,0.0,0.0,,0.0
2021-01-27,mobile,<Other>,referral,<Other> / referral,Referral,New,139,137,3,3,3,0.0,0.02158273381294964,0.021897810218978103,0.0,0.0
2021-01-27,mobile,<Other>,referral,<Other> / referral,Referral,Returning,41,38,3,3,3,0.0,0.07317073170731707,0.07894736842105263,0.0,0.0
2021-01-27,mobile,shop.googlemerchandisestore.com,referral,shop.googlemerchandisestore.com / referral,Referral,New,105,101,3,3,3,5.0,0.02857142857142857,0.0297029702970297,1.6666666666666667,0.047619047619047616
2021-01-27,mobile,shop.googlemerchandisestore.com,referral,shop.googlemerchandisestore.com / referral,Referral,Returning,54,50,2,2,2,0.0,0.037037037037037035,0.04,0.0,0.0
2021-01-27,tablet,(direct),(none),(direct) / (none),Direct,New,20,20,0,0,0,0.0,0.0,0.0,,0.0
2021-01-27,tablet,(direct),(none),(direct) / (none),Direct,Returning,2,2,0,0,0,0.0,0.0,0.0,,0.0
2021-01-27,tablet,<Other>,organic,<Other> / organic,Organic Search,New,2,2,0,0,0,0.0,0.0,0.0,,0.0
2021-01-27,tablet,google,organic,google / organic,Organic Search,New,37,36,0,0,0,0.0,0.0,0.0,,0.0
2021-01-27,tablet,google,organic,google / organic,Organic Search,Returning,4,4,0,0,0,0.0,0.0,0.0,,0.0
2021-01-27,tablet,(data deleted),(data deleted),(data deleted) / (data deleted),Other,New,4,4,0,0,0,0.0,0.0,0.0,,0.0
2021-01-27,tablet,(data deleted),(data deleted),(data deleted) / (data deleted),Other,Returning,3,3,0,0,0,0.0,0.0,0.0,,0.0
2021-01-27,tablet,<Other>,<Other>,<Other> / <Other>,Other,New,7,7,0,0,0,0.0,0.0,0.0,,0.0
2021-01-27,tablet,google,cpc,google / cpc,Paid Search,New,4,4,0,0,0,0.0,0.0,0.0,,0.0
2021-01-27,tablet,<Other>,referral,<Other> / referral,Referral,New,9,9,0,0,0,0.0,0.0,0.0,,0.0
2021-01-27,tablet,<Other>,referral,<Other> / referral,Referral,Returning,2,2,0,0,0,0.0,0.0,0.0,,0.0
2021-01-27,tablet,shop.googlemerchandisestore.com,referral,shop.googlemerchandisestore.com / referral,Referral,New,7,7,1,1,1,0.0,0.14285714285714285,0.14285714285714285,0.0,0.0
2021-01-27,tablet,shop.googlemerchandisestore.com,referral,shop.googlemerchandisestore.com / referral,Referral,Returning,1,1,0,0,0,0.0,0.0,0.0,,0.0
2021-01-28,desktop,(direct),(none),(direct) / (none),Direct,New,504,490,3,3,3,0.0,0.005952380952380952,0.006122448979591836,0.0,0.0
2021-01-28,desktop,(direct),(none),(direct) / (none),Direct,Returning,108,104,4,4,4,14.0,0.037037037037037035,0.038461538461538464,3.5,0.12962962962962962
2021-01-28,desktop,<Other>,organic,<Other> / organic,Organic Search,New,63,63,0,0,0,0.0,0.0,0.0,,0.0
2021-01-28,desktop,<Other>,organic,<Other> / organic,Organic Search,Returning,4,4,0,0,0,0.0,0.0,0.0,,0.0
2021-01-28,desktop,google,organic,google / organic,Organic Search,New,622,611,3,3,3,91.0,0.00482315112540193,0.004909983633387889,30.333333333333332,0.14630225080385853
2021-01-28,desktop,google,organic,google / organic,Organic Search,Returning,90,89,1,1,1,0.0,0.011111111111111112,0.011235955056179775,0.0,0.0
2021-01-28,desktop,(data deleted),(data deleted),(data deleted) / (data deleted),Other,New,59,59,1,1,1,0.0,0.01694915254237288,0.01694915254237288,0.0,0.0
2021-01-28,desktop,(data deleted),(data deleted),(data deleted) / (data deleted),Other,Returning,105,101,5,5,5,0.0,0.047619047619047616,0.04950495049504951,0.0,0.0
2021-01-28,desktop,<Other>,(data deleted),<Other> / (data deleted),Other,New,1,1,0,0,0,0.0,0.0,0.0,,0.0
2021-01-28,desktop,<Other>,(data deleted),<Other> / (data deleted),Other,Returning,2,2,0,0,0,0.0,0.0,0.0,,0.0
2021-01-28,desktop,<Other>,<Other>,<Other> / <Other>,Other,New,319,318,2,2,2,0.0,0.006269592476489028,0.006289308176100629,0.0,0.0
2021-01-28,desktop,<Other>,<Other>,<Other> / <Other>,Other,Returning,25,25,4,4,4,0.0,0.16,0.16,0.0,0.0
2021-01-28,desktop,google,cpc,google / cpc,Paid Search,New,94,94,0,0,0,0.0,0.0,0.0,,0.0
2021-01-28,desktop,google,cpc,google / cpc,Paid Search,Returning,3,3,1,1,1,0.0,0.3333333333333333,0.3333333333333333,0.0,0.0
2021-01-28,desktop,<Other>,referral,<Other> / referral,Referral,New,180,176,1,1,1,0.0,0.005555555555555556,0.005681818181818182,0.0,0.0
2021-01-28,desktop,<Other>,referral,<Other> / referral,Referral,Returning,65,61,1,1,1,0.0,0.015384615384615385,0.01639344262295082,0.0,0.0
2021-01-28,desktop,shop.googlemerchandisestore.com,referral,shop.googlemerchandisestore.com / referral,Referral,New,143,137,1,1,1,0.0,0.006993006993006993,0.0072992700729927005,0.0,0.0
2021-01-28,desktop,shop.googlemerchandisestore.com,referral,shop.googlemerchandisestore.com / referral,Referral,Returning,77,71,1,1,1,0.0,0.012987012987012988,0.014084507042253521,0.0,0.0
2021-01-28,mobile,(direct),(none),(direct) / (none),Direct,New,315,311,2,2,2,4.0,0.006349206349206349,0.006430868167202572,2.0,0.012698412698412698
2021-01-28,mobile,(direct),(none),(direct) / (none),Direct,Returning,78,73,4,4,4,0.0,0.05128205128205128,0.0547945205479452,0.0,0.0
2021-01-28,mobile,<Other>,organic,<Other> / organic,Organic Search,New,43,43,1,1,3,0.0,0.023255813953488372,0.023255813953488372,0.0,0.0
2021-01-28,mobile,<Other>,organic,<Other> / organic,Organic Search,Returning,6,6,0,0,0,0.0,0.0,0.0,,0.0
2021-01-28,mobile,google,organic,google / organic,Organic Search,New,431,425,2,2,2,0.0,0.004640371229698376,0.004705882352941176,0.0,0.0
2021-01-28,mobile,google,organic,google / organic,Organic Search,Returning,80,78,4,4,4,0.0,0.05,0.05128205128205128,0.0,0.0
2021-01-28,mobile,(data deleted),(data deleted),(data deleted) / (data deleted),Other,New,39,37,0,0,0,0.0,0.0,0.0,,0.0
2021-01-28,mobile,(data deleted),(data deleted),(data deleted) / (data deleted),Other,Returning,73,72,5,5,5,19.0,0.0684931506849315,0.06944444444444445,3.8,0.2602739726027397
2021-01-28,mobile,<Other>,(data deleted),<Other> / (data deleted),Other,New,1,1,0,0,0,0.0,0.0,0.0,,0.0
2021-01-28,mobile,<Other>,(data deleted),<Other> / (data deleted),Other,Returning,1,1,0,0,0,0.0,0.0,0.0,,0.0
2021-01-28,mobile,<Other>,<Other>,<Other> / <Other>,Other,New,223,221,0,0,0,0.0,0.0,0.0,,0.0
2021-01-28,mobile,<Other>,<Other>,<Other> / <Other>,Other,Returning,21,20,0,0,0,0.0,0.0,0.0,,0.0
2021-01-28,mobile,google,cpc,google / cpc,Paid Search,New,66,66,1,1,1,0.0,0.015151515151515152,0.015151515151515152,0.0,0.0
2021-01-28,mobile,google,cpc,google / cpc,Paid Search,Returning,7,7,0,0,0,0.0,0.0,0.0,,0.0
2021-01-28,mobile,<Other>,referral,<Other> / referral,Referral,New,130,126,1,1,1,0.0,0.007692307692307693,0.007936507936507936,0.0,0.0
2021-01-28,mobile,<Other>,referral,<Other> / referral,Referral,Returning,33,31,2,2,2,0.0,0.06060606060606061,0.06451612903225806,0.0,0.0
2021-01-28,mobile,shop.googlemerchandisestore.com,referral,shop.googlemerchandisestore.com / referral,Referral,New,89,89,1,1,1,0.0,0.011235955056179775,0.011235955056179775,0.0,0.0
2021-01-28,mobile,shop.googlemerchandisestore.com,referral,shop.googlemerchandisestore.com / referral,Referral,Returning,53,51,3,3,14,0.0,0.05660377358490566,0.058823529411764705,0.0,0.0
2021-01-28,tablet,(direct),(none),(direct) / (none),Direct,New,14,14,0,0,0,0.0,0.0,0.0,,0.0
2021-01-28,tablet,(direct),(none),(direct) / (none),Direct,Returning,2,2,1,1,1,0.0,0.5,0.5,0.0,0.0
2021-01-28,tablet,<Other>,organic,<Other> / organic,Organic Search,New,3,3,0,0,0,0.0,0.0,0.0,,0.0
2021-01-28,tablet,<Other>,organic,<Other> / organic,Organic Search,Returning,1,1,0,0,0,0.0,0.0,0.0,,0.0
2021-01-28,tablet,google,organic,google / organic,Organic Search,New,17,17,0,0,0,0.0,0.0,0.0,,0.0
2021-01-28,tablet,google,organic,google / organic,Organic Search,Returning,5,5,0,0,0,0.0,0.0,0.0,,0.0
2021-01-28,tablet,(data deleted),(data deleted),(data deleted) / (data deleted),Other,Returning,2,2,1,1,1,0.0,0.5,0.5,0.0,0.0
2021-01-28,tablet,<Other>,<Other>,<Other> / <Other>,Other,New,10,10,0,0,0,0.0,0.0,0.0,,0.0
2021-01-28,tablet,<Other>,<Other>,<Other> / <Other>,Other,Returning,1,1,0,0,0,0.0,0.0,0.0,,0.0
2021-01-28,tablet,google,cpc,google / cpc,Paid Search,New,2,2,0,0,0,0.0,0.0,0.0,,0.0
2021-01-28,tablet,<Other>,referral,<Other> / referral,Referral,New,6,6,0,0,0,0.0,0.0,0.0,,0.0
2021-01-28,tablet,<Other>,referral,<Other> / referral,Referral,Returning,1,1,0,0,0,0.0,0.0,0.0,,0.0
2021-01-28,tablet,shop.googlemerchandisestore.com,referral,shop.googlemerchandisestore.com / referral,Referral,New,6,6,0,0,0,0.0,0.0,0.0,,0.0
2021-01-28,tablet,shop.googlemerchandisestore.com,referral,shop.googlemerchandisestore.com / referral,Referral,Returning,5,5,0,0,0,0.0,0.0,0.0,,0.0
2021-01-29,desktop,(direct),(none),(direct) / (none),Direct,New,437,432,4,4,4,5.0,0.009153318077803204,0.009259259259259259,1.25,0.011441647597254004
2021-01-29,desktop,(direct),(none),(direct) / (none),Direct,Returning,91,83,5,5,5,0.0,0.054945054945054944,0.060240963855421686,0.0,0.0
2021-01-29,desktop,<Other>,organic,<Other> / organic,Organic Search,New,59,59,0,0,0,0.0,0.0,0.0,,0.0
2021-01-29,desktop,<Other>,organic,<Other> / organic,Organic Search,Returning,5,5,0,0,0,0.0,0.0,0.0,,0.0
2021-01-29,desktop,google,organic,google / organic,Organic Search,New,598,585,3,3,4,0.0,0.005016722408026756,0.005128205128205128,0.0,0.0
2021-01-29,desktop,google,organic,google / organic,Organic Search,Returning,99,94,3,3,3,0.0,0.030303030303030304,0.031914893617021274,0.0,0.0
2021-01-29,desktop,(data deleted),(data deleted),(data deleted) / (data deleted),Other,New,36,35,0,0,0,0.0,0.0,0.0,,0.0
2021-01-29,desktop,(data deleted),(data deleted),(data deleted) / (data deleted),Other,Returning,107,96,0,0,0,0.0,0.0,0.0,,0.0
2021-01-29,desktop,<Other>,(data deleted),<Other> / (data deleted),Other,Returning,2,2,0,0,0,0.0,0.0,0.0,,0.0
2021-01-29,desktop,<Other>,<Other>,<Other> / <Other>,Other,New,260,260,1,1,1,0.0,0.0038461538461538464,0.0038461538461538464,0.0,0.0
2021-01-29,desktop,<Other>,<Other>,<Other> / <Other>,Other,Returning,31,31,0,0,0,0.0,0.0,0.0,,0.0
2021-01-29,desktop,google,cpc,google / cpc,Paid Search,New,91,91,0,0,0,0.0,0.0,0.0,,0.0
2021-01-29,desktop,google,cpc,google / cpc,Paid Search,Returning,15,14,0,0,0,0.0,0.0,0.0,,0.0
2021-01-29,desktop,<Other>,referral,<Other> / referral,Referral,New,168,167,3,3,3,118.0,0.017857142857142856,0.017964071856287425,39.333333333333336,0.7023809523809523
2021-01-29,desktop,<Other>,referral,<Other> / referral,Referral,Returning,36,35,4,4,4,0.0,0.1111111111111111,0.11428571428571428,0.0,0.0
2021-01-29,desktop,shop.googlemerchandisestore.com,referral,shop.googlemerchandisestore.com / referral,Referral,New,114,112,2,2,2,0.0,0.017543859649122806,0.017857142857142856,0.0,0.0
2021-01-29,desktop,shop.googlemerchandisestore.com,referral,shop.googlemerchandisestore.com / referral,Referral,Returning,61,60,3,3,3,0.0,0.04918032786885246,0.05,0.0,0.0
2021-01-29,mobile,(direct),(none),(direct) / (none),Direct,New,285,272,2,2,2,0.0,0.007017543859649123,0.007352941176470588,0.0,0.0
2021-01-29,mobile,(direct),(none),(direct) / (none),Direct,Returning,61,58,4,4,4,0.0,0.06557377049180328,0.06896551724137931,0.0,0.0
2021-01-29,mobile,<Other>,organic,<Other> / organic,Organic Search,New,56,56,0,0,0,0.0,0.0,0.0,,0.0
2021-01-29,mobile,<Other>,organic,<Other> / organic,Organic Search,Returning,4,4,0,0,0,0.0,0.0,0.0,,0.0
2021-01-29,mobile,google,organic,google / organic,Organic Search,New,402,397,4,4,4,67.0,0.009950248756218905,0.010075566750629723,16.75,0.16666666666666666
2021-01-29,mobile,google,organic,google / organic,Organic Search,Returning,60,56,0,0,0,0.0,0.0,0.0,,0.0
2021-01-29,mobile,(data deleted),(data deleted),(data deleted) / (data deleted),Other,New,32,31,0,0,0,0.0,0.0,0.0,,0.0
2021-01-29,mobile,(data deleted),(data deleted),(data deleted) / (data deleted),Other,Returning,53,51,6,6,8,0.0,0.11320754716981132,0.11764705882352941,0.0,0.0
2021-01-29,mobile,<Other>,<Other>,<Other> / <Other>,Other,New,226,226,2,2,2,0.0,0.008849557522123894,0.008849557522123894,0.0,0.0
2021-01-29,mobile,<Other>,<Other>,<Other> / <Other>,Other,Returning,13,13,0,0,0,0.0,0.0,0.0,,0.0
2021-01-29,mobile,google,cpc,google / cpc,Paid Search,New,45,45,0,0,0,0.0,0.0,0.0,,0.0
2021-01-29,mobile,google,cpc,google / cpc,Paid Search,Returning,4,4,0,0,0,0.0,0.0,0.0,,0.0
2021-01-29,mobile,<Other>,referral,<Other> / referral,Referral,New,106,105,0,0,0,0.0,0.0,0.0,,0.0
2021-01-29,mobile,<Other>,referral,<Other> / referral,Referral,Returning,40,38,1,1,1,0.0,0.025,0.02631578947368421,0.0,0.0
2021-01-29,mobile,shop.googlemerchandisestore.com,referral,shop.googlemerchandisestore.com / referral,Referral,New,77,73,1,1,1,0.0,0.012987012987012988,0.0136986301369863,0.0,0.0
2021-01-29,mobile,shop.googlemerchandisestore.com,referral,shop.googlemerchandisestore.com / referral,Referral,Returning,37,36,0,0,0,0.0,0.0,0.0,,0.0
2021-01-29,tablet,(direct),(none),(direct) / (none),Direct,New,19,18,1,1,1,0.0,0.05263157894736842,0.05555555555555555,0.0,0.0
2021-01-29,tablet,(direct),(none),(direct) / (none),Direct,Returning,2,2,0,0,0,0.0,0.0,0.0,,0.0
2021-01-29,tablet,<Other>,organic,<Other> / organic,Organic Search,New,1,1,0,0,0,0.0,0.0,0.0,,0.0
2021-01-29,tablet,google,organic,google / organic,Organic Search,New,30,29,1,1,1,0.0,0.03333333333333333,0.034482758620689655,0.0,0.0
2021-01-29,tablet,google,organic,google / organic,Organic Search,Returning,5,5,0,0,0,0.0,0.0,0.0,,0.0
2021-01-29,tablet,(data deleted),(data deleted),(data deleted) / (data deleted),Other,New,1,1,0,0,0,0.0,0.0,0.0,,0.0
2021-01-29,tablet,(data deleted),(data deleted),(data deleted) / (data deleted),Other,Returning,6,6,0,0,0,0.0,0.0,0.0,,0.0
2021-01-29,tablet,<Other>,<Other>,<Other> / <Other>,Other,New,10,10,0,0,0,0.0,0.0,0.0,,0.0
2021-01-29,tablet,google,cpc,google / cpc,Paid Search,New,3,3,1,1,1,0.0,0.3333333333333333,0.3333333333333333,0.0,0.0
2021-01-29,tablet,<Other>,referral,<Other> / referral,Referral,New,5,5,0,0,0,0.0,0.0,0.0,,0.0
2021-01-29,tablet,<Other>,referral,<Other> / referral,Referral,Returning,2,2,0,0,0,0.0,0.0,0.0,,0.0
2021-01-29,tablet,shop.googlemerchandisestore.com,referral,shop.googlemerchandisestore.com / referral,Referral,New,2,2,0,0,0,0.0,0.0,0.0,,0.0
2021-01-29,tablet,shop.googlemerchandisestore.com,referral,shop.googlemerchandisestore.com / referral,Referral,Returning,2,2,0,0,0,0.0,0.0,0.0,,0.0
2021-01-30,desktop,(direct),(none),(direct) / (none),Direct,New,341,333,2,2,2,17.0,0.005865102639296188,0.006006006006006006,8.5,0.04985337243401759
2021-01-30,desktop,(direct),(none),(direct) / (none),Direct,Returning,56,53,4,4,4,0.0,0.07142857142857142,0.07547169811320754,0.0,0.0
2021-01-30,desktop,<Other>,organic,<Other> / organic,Organic Search,New,51,51,0,0,0,0.0,0.0,0.0,,0.0
2021-01-30,desktop,<Other>,organic,<Other> / organic,Organic Search,Returning,4,4,0,0,0,0.0,0.0,0.0,,0.0
2021-01-30,desktop,google,organic,google / organic,Organic Search,New,435,428,2,2,2,0.0,0.004597701149425287,0.004672897196261682,0.0,0.0
2021-01-30,desktop,google,organic,google / organic,Organic Search,Returning,60,58,3,3,5,0.0,0.05,0.05172413793103448,0.0,0.0
2021-01-30,desktop,(data deleted),(data deleted),(data deleted) / (data deleted),Other,New,43,42,0,0,0,0.0,0.0,0.0,,0.0
2021-01-30,desktop,(data deleted),(data deleted),(data deleted) / (data deleted),Other,Returning,60,58,3,3,3,0.0,0.05,0.05172413793103448,0.0,0.0
2021-01-30,desktop,<Other>,(data deleted),<Other> / (data deleted),Other,New,2,2,0,0,0,0.0,0.0,0.0,,0.0
2021-01-30,desktop,<Other>,<Other>,<Other> / <Other>,Other,New,225,224,0,0,0,0.0,0.0,0.0,,0.0
2021-01-30,desktop,<Other>,<Other>,<Other> / <Other>,Other,Returning,18,18,0,0,0,0.0,0.0,0.0,,0.0
2021-01-30,desktop,google,cpc,google / cpc,Paid Search,New,75,75,0,0,0,0.0,0.0,0.0,,0.0
2021-01-30,desktop,google,cpc,google / cpc,Paid Search,Returning,5,5,0,0,0,0.0,0.0,0.0,,0.0
2021-01-30,desktop,<Other>,referral,<Other> / referral,Referral,New,145,145,0,0,0,0.0,0.0,0.0,,0.0
2021-01-30,desktop,<Other>,referral,<Other> / referral,Referral,Returning,23,23,1,1,1,16.0,0.043478260869565216,0.043478260869565216,16.0,0.6956521739130435
2021-01-30,desktop,shop.googlemerchandisestore.com,referral,shop.googlemerchandisestore.com / referral,Referral,New,100,99,0,0,0,0.0,0.0,0.0,,0.0
2021-01-30,desktop,shop.googlemerchandisestore.com,referral,shop.googlemerchandisestore.com / referral,Referral,Returning,36,35,2,2,2,0.0,0.05555555555555555,0.05714285714285714,0.0,0.0
2021-01-30,mobile,(direct),(none),(direct) / (none),Direct,New,228,222,1,1,1,0.0,0.0043859649122807015,0.0045045045045045045,0.0,0.0
2021-01-30,mobile,(direct),(none),(direct) / (none),Direct,Returning,49,44,1,1,1,28.0,0.02040816326530612,0.022727272727272728,28.0,0.5714285714285714
2021-01-30,mobile,<Other>,organic,<Other> / organic,Organic Search,New,36,35,0,0,0,0.0,0.0,0.0,,0.0
2021-01-30,mobile,<Other>,organic,<Other> / organic,Organic Search,Returning,2,2,0,0,0,0.0,0.0,0.0,,0.0
2021-01-30,mobile,google,organic,google / organic,Organic Search,New,314,308,1,1,1,0.0,0.0031847133757961785,0.003246753246753247,0.0,0.0
2021-01-30,mobile,google,organic,google / organic,Organic Search,Returning,47,45,1,1,1,0.0,0.02127659574468085,0.022222222222222223,0.0,0.0
2021-01-30,mobile,(data deleted),(data deleted),(data deleted) / (data deleted),Other,New,29,27,0,0,0,0.0,0.0,0.0,,0.0
2021-01-30,mobile,(data deleted),(data deleted),(data deleted) / (data deleted),Other,Returning,37,36,1,1,1,0.0,0.02702702702702703,0.027777777777777776,0.0,0.0
2021-01-30,mobile,<Other>,(data deleted),<Other> / (data deleted),Other,New,1,1,0,0,0,0.0,0.0,0.0,,0.0
2021-01-30,mobile,<Other>,<Other>,<Other> / <Other>,Other,New,154,154,1,1,2,70.0,0.006493506493506494,0.006493506493506494,35.0,0.45454545454545453
2021-01-30,mobile,<Other>,<Other>,<Other> / <Other>,Other,Returning,7,7,0,0,0,0.0,0.0,0.0,,0.0
2021-01-30,mobile,google,cpc,google / cpc,Paid Search,New,44,44,0,0,0,0.0,0.0,0.0,,0.0
2021-01-30,mobile,google,cpc,google / cpc,Paid Search,Returning,4,4,0,0,0,0.0,0.0,0.0,,0.0
2021-01-30,mobile,<Other>,referral,<Other> / referral,Referral,New,92,92,1,1,1,28.0,0.010869565217391304,0.010869565217391304,28.0,0.30434782608695654
2021-01-30,mobile,<Other>,referral,<Other> / referral,Referral,Returning,24,23,0,0,0,0.0,0.0,0.0,,0.0
2021-01-30,mobile,shop.googlemerchandisestore.com,referral,shop.googlemerchandisestore.com / referral,Referral,New,65,64,2,2,2,0.0,0.03076923076923077,0.03125,0.0,0.0
2021-01-30,mobile,shop.googlemerchandisestore.com,referral,shop.googlemerchandisestore.com / referral,Referral,Returning,27,27,2,2,2,0.0,0.07407407407407407,0.07407407407407407,0.0,0.0
2021-01-30,tablet,(direct),(none),(direct) / (none),Direct,New,15,14,0,0,0,0.0,0.0,0.0,,0.0
2021-01-30,tablet,(direct),(none),(direct) / (none),Direct,Returning,2,2,0,0,0,0.0,0.0,0.0,,0.0
2021-01-30,tablet,<Other>,organic,<Other> / organic,Organic Search,New,2,2,0,0,0,0.0,0.0,0.0,,0.0
2021-01-30,tablet,<Other>,organic,<Other> / organic,Organic Search,Returning,1,1,0,0,0,0.0,0.0,0.0,,0.0
2021-01-30,tablet,google,organic,google / organic,Organic Search,New,21,20,0,0,0,0.0,0.0,0.0,,0.0
2021-01-30,tablet,google,organic,google / organic,Organic Search,Returning,5,5,0,0,0,0.0,0.0,0.0,,0.0
2021-01-30,tablet,(data deleted),(data deleted),(data deleted) / (data deleted),Other,New,2,2,0,0,0,0.0,0.0,0.0,,0.0
2021-01-30,tablet,(data deleted),(data deleted),(data deleted) / (data deleted),Other,Returning,2,2,0,0,0,0.0,0.0,0.0,,0.0
2021-01-30,tablet,<Other>,<Other>,<Other> / <Other>,Other,New,12,12,0,0,0,0.0,0.0,0.0,,0.0
2021-01-30,tablet,google,cpc,google / cpc,Paid Search,New,1,1,0,0,0,0.0,0.0,0.0,,0.0
2021-01-30,tablet,<Other>,referral,<Other> / referral,Referral,New,4,4,0,0,0,0.0,0.0,0.0,,0.0
2021-01-30,tablet,<Other>,referral,<Other> / referral,Referral,Returning,1,1,0,0,0,0.0,0.0,0.0,,0.0
2021-01-30,tablet,shop.googlemerchandisestore.com,referral,shop.googlemerchandisestore.com / referral,Referral,New,1,1,0,0,0,0.0,0.0,0.0,,0.0
2021-01-31,desktop,(direct),(none),(direct) / (none),Direct,New,308,300,2,2,2,0.0,0.006493506493506494,0.006666666666666667,0.0,0.0
2021-01-31,desktop,(direct),(none),(direct) / (none),Direct,Returning,63,60,5,5,5,0.0,0.07936507936507936,0.08333333333333333,0.0,0.0
2021-01-31,desktop,<Other>,organic,<Other> / organic,Organic Search,New,29,29,0,0,0,0.0,0.0,0.0,,0.0
2021-01-31,desktop,<Other>,organic,<Other> / organic,Organic Search,Returning,4,4,0,0,0,0.0,0.0,0.0,,0.0
2021-01-31,desktop,google,organic,google / organic,Organic Search,New,479,474,0,0,0,0.0,0.0,0.0,,0.0
2021-01-31,desktop,google,organic,google / organic,Organic Search,Returning,46,44,2,2,2,0.0,0.043478260869565216,0.045454545454545456,0.0,0.0
2021-01-31,desktop,(data deleted),(data deleted),(data deleted) / (data deleted),Other,New,35,35,1,1,1,0.0,0.02857142857142857,0.02857142857142857,0.0,0.0
2021-01-31,desktop,(data deleted),(data deleted),(data deleted) / (data deleted),Other,Returning,59,56,0,0,0,0.0,0.0,0.0,,0.0
2021-01-31,desktop,<Other>,(data deleted),<Other> / (data deleted),Other,New,1,1,0,0,0,0.0,0.0,0.0,,0.0
2021-01-31,desktop,<Other>,<Other>,<Other> / <Other>,Other,New,227,226,1,1,1,0.0,0.004405286343612335,0.004424778761061947,0.0,0.0
2021-01-31,desktop,<Other>,<Other>,<Other> / <Other>,Other,Returning,17,17,0,0,0,0.0,0.0,0.0,,0.0
2021-01-31,desktop,google,cpc,google / cpc,Paid Search,New,86,86,0,0,0,0.0,0.0,0.0,,0.0
2021-01-31,desktop,google,cpc,google / cpc,Paid Search,Returning,5,5,0,0,0,0.0,0.0,0.0,,0.0
2021-01-31,desktop,<Other>,referral,<Other> / referral,Referral,New,128,126,0,0,0,0.0,0.0,0.0,,0.0
2021-01-31,desktop,<Other>,referral,<Other> / referral,Referral,Returning,21,20,0,0,0,0.0,0.0,0.0,,0.0
2021-01-31,desktop,shop.googlemerchandisestore.com,referral,shop.googlemerchandisestore.com / referral,Referral,New,79,76,0,0,0,0.0,0.0,0.0,,0.0
2021-01-31,desktop,shop.googlemerchandisestore.com,referral,shop.googlemerchandisestore.com / referral,Referral,Returning,42,41,0,0,0,0.0,0.0,0.0,,0.0
2021-01-31,mobile,(direct),(none),(direct) / (none),Direct,New,234,223,0,0,0,0.0,0.0,0.0,,0.0
2021-01-31,mobile,(direct),(none),(direct) / (none),Direct,Returning,30,29,0,0,0,0.0,0.0,0.0,,0.0
2021-01-31,mobile,<Other>,organic,<Other> / organic,Organic Search,New,33,33,0,0,0,0.0,0.0,0.0,,0.0
2021-01-31,mobile,google,organic,google / organic,Organic Search,New,319,316,2,2,3,0.0,0.006269592476489028,0.006329113924050633,0.0,0.0
2021-01-31,mobile,google,organic,google / organic,Organic Search,Returning,39,36,0,0,0,0.0,0.0,0.0,,0.0
2021-01-31,mobile,(data deleted),(data deleted),(data deleted) / (data deleted),Other,New,22,21,0,0,0,0.0,0.0,0.0,,0.0
2021-01-31,mobile,(data deleted),(data deleted),(data deleted) / (data deleted),Other,Returning,46,44,1,1,1,0.0,0.021739130434782608,0.022727272727272728,0.0,0.0
2021-01-31,mobile,<Other>,(data deleted),<Other> / (data deleted),Other,Returning,2,2,0,0,0,0.0,0.0,0.0,,0.0
2021-01-31,mobile,<Other>,<Other>,<Other> / <Other>,Other,New,145,144,2,2,2,0.0,0.013793103448275862,0.013888888888888888,0.0,0.0
2021-01-31,mobile,<Other>,<Other>,<Other> / <Other>,Other,Returning,9,9,0,0,0,0.0,0.0,0.0,,0.0
2021-01-31,mobile,google,cpc,google / cpc,Paid Search,New,56,56,0,0,0,0.0,0.0,0.0,,0.0
2021-01-31,mobile,google,cpc,google / cpc,Paid Search,Returning,3,3,0,0,0,0.0,0.0,0.0,,0.0
2021-01-31,mobile,<Other>,referral,<Other> / referral,Referral,New,93,92,0,0,0,0.0,0.0,0.0,,0.0
2021-01-31,mobile,<Other>,referral,<Other> / referral,Referral,Returning,13,13,0,0,0,0.0,0.0,0.0,,0.0
2021-01-31,mobile,shop.googlemerchandisestore.com,referral,shop.googlemerchandisestore.com / referral,Referral,New,77,74,0,0,0,0.0,0.0,0.0,,0.0
2021-01-31,mobile,shop.googlemerchandisestore.com,referral,shop.googlemerchandisestore.com / referral,Referral,Returning,25,25,1,1,1,0.0,0.04,0.04,0.0,0.0
2021-01-31,tablet,(direct),(none),(direct) / (none),Direct,New,11,11,0,0,0,0.0,0.0,0.0,,0.0
2021-01-31,tablet,(direct),(none),(direct) / (none),Direct,Returning,2,2,0,0,0,0.0,0.0,0.0,,0.0
2021-01-31,tablet,<Other>,organic,<Other> / organic,Organic Search,New,1,1,0,0,0,0.0,0.0,0.0,,0.0
2021-01-31,tablet,google,organic,google / organic,Organic Search,New,23,23,0,0,0,0.0,0.0,0.0,,0.0
2021-01-31,tablet,google,organic,google / organic,Organic Search,Returning,4,3,0,0,0,0.0,0.0,0.0,,0.0
2021-01-31,tablet,(data deleted),(data deleted),(data deleted) / (data deleted),Other,New,2,2,0,0,0,0.0,0.0,0.0,,0.0
2021-01-31,tablet,<Other>,<Other>,<Other> / <Other>,Other,New,10,9,1,1,1,0.0,0.1,0.1111111111111111,0.0,0.0
2021-01-31,tablet,google,cpc,google / cpc,Paid Search,New,4,4,0,0,0,0.0,0.0,0.0,,0.0
2021-01-31,tablet,<Other>,referral,<Other> / referral,Referral,New,10,10,0,0,0,0.0,0.0,0.0,,0.0
2021-01-31,tablet,shop.googlemerchandisestore.com,referral,shop.googlemerchandisestore.com / referral,Referral,New,6,6,0,0,0,0.0,0.0,0.0,,0.0
2021-01-31,tablet,shop.googlemerchandisestore.com,referral,shop.googlemerchandisestore.com / referral,Referral,Returning,1,1,0,0,0,0.0,0.0,0.0,,0.0
