date,device_category,source,medium,source_medium,channel_group,sessions,view_item_sessions,add_to_cart_sessions,checkout_sessions,purchase_sessions,session_to_view_rate,view_to_cart_rate,cart_to_checkout_rate,checkout_to_purchase_rate,session_to_purchase_rate
2020-11-01,desktop,(direct),(none),(direct) / (none),Direct,347,69,0,12,2,0.1988472622478386,0.0,,0.16666666666666666,0.005763688760806916
2020-11-01,desktop,<Other>,organic,<Other> / organic,Organic Search,50,13,0,2,0,0.26,0.0,,0.0,0.0
2020-11-01,desktop,google,organic,google / organic,Organic Search,496,96,0,14,2,0.1935483870967742,0.0,,0.14285714285714285,0.004032258064516129
2020-11-01,desktop,(data deleted),(data deleted),(data deleted) / (data deleted),Other,75,16,0,5,1,0.21333333333333335,0.0,,0.2,0.013333333333333334
2020-11-01,desktop,<Other>,(data deleted),<Other> / (data deleted),Other,1,1,0,0,0,1.0,0.0,,,0.0
2020-11-01,desktop,<Other>,<Other>,<Other> / <Other>,Other,201,29,0,5,0,0.14427860696517414,0.0,,0.0,0.0
2020-11-01,desktop,google,cpc,google / cpc,Paid Search,68,12,0,2,0,0.17647058823529413,0.0,,0.0,0.0
2020-11-01,desktop,<Other>,referral,<Other> / referral,Referral,164,32,0,6,2,0.1951219512195122,0.0,,0.3333333333333333,0.012195121951219513
2020-11-01,desktop,shop.googlemerchandisestore.com,referral,shop.googlemerchandisestore.com / referral,Referral,126,35,0,12,2,0.2777777777777778,0.0,,0.16666666666666666,0.015873015873015872
2020-11-01,mobile,(direct),(none),(direct) / (none),Direct,265,62,0,11,3,0.2339622641509434,0.0,,0.2727272727272727,0.011320754716981131
2020-11-01,mobile,<Other>,organic,<Other> / organic,Organic Search,34,6,0,1,0,0.17647058823529413,0.0,,0.0,0.0
2020-11-01,mobile,google,organic,google / organic,Organic Search,323,71,0,8,0,0.21981424148606812,0.0,,0.0,0.0
2020-11-01,mobile,(data deleted),(data deleted),(data deleted) / (data deleted),Other,52,11,0,1,0,0.21153846153846154,0.0,,0.0,0.0
2020-11-01,mobile,<Other>,(data deleted),<Other> / (data deleted),Other,2,1,0,0,0,0.5,0.0,,,0.0
2020-11-01,mobile,<Other>,<Other>,<Other> / <Other>,Other,157,36,0,8,1,0.22929936305732485,0.0,,0.125,0.006369426751592357
2020-11-01,mobile,google,cpc,google / cpc,Paid Search,38,8,0,2,0,0.21052631578947367,0.0,,0.0,0.0
2020-11-01,mobile,<Other>,referral,<Other> / referral,Referral,90,13,0,2,0,0.14444444444444443,0.0,,0.0,0.0
2020-11-01,mobile,shop.googlemerchandisestore.com,referral,shop.googlemerchandisestore.com / referral,Referral,86,14,1,4,0,0.16279069767441862,0.07142857142857142,4.0,0.0,0.0
2020-11-01,tablet,(direct),(none),(direct) / (none),Direct,6,1,0,0,0,0.16666666666666666,0.0,,,0.0
2020-11-01,tablet,<Other>,organic,<Other> / organic,Organic Search,5,3,0,0,0,0.6,0.0,,,0.0
2020-11-01,tablet,google,organic,google / organic,Organic Search,10,3,0,0,0,0.3,0.0,,,0.0
2020-11-01,tablet,(data deleted),(data deleted),(data deleted) / (data deleted),Other,2,1,0,0,0,0.5,0.0,,,0.0
2020-11-01,tablet,<Other>,<Other>,<Other> / <Other>,Other,13,0,0,0,0,0.0,,,,0.0
2020-11-01,tablet,google,cpc,google / cpc,Paid Search,2,1,0,0,0,0.5,0.0,,,0.0
2020-11-01,tablet,<Other>,referral,<Other> / referral,Referral,6,2,0,0,0,0.3333333333333333,0.0,,,0.0
2020-11-01,tablet,shop.googlemerchandisestore.com,referral,shop.googlemerchandisestore.com / referral,Referral,6,1,0,0,0,0.16666666666666666,0.0,,,0.0
2020-11-02,desktop,(direct),(none),(direct) / (none),Direct,482,112,0,12,4,0.23236514522821577,0.0,,0.3333333333333333,0.008298755186721992
2020-11-02,desktop,<Other>,organic,<Other> / organic,Organic Search,62,10,0,3,1,0.16129032258064516,0.0,,0.3333333333333333,0.016129032258064516
2020-11-02,desktop,google,organic,google / organic,Organic Search,619,145,0,32,6,0.23424878836833601,0.0,,0.1875,0.009693053311793215
2020-11-02,desktop,(data deleted),(data deleted),(data deleted) / (data deleted),Other,153,33,0,9,5,0.21568627450980393,0.0,,0.5555555555555556,0.032679738562091505
2020-11-02,desktop,<Other>,(data deleted),<Other> / (data deleted),Other,5,2,0,0,0,0.4,0.0,,,0.0
2020-11-02,desktop,<Other>,<Other>,<Other> / <Other>,Other,326,62,0,10,2,0.1901840490797546,0.0,,0.2,0.006134969325153374
2020-11-02,desktop,google,cpc,google / cpc,Paid Search,93,23,0,1,1,0.24731182795698925,0.0,,1.0,0.010752688172043012
2020-11-02,desktop,<Other>,referral,<Other> / referral,Referral,224,46,0,7,2,0.20535714285714285,0.0,,0.2857142857142857,0.008928571428571428
2020-11-02,desktop,shop.googlemerchandisestore.com,referral,shop.googlemerchandisestore.com / referral,Referral,195,48,0,8,3,0.24615384615384617,0.0,,0.375,0.015384615384615385
2020-11-02,mobile,(direct),(none),(direct) / (none),Direct,338,76,0,7,3,0.22485207100591717,0.0,,0.42857142857142855,0.008875739644970414
2020-11-02,mobile,<Other>,organic,<Other> / organic,Organic Search,48,7,0,0,0,0.14583333333333334,0.0,,,0.0
2020-11-02,mobile,google,organic,google / organic,Organic Search,462,97,0,18,3,0.20995670995670995,0.0,,0.16666666666666666,0.006493506493506494
2020-11-02,mobile,(data deleted),(data deleted),(data deleted) / (data deleted),Other,116,23,0,6,2,0.19827586206896552,0.0,,0.3333333333333333,0.017241379310344827
2020-11-02,mobile,<Other>,(data deleted),<Other> / (data deleted),Other,2,0,0,0,0,0.0,,,,0.0
2020-11-02,mobile,<Other>,<Other>,<Other> / <Other>,Other,194,38,0,2,0,0.1958762886597938,0.0,,0.0,0.0
2020-11-02,mobile,google,cpc,google / cpc,Paid Search,77,19,0,4,1,0.24675324675324675,0.0,,0.25,0.012987012987012988
2020-11-02,mobile,<Other>,referral,<Other> / referral,Referral,136,32,0,4,2,0.23529411764705882,0.0,,0.5,0.014705882352941176
2020-11-02,mobile,shop.googlemerchandisestore.com,referral,shop.googlemerchandisestore.com / referral,Referral,127,25,0,5,4,0.1968503937007874,0.0,,0.8,0.031496062992125984
2020-11-02,tablet,(direct),(none),(direct) / (none),Direct,12,3,0,0,0,0.25,0.0,,,0.0
2020-11-02,tablet,<Other>,organic,<Other> / organic,Organic Search,2,1,0,0,0,0.5,0.0,,,0.0
2020-11-02,tablet,google,organic,google / organic,Organic Search,26,6,0,0,0,0.23076923076923078,0.0,,,0.0
2020-11-02,tablet,(data deleted),(data deleted),(data deleted) / (data deleted),Other,5,0,0,0,0,0.0,,,,0.0
2020-11-02,tablet,<Other>,<Other>,<Other> / <Other>,Other,11,4,0,1,1,0.36363636363636365,0.0,,1.0,0.09090909090909091
2020-11-02,tablet,google,cpc,google / cpc,Paid Search,6,3,0,1,0,0.5,0.0,,0.0,0.0
2020-11-02,tablet,<Other>,referral,<Other> / referral,Referral,4,1,0,0,0,0.25,0.0,,,0.0
2020-11-02,tablet,shop.googlemerchandisestore.com,referral,shop.googlemerchandisestore.com / referral,Referral,6,3,0,0,0,0.5,0.0,,,0.0
2020-11-03,desktop,(direct),(none),(direct) / (none),Direct,729,115,0,19,6,0.15775034293552812,0.0,,0.3157894736842105,0.00823045267489712
2020-11-03,desktop,<Other>,organic,<Other> / organic,Organic Search,71,11,0,1,0,0.15492957746478872,0.0,,0.0,0.0
2020-11-03,desktop,google,organic,google / organic,Organic Search,1000,194,0,22,5,0.194,0.0,,0.22727272727272727,0.005
2020-11-03,desktop,(data deleted),(data deleted),(data deleted) / (data deleted),Other,186,40,0,7,6,0.21505376344086022,0.0,,0.8571428571428571,0.03225806451612903
2020-11-03,desktop,<Other>,(data deleted),<Other> / (data deleted),Other,4,0,0,0,0,0.0,,,,0.0
2020-11-03,desktop,<Other>,<Other>,<Other> / <Other>,Other,447,88,0,8,4,0.19686800894854586,0.0,,0.5,0.008948545861297539
2020-11-03,desktop,google,cpc,google / cpc,Paid Search,133,28,0,8,1,0.21052631578947367,0.0,,0.125,0.007518796992481203
2020-11-03,desktop,<Other>,referral,<Other> / referral,Referral,295,63,0,7,3,0.2135593220338983,0.0,,0.42857142857142855,0.010169491525423728
2020-11-03,desktop,shop.googlemerchandisestore.com,referral,shop.googlemerchandisestore.com / referral,Referral,234,49,0,9,3,0.2094017094017094,0.0,,0.3333333333333333,0.01282051282051282
2020-11-03,mobile,(direct),(none),(direct) / (none),Direct,497,87,0,15,6,0.1750503018108652,0.0,,0.4,0.012072434607645875
2020-11-03,mobile,<Other>,organic,<Other> / organic,Organic Search,60,6,0,1,1,0.1,0.0,,1.0,0.016666666666666666
2020-11-03,mobile,google,organic,google / organic,Organic Search,671,136,0,22,2,0.20268256333830104,0.0,,0.09090909090909091,0.0029806259314456036
2020-11-03,mobile,(data deleted),(data deleted),(data deleted) / (data deleted),Other,154,44,0,7,5,0.2857142857142857,0.0,,0.7142857142857143,0.032467532467532464
2020-11-03,mobile,<Other>,(data deleted),<Other> / (data deleted),Other,6,0,0,0,0,0.0,,,,0.0
2020-11-03,mobile,<Other>,<Other>,<Other> / <Other>,Other,278,46,0,6,1,0.16546762589928057,0.0,,0.16666666666666666,0.0035971223021582736
2020-11-03,mobile,google,cpc,google / cpc,Paid Search,101,16,0,0,0,0.15841584158415842,0.0,,,0.0
2020-11-03,mobile,<Other>,referral,<Other> / referral,Referral,213,35,0,4,2,0.1643192488262911,0.0,,0.5,0.009389671361502348
2020-11-03,mobile,shop.googlemerchandisestore.com,referral,shop.googlemerchandisestore.com / referral,Referral,167,28,0,2,1,0.16766467065868262,0.0,,0.5,0.005988023952095809
2020-11-03,tablet,(direct),(none),(direct) / (none),Direct,25,4,0,1,0,0.16,0.0,,0.0,0.0
2020-11-03,tablet,<Other>,organic,<Other> / organic,Organic Search,6,0,0,0,0,0.0,,,,0.0
2020-11-03,tablet,google,organic,google / organic,Organic Search,32,6,0,1,0,0.1875,0.0,,0.0,0.0
2020-11-03,tablet,(data deleted),(data deleted),(data deleted) / (data deleted),Other,3,0,0,0,0,0.0,,,,0.0
2020-11-03,tablet,<Other>,<Other>,<Other> / <Other>,Other,20,3,0,0,0,0.15,0.0,,,0.0
2020-11-03,tablet,google,cpc,google / cpc,Paid Search,4,0,0,0,0,0.0,,,,0.0
2020-11-03,tablet,<Other>,referral,<Other> / referral,Referral,9,1,0,0,0,0.1111111111111111,0.0,,,0.0
2020-11-03,tablet,shop.googlemerchandisestore.com,referral,shop.googlemerchandisestore.com / referral,Referral,11,7,0,1,0,0.6363636363636364,0.0,,0.0,0.0
2020-11-04,desktop,(direct),(none),(direct) / (none),Direct,588,116,0,15,4,0.19727891156462585,0.0,,0.26666666666666666,0.006802721088435374
2020-11-04,desktop,<Other>,organic,<Other> / organic,Organic Search,59,10,0,1,0,0.1694915254237288,0.0,,0.0,0.0
2020-11-04,desktop,google,organic,google / organic,Organic Search,760,145,0,20,5,0.19078947368421054,0.0,,0.25,0.006578947368421052
2020-11-04,desktop,(data deleted),(data deleted),(data deleted) / (data deleted),Other,179,43,0,9,4,0.24022346368715083,0.0,,0.4444444444444444,0.0223463687150838
2020-11-04,desktop,<Other>,(data deleted),<Other> / (data deleted),Other,5,1,0,0,0,0.2,0.0,,,0.0
2020-11-04,desktop,<Other>,<Other>,<Other> / <Other>,Other,397,90,0,17,2,0.22670025188916876,0.0,,0.11764705882352941,0.005037783375314861
2020-11-04,desktop,google,cpc,google / cpc,Paid Search,99,22,0,5,1,0.2222222222222222,0.0,,0.2,0.010101010101010102
2020-11-04,desktop,(data deleted),referral,(data deleted) / referral,Referral,1,0,0,0,0,0.0,,,,0.0
2020-11-04,desktop,<Other>,referral,<Other> / referral,Referral,232,38,0,6,2,0.16379310344827586,0.0,,0.3333333333333333,0.008620689655172414
2020-11-04,desktop,shop.googlemerchandisestore.com,referral,shop.googlemerchandisestore.com / referral,Referral,214,35,0,5,2,0.16355140186915887,0.0,,0.4,0.009345794392523364
2020-11-04,mobile,(direct),(none),(direct) / (none),Direct,362,79,0,8,1,0.21823204419889503,0.0,,0.125,0.0027624309392265192
2020-11-04,mobile,<Other>,organic,<Other> / organic,Organic Search,61,9,0,1,1,0.14754098360655737,0.0,,1.0,0.01639344262295082
2020-11-04,mobile,google,organic,google / organic,Organic Search,525,117,0,13,2,0.22285714285714286,0.0,,0.15384615384615385,0.0038095238095238095
2020-11-04,mobile,(data deleted),(data deleted),(data deleted) / (data deleted),Other,134,29,0,6,2,0.21641791044776118,0.0,,0.3333333333333333,0.014925373134328358
2020-11-04,mobile,<Other>,(data deleted),<Other> / (data deleted),Other,2,0,0,0,0,0.0,,,,0.0
2020-11-04,mobile,<Other>,<Other>,<Other> / <Other>,Other,226,48,0,3,0,0.21238938053097345,0.0,,0.0,0.0
2020-11-04,mobile,google,cpc,google / cpc,Paid Search,67,16,0,2,0,0.23880597014925373,0.0,,0.0,0.0
2020-11-04,mobile,<Other>,referral,<Other> / referral,Referral,167,30,0,4,3,0.17964071856287425,0.0,,0.75,0.017964071856287425
2020-11-04,mobile,shop.googlemerchandisestore.com,referral,shop.googlemerchandisestore.com / referral,Referral,150,38,0,4,0,0.25333333333333335,0.0,,0.0,0.0
2020-11-04,tablet,(direct),(none),(direct) / (none),Direct,18,3,0,0,0,0.16666666666666666,0.0,,,0.0
2020-11-04,tablet,<Other>,organic,<Other> / organic,Organic Search,3,0,0,0,0,0.0,,,,0.0
2020-11-04,tablet,google,organic,google / organic,Organic Search,40,5,0,0,0,0.125,0.0,,,0.0
2020-11-04,tablet,(data deleted),(data deleted),(data deleted) / (data deleted),Other,11,1,0,0,0,0.09090909090909091,0.0,,,0.0
2020-11-04,tablet,<Other>,<Other>,<Other> / <Other>,Other,12,3,0,0,0,0.25,0.0,,,0.0
2020-11-04,tablet,google,cpc,google / cpc,Paid Search,5,2,0,0,0,0.4,0.0,,,0.0
2020-11-04,tablet,<Other>,referral,<Other> / referral,Referral,12,2,0,0,0,0.16666666666666666,0.0,,,0.0
2020-11-04,tablet,shop.googlemerchandisestore.com,referral,shop.googlemerchandisestore.com / referral,Referral,15,6,0,2,1,0.4,0.0,,0.5,0.06666666666666667
2020-11-05,desktop,(direct),(none),(direct) / (none),Direct,490,122,0,12,2,0.24897959183673468,0.0,,0.16666666666666666,0.004081632653061225
2020-11-05,desktop,<Other>,organic,<Other> / organic,Organic Search,47,11,0,2,0,0.23404255319148937,0.0,,0.0,0.0
2020-11-05,desktop,google,organic,google / organic,Organic Search,671,150,0,18,1,0.22354694485842028,0.0,,0.05555555555555555,0.0014903129657228018
2020-11-05,desktop,(data deleted),(data deleted),(data deleted) / (data deleted),Other,204,49,0,7,3,0.24019607843137256,0.0,,0.42857142857142855,0.014705882352941176
2020-11-05,desktop,<Other>,(data deleted),<Other> / (data deleted),Other,7,1,0,1,1,0.14285714285714285,0.0,,1.0,0.14285714285714285
2020-11-05,desktop,<Other>,<Other>,<Other> / <Other>,Other,271,60,0,8,3,0.22140221402214022,0.0,,0.375,0.01107011070110701
2020-11-05,desktop,google,cpc,google / cpc,Paid Search,84,19,0,3,1,0.2261904761904762,0.0,,0.3333333333333333,0.011904761904761904
2020-11-05,desktop,<Other>,referral,<Other> / referral,Referral,212,50,0,7,2,0.2358490566037736,0.0,,0.2857142857142857,0.009433962264150943
2020-11-05,desktop,shop.googlemerchandisestore.com,referral,shop.googlemerchandisestore.com / referral,Referral,194,44,0,8,3,0.2268041237113402,0.0,,0.375,0.015463917525773196
2020-11-05,mobile,(direct),(none),(direct) / (none),Direct,351,77,0,13,3,0.21937321937321938,0.0,,0.23076923076923078,0.008547008547008548
2020-11-05,mobile,<Other>,organic,<Other> / organic,Organic Search,41,10,0,3,0,0.24390243902439024,0.0,,0.0,0.0
2020-11-05,mobile,google,organic,google / organic,Organic Search,488,107,0,8,0,0.2192622950819672,0.0,,0.0,0.0
2020-11-05,mobile,(data deleted),(data deleted),(data deleted) / (data deleted),Other,144,34,0,5,3,0.2361111111111111,0.0,,0.6,0.020833333333333332
2020-11-05,mobile,<Other>,<Other>,<Other> / <Other>,Other,195,36,0,8,0,0.18461538461538463,0.0,,0.0,0.0
2020-11-05,mobile,google,cpc,google / cpc,Paid Search,69,19,0,4,0,0.2753623188405797,0.0,,0.0,0.0
2020-11-05,mobile,<Other>,referral,<Other> / referral,Referral,137,34,0,9,3,0.24817518248175183,0.0,,0.3333333333333333,0.021897810218978103
2020-11-05,mobile,shop.googlemerchandisestore.com,referral,shop.googlemerchandisestore.com / referral,Referral,150,27,0,5,0,0.18,0.0,,0.0,0.0
2020-11-05,tablet,(direct),(none),(direct) / (none),Direct,22,6,0,1,1,0.2727272727272727,0.0,,1.0,0.045454545454545456
2020-11-05,tablet,<Other>,organic,<Other> / organic,Organic Search,4,1,0,0,0,0.25,0.0,,,0.0
2020-11-05,tablet,google,organic,google / organic,Organic Search,25,7,0,1,0,0.28,0.0,,0.0,0.0
2020-11-05,tablet,(data deleted),(data deleted),(data deleted) / (data deleted),Other,6,2,0,0,0,0.3333333333333333,0.0,,,0.0
2020-11-05,tablet,<Other>,<Other>,<Other> / <Other>,Other,14,5,0,1,0,0.35714285714285715,0.0,,0.0,0.0
2020-11-05,tablet,google,cpc,google / cpc,Paid Search,2,1,0,1,0,0.5,0.0,,0.0,0.0
2020-11-05,tablet,<Other>,referral,<Other> / referral,Referral,11,4,0,1,0,0.36363636363636365,0.0,,0.0,0.0
2020-11-05,tablet,shop.googlemerchandisestore.com,referral,shop.googlemerchandisestore.com / referral,Referral,7,1,0,0,0,0.14285714285714285,0.0,,,0.0
2020-11-06,desktop,(direct),(none),(direct) / (none),Direct,427,110,0,16,7,0.2576112412177986,0.0,,0.4375,0.01639344262295082
2020-11-06,desktop,<Other>,organic,<Other> / organic,Organic Search,56,11,0,1,0,0.19642857142857142,0.0,,0.0,0.0
2020-11-06,desktop,google,organic,google / organic,Organic Search,588,154,0,27,8,0.2619047619047619,0.0,,0.2962962962962963,0.013605442176870748
2020-11-06,desktop,(data deleted),(data deleted),(data deleted) / (data deleted),Other,155,38,0,8,2,0.24516129032258063,0.0,,0.25,0.012903225806451613
2020-11-06,desktop,<Other>,(data deleted),<Other> / (data deleted),Other,3,2,0,1,0,0.6666666666666666,0.0,,0.0,0.0
2020-11-06,desktop,<Other>,<Other>,<Other> / <Other>,Other,232,59,0,12,1,0.2543103448275862,0.0,,0.08333333333333333,0.004310344827586207
2020-11-06,desktop,google,cpc,google / cpc,Paid Search,91,19,0,3,1,0.2087912087912088,0.0,,0.3333333333333333,0.01098901098901099
2020-11-06,desktop,<Other>,referral,<Other> / referral,Referral,175,49,0,11,5,0.28,0.0,,0.45454545454545453,0.02857142857142857
2020-11-06,desktop,shop.googlemerchandisestore.com,referral,shop.googlemerchandisestore.com / referral,Referral,196,48,0,4,3,0.24489795918367346,0.0,,0.75,0.015306122448979591
2020-11-06,mobile,(direct),(none),(direct) / (none),Direct,313,84,0,14,4,0.268370607028754,0.0,,0.2857142857142857,0.012779552715654952
2020-11-06,mobile,<Other>,organic,<Other> / organic,Organic Search,34,9,0,1,0,0.2647058823529412,0.0,,0.0,0.0
2020-11-06,mobile,google,organic,google / organic,Organic Search,403,104,0,26,8,0.25806451612903225,0.0,,0.3076923076923077,0.019851116625310174
2020-11-06,mobile,(data deleted),(data deleted),(data deleted) / (data deleted),Other,116,23,0,3,1,0.19827586206896552,0.0,,0.3333333333333333,0.008620689655172414
2020-11-06,mobile,<Other>,(data deleted),<Other> / (data deleted),Other,4,1,0,0,0,0.25,0.0,,,0.0
2020-11-06,mobile,<Other>,<Other>,<Other> / <Other>,Other,172,53,0,11,1,0.3081395348837209,0.0,,0.09090909090909091,0.005813953488372093
2020-11-06,mobile,google,cpc,google / cpc,Paid Search,45,10,0,0,0,0.2222222222222222,0.0,,,0.0
2020-11-06,mobile,(data deleted),referral,(data deleted) / referral,Referral,1,1,0,1,0,1.0,0.0,,0.0,0.0
2020-11-06,mobile,<Other>,referral,<Other> / referral,Referral,123,34,0,7,2,0.2764227642276423,0.0,,0.2857142857142857,0.016260162601626018
2020-11-06,mobile,shop.googlemerchandisestore.com,referral,shop.googlemerchandisestore.com / referral,Referral,121,30,0,5,2,0.24793388429752067,0.0,,0.4,0.01652892561983471
2020-11-06,tablet,(direct),(none),(direct) / (none),Direct,20,2,0,0,0,0.1,0.0,,,0.0
2020-11-06,tablet,<Other>,organic,<Other> / organic,Organic Search,1,1,0,0,0,1.0,0.0,,,0.0
2020-11-06,tablet,google,organic,google / organic,Organic Search,27,10,0,1,1,0.37037037037037035,0.0,,1.0,0.037037037037037035
2020-11-06,tablet,(data deleted),(data deleted),(data deleted) / (data deleted),Other,8,1,0,1,1,0.125,0.0,,1.0,0.125
2020-11-06,tablet,<Other>,<Other>,<Other> / <Other>,Other,12,3,0,2,1,0.25,0.0,,0.5,0.08333333333333333
2020-11-06,tablet,<Other>,referral,<Other> / referral,Referral,5,0,0,0,0,0.0,,,,0.0
2020-11-06,tablet,shop.googlemerchandisestore.com,referral,shop.googlemerchandisestore.com / referral,Referral,4,2,0,0,0,0.5,0.0,,,0.0
2020-11-07,desktop,(direct),(none),(direct) / (none),Direct,308,72,0,16,4,0.23376623376623376,0.0,,0.25,0.012987012987012988
2020-11-07,desktop,<Other>,organic,<Other> / organic,Organic Search,32,9,0,3,1,0.28125,0.0,,0.3333333333333333,0.03125
2020-11-07,desktop,google,organic,google / organic,Organic Search,401,90,0,24,4,0.22443890274314215,0.0,,0.16666666666666666,0.00997506234413965
2020-11-07,desktop,(data deleted),(data deleted),(data deleted) / (data deleted),Other,84,25,0,2,1,0.2976190476190476,0.0,,0.5,0.011904761904761904
2020-11-07,desktop,<Other>,<Other>,<Other> / <Other>,Other,160,43,0,6,1,0.26875,0.0,,0.16666666666666666,0.00625
2020-11-07,desktop,google,cpc,google / cpc,Paid Search,60,17,0,2,2,0.2833333333333333,0.0,,1.0,0.03333333333333333
2020-11-07,desktop,<Other>,referral,<Other> / referral,Referral,133,40,0,6,1,0.3007518796992481,0.0,,0.16666666666666666,0.007518796992481203
2020-11-07,desktop,shop.googlemerchandisestore.com,referral,shop.googlemerchandisestore.com / referral,Referral,109,27,0,8,2,0.24770642201834864,0.0,,0.25,0.01834862385321101
2020-11-07,mobile,(direct),(none),(direct) / (none),Direct,239,62,0,10,2,0.2594142259414226,0.0,,0.2,0.008368200836820083
2020-11-07,mobile,<Other>,organic,<Other> / organic,Organic Search,20,6,0,2,0,0.3,0.0,,0.0,0.0
2020-11-07,mobile,google,organic,google / organic,Organic Search,273,80,0,14,6,0.29304029304029305,0.0,,0.42857142857142855,0.02197802197802198
2020-11-07,mobile,(data deleted),(data deleted),(data deleted) / (data deleted),Other,60,15,0,2,0,0.25,0.0,,0.0,0.0
2020-11-07,mobile,<Other>,<Other>,<Other> / <Other>,Other,144,37,0,6,2,0.2569444444444444,0.0,,0.3333333333333333,0.013888888888888888
2020-11-07,mobile,google,cpc,google / cpc,Paid Search,44,12,0,1,0,0.2727272727272727,0.0,,0.0,0.0
2020-11-07,mobile,<Other>,referral,<Other> / referral,Referral,96,28,0,3,2,0.2916666666666667,0.0,,0.6666666666666666,0.020833333333333332
2020-11-07,mobile,shop.googlemerchandisestore.com,referral,shop.googlemerchandisestore.com / referral,Referral,70,13,0,2,0,0.18571428571428572,0.0,,0.0,0.0
2020-11-07,tablet,(direct),(none),(direct) / (none),Direct,9,4,0,1,0,0.4444444444444444,0.0,,0.0,0.0
2020-11-07,tablet,google,organic,google / organic,Organic Search,19,8,0,1,0,0.42105263157894735,0.0,,0.0,0.0
2020-11-07,tablet,(data deleted),(data deleted),(data deleted) / (data deleted),Other,6,2,0,2,0,0.3333333333333333,0.0,,0.0,0.0
2020-11-07,tablet,<Other>,<Other>,<Other> / <Other>,Other,3,0,0,0,0,0.0,,,,0.0
2020-11-07,tablet,google,cpc,google / cpc,Paid Search,2,1,0,0,0,0.5,0.0,,,0.0
2020-11-07,tablet,<Other>,referral,<Other> / referral,Referral,5,0,0,0,0,0.0,,,,0.0
2020-11-07,tablet,shop.googlemerchandisestore.com,referral,shop.googlemerchandisestore.com / referral,Referral,6,2,0,0,0,0.3333333333333333,0.0,,,0.0
2020-11-08,desktop,(direct),(none),(direct) / (none),Direct,275,57,0,13,2,0.20727272727272728,0.0,,0.15384615384615385,0.007272727272727273
2020-11-08,desktop,<Other>,organic,<Other> / organic,Organic Search,38,7,0,0,0,0.18421052631578946,0.0,,,0.0
2020-11-08,desktop,google,organic,google / organic,Organic Search,404,92,0,18,4,0.22772277227722773,0.0,,0.2222222222222222,0.009900990099009901
2020-11-08,desktop,(data deleted),(data deleted),(data deleted) / (data deleted),Other,85,18,0,4,3,0.21176470588235294,0.0,,0.75,0.03529411764705882
2020-11-08,desktop,<Other>,(data deleted),<Other> / (data deleted),Other,1,0,0,0,0,0.0,,,,0.0
2020-11-08,desktop,<Other>,<Other>,<Other> / <Other>,Other,183,46,0,14,2,0.25136612021857924,0.0,,0.14285714285714285,0.01092896174863388
2020-11-08,desktop,google,cpc,google / cpc,Paid Search,57,12,0,0,0,0.21052631578947367,0.0,,,0.0
2020-11-08,desktop,<Other>,referral,<Other> / referral,Referral,128,31,0,6,2,0.2421875,0.0,,0.3333333333333333,0.015625
2020-11-08,desktop,shop.googlemerchandisestore.com,referral,shop.googlemerchandisestore.com / referral,Referral,112,12,0,3,1,0.10714285714285714,0.0,,0.3333333333333333,0.008928571428571428
2020-11-08,mobile,(direct),(none),(direct) / (none),Direct,200,45,0,8,3,0.225,0.0,,0.375,0.015
2020-11-08,mobile,<Other>,organic,<Other> / organic,Organic Search,19,5,0,0,0,0.2631578947368421,0.0,,,0.0
2020-11-08,mobile,google,organic,google / organic,Organic Search,249,59,0,16,5,0.23694779116465864,0.0,,0.3125,0.020080321285140562
2020-11-08,mobile,(data deleted),(data deleted),(data deleted) / (data deleted),Other,55,10,0,0,0,0.18181818181818182,0.0,,,0.0
2020-11-08,mobile,<Other>,(data deleted),<Other> / (data deleted),Other,1,0,0,0,0,0.0,,,,0.0
2020-11-08,mobile,<Other>,<Other>,<Other> / <Other>,Other,120,29,0,4,3,0.24166666666666667,0.0,,0.75,0.025
2020-11-08,mobile,google,cpc,google / cpc,Paid Search,32,13,0,0,0,0.40625,0.0,,,0.0
2020-11-08,mobile,<Other>,referral,<Other> / referral,Referral,86,24,0,5,1,0.27906976744186046,0.0,,0.2,0.011627906976744186
2020-11-08,mobile,shop.googlemerchandisestore.com,referral,shop.googlemerchandisestore.com / referral,Referral,82,27,0,6,3,0.32926829268292684,0.0,,0.5,0.036585365853658534
2020-11-08,tablet,(direct),(none),(direct) / (none),Direct,10,2,0,0,0,0.2,0.0,,,0.0
2020-11-08,tablet,google,organic,google / organic,Organic Search,10,2,0,0,0,0.2,0.0,,,0.0
2020-11-08,tablet,(data deleted),(data deleted),(data deleted) / (data deleted),Other,4,3,0,2,2,0.75,0.0,,1.0,0.5
2020-11-08,tablet,<Other>,(data deleted),<Other> / (data deleted),Other,1,0,0,0,0,0.0,,,,0.0
2020-11-08,tablet,<Other>,<Other>,<Other> / <Other>,Other,9,1,0,1,0,0.1111111111111111,0.0,,0.0,0.0
2020-11-08,tablet,<Other>,referral,<Other> / referral,Referral,3,0,0,0,0,0.0,,,,0.0
2020-11-08,tablet,shop.googlemerchandisestore.com,referral,shop.googlemerchandisestore.com / referral,Referral,6,1,0,0,0,0.16666666666666666,0.0,,,0.0
2020-11-09,desktop,(direct),(none),(direct) / (none),Direct,475,115,0,24,6,0.24210526315789474,0.0,,0.25,0.01263157894736842
2020-11-09,desktop,<Other>,organic,<Other> / organic,Organic Search,56,10,0,1,1,0.17857142857142858,0.0,,1.0,0.017857142857142856
2020-11-09,desktop,google,organic,google / organic,Organic Search,561,134,0,20,5,0.23885918003565063,0.0,,0.25,0.008912655971479501
2020-11-09,desktop,(data deleted),(data deleted),(data deleted) / (data deleted),Other,145,30,0,8,3,0.20689655172413793,0.0,,0.375,0.020689655172413793
2020-11-09,desktop,<Other>,(data deleted),<Other> / (data deleted),Other,4,0,0,0,0,0.0,,,,0.0
2020-11-09,desktop,<Other>,<Other>,<Other> / <Other>,Other,260,70,0,11,3,0.2692307692307692,0.0,,0.2727272727272727,0.011538461538461539
2020-11-09,desktop,google,cpc,google / cpc,Paid Search,79,19,0,4,0,0.24050632911392406,0.0,,0.0,0.0
2020-11-09,desktop,<Other>,referral,<Other> / referral,Referral,178,41,0,6,3,0.2303370786516854,0.0,,0.5,0.016853932584269662
2020-11-09,desktop,shop.googlemerchandisestore.com,referral,shop.googlemerchandisestore.com / referral,Referral,151,37,0,6,2,0.24503311258278146,0.0,,0.3333333333333333,0.013245033112582781
2020-11-09,mobile,(direct),(none),(direct) / (none),Direct,306,81,0,18,5,0.2647058823529412,0.0,,0.2777777777777778,0.016339869281045753
2020-11-09,mobile,<Other>,organic,<Other> / organic,Organic Search,30,9,0,1,0,0.3,0.0,,0.0,0.0
2020-11-09,mobile,google,organic,google / organic,Organic Search,394,94,0,17,5,0.23857868020304568,0.0,,0.29411764705882354,0.012690355329949238
2020-11-09,mobile,(data deleted),(data deleted),(data deleted) / (data deleted),Other,86,15,0,4,3,0.1744186046511628,0.0,,0.75,0.03488372093023256
2020-11-09,mobile,<Other>,(data deleted),<Other> / (data deleted),Other,3,0,0,0,0,0.0,,,,0.0
2020-11-09,mobile,<Other>,<Other>,<Other> / <Other>,Other,190,50,0,7,3,0.2631578947368421,0.0,,0.42857142857142855,0.015789473684210527
2020-11-09,mobile,google,cpc,google / cpc,Paid Search,42,8,0,0,0,0.19047619047619047,0.0,,,0.0
2020-11-09,mobile,<Other>,referral,<Other> / referral,Referral,115,34,0,4,0,0.2956521739130435,0.0,,0.0,0.0
2020-11-09,mobile,shop.googlemerchandisestore.com,referral,shop.googlemerchandisestore.com / referral,Referral,113,32,0,6,3,0.2831858407079646,0.0,,0.5,0.02654867256637168
2020-11-09,tablet,(direct),(none),(direct) / (none),Direct,19,5,0,0,0,0.2631578947368421,0.0,,,0.0
2020-11-09,tablet,<Other>,organic,<Other> / organic,Organic Search,5,3,0,0,0,0.6,0.0,,,0.0
2020-11-09,tablet,google,organic,google / organic,Organic Search,35,2,0,0,0,0.05714285714285714,0.0,,,0.0
2020-11-09,tablet,(data deleted),(data deleted),(data deleted) / (data deleted),Other,9,0,0,0,0,0.0,,,,0.0
2020-11-09,tablet,<Other>,(data deleted),<Other> / (data deleted),Other,1,0,0,0,0,0.0,,,,0.0
2020-11-09,tablet,<Other>,<Other>,<Other> / <Other>,Other,9,3,0,0,0,0.3333333333333333,0.0,,,0.0
2020-11-09,tablet,google,cpc,google / cpc,Paid Search,2,0,0,0,0,0.0,,,,0.0
2020-11-09,tablet,<Other>,referral,<Other> / referral,Referral,4,1,0,0,0,0.25,0.0,,,0.0
2020-11-09,tablet,shop.googlemerchandisestore.com,referral,shop.googlemerchandisestore.com / referral,Referral,10,0,0,0,0,0.0,,,,0.0
2020-11-10,desktop,(direct),(none),(direct) / (none),Direct,520,132,0,29,13,0.25384615384615383,0.0,,0.4482758620689655,0.025
2020-11-10,desktop,<Other>,organic,<Other> / organic,Organic Search,54,13,0,1,0,0.24074074074074073,0.0,,0.0,0.0
2020-11-10,desktop,google,organic,google / organic,Organic Search,667,153,0,21,9,0.22938530734632684,0.0,,0.42857142857142855,0.013493253373313344
2020-11-10,desktop,(data deleted),(data deleted),(data deleted) / (data deleted),Other,158,35,0,5,2,0.22151898734177214,0.0,,0.4,0.012658227848101266
2020-11-10,desktop,<Other>,(data deleted),<Other> / (data deleted),Other,5,2,0,2,0,0.4,0.0,,0.0,0.0
2020-11-10,desktop,<Other>,<Other>,<Other> / <Other>,Other,301,84,0,14,6,0.27906976744186046,0.0,,0.42857142857142855,0.019933554817275746
2020-11-10,desktop,google,cpc,google / cpc,Paid Search,87,26,0,4,0,0.2988505747126437,0.0,,0.0,0.0
2020-11-10,desktop,<Other>,referral,<Other> / referral,Referral,216,50,0,11,2,0.23148148148148148,0.0,,0.18181818181818182,0.009259259259259259
2020-11-10,desktop,shop.googlemerchandisestore.com,referral,shop.googlemerchandisestore.com / referral,Referral,198,59,0,8,3,0.29797979797979796,0.0,,0.375,0.015151515151515152
2020-11-10,mobile,(direct),(none),(direct) / (none),Direct,332,84,0,15,3,0.25301204819277107,0.0,,0.2,0.009036144578313253
2020-11-10,mobile,<Other>,organic,<Other> / organic,Organic Search,42,11,0,3,2,0.2619047619047619,0.0,,0.6666666666666666,0.047619047619047616
2020-11-10,mobile,google,organic,google / organic,Organic Search,474,124,0,18,6,0.2616033755274262,0.0,,0.3333333333333333,0.012658227848101266
2020-11-10,mobile,(data deleted),(data deleted),(data deleted) / (data deleted),Other,114,24,0,9,6,0.21052631578947367,0.0,,0.6666666666666666,0.05263157894736842
2020-11-10,mobile,<Other>,(data deleted),<Other> / (data deleted),Other,2,2,0,0,0,1.0,0.0,,,0.0
2020-11-10,mobile,<Other>,<Other>,<Other> / <Other>,Other,207,45,0,11,4,0.21739130434782608,0.0,,0.36363636363636365,0.01932367149758454
2020-11-10,mobile,google,cpc,google / cpc,Paid Search,70,17,0,5,2,0.24285714285714285,0.0,,0.4,0.02857142857142857
2020-11-10,mobile,<Other>,referral,<Other> / referral,Referral,169,43,0,6,2,0.25443786982248523,0.0,,0.3333333333333333,0.011834319526627219
2020-11-10,mobile,shop.googlemerchandisestore.com,referral,shop.googlemerchandisestore.com / referral,Referral,150,30,0,9,4,0.2,0.0,,0.4444444444444444,0.02666666666666667
2020-11-10,tablet,(direct),(none),(direct) / (none),Direct,9,1,0,0,0,0.1111111111111111,0.0,,,0.0
2020-11-10,tablet,google,organic,google / organic,Organic Search,21,9,0,0,0,0.42857142857142855,0.0,,,0.0
2020-11-10,tablet,(data deleted),(data deleted),(data deleted) / (data deleted),Other,8,1,0,0,0,0.125,0.0,,,0.0
2020-11-10,tablet,<Other>,<Other>,<Other> / <Other>,Other,16,4,0,1,0,0.25,0.0,,0.0,0.0
2020-11-10,tablet,google,cpc,google / cpc,Paid Search,2,0,0,0,0,0.0,,,,0.0
2020-11-10,tablet,<Other>,referral,<Other> / referral,Referral,8,2,0,0,0,0.25,0.0,,,0.0
2020-11-10,tablet,shop.googlemerchandisestore.com,referral,shop.googlemerchandisestore.com / referral,Referral,5,3,0,0,0,0.6,0.0,,,0.0
2020-11-11,desktop,(direct),(none),(direct) / (none),Direct,484,118,0,12,5,0.24380165289256198,0.0,,0.4166666666666667,0.010330578512396695
2020-11-11,desktop,<Other>,organic,<Other> / organic,Organic Search,59,17,0,2,0,0.288135593220339,0.0,,0.0,0.0
2020-11-11,desktop,google,organic,google / organic,Organic Search,702,153,0,26,7,0.21794871794871795,0.0,,0.2692307692307692,0.009971509971509971
2020-11-11,desktop,(data deleted),(data deleted),(data deleted) / (data deleted),Other,173,48,0,11,4,0.2774566473988439,0.0,,0.36363636363636365,0.023121387283236993
2020-11-11,desktop,<Other>,(data deleted),<Other> / (data deleted),Other,4,0,0,0,0,0.0,,,,0.0
2020-11-11,desktop,<Other>,<Other>,<Other> / <Other>,Other,324,79,0,11,6,0.24382716049382716,0.0,,0.5454545454545454,0.018518518518518517
2020-11-11,desktop,google,cpc,google / cpc,Paid Search,99,23,0,3,2,0.23232323232323232,0.0,,0.6666666666666666,0.020202020202020204
2020-11-11,desktop,<Other>,referral,<Other> / referral,Referral,196,50,0,14,8,0.25510204081632654,0.0,,0.5714285714285714,0.04081632653061224
2020-11-11,desktop,shop.googlemerchandisestore.com,referral,shop.googlemerchandisestore.com / referral,Referral,193,56,0,12,5,0.29015544041450775,0.0,,0.4166666666666667,0.025906735751295335
2020-11-11,mobile,(direct),(none),(direct) / (none),Direct,340,91,0,15,8,0.2676470588235294,0.0,,0.5333333333333333,0.023529411764705882
2020-11-11,mobile,<Other>,organic,<Other> / organic,Organic Search,35,8,0,3,2,0.22857142857142856,0.0,,0.6666666666666666,0.05714285714285714
2020-11-11,mobile,google,organic,google / organic,Organic Search,465,118,0,24,7,0.2537634408602151,0.0,,0.2916666666666667,0.015053763440860216
2020-11-11,mobile,(data deleted),(data deleted),(data deleted) / (data deleted),Other,118,38,0,7,5,0.3220338983050847,0.0,,0.7142857142857143,0.0423728813559322
2020-11-11,mobile,<Other>,(data deleted),<Other> / (data deleted),Other,2,0,0,0,0,0.0,,,,0.0
2020-11-11,mobile,<Other>,<Other>,<Other> / <Other>,Other,194,49,0,9,1,0.25257731958762886,0.0,,0.1111111111111111,0.005154639175257732
2020-11-11,mobile,google,cpc,google / cpc,Paid Search,77,16,0,4,1,0.2077922077922078,0.0,,0.25,0.012987012987012988
2020-11-11,mobile,<Other>,referral,<Other> / referral,Referral,143,33,0,5,1,0.23076923076923078,0.0,,0.2,0.006993006993006993
2020-11-11,mobile,shop.googlemerchandisestore.com,referral,shop.googlemerchandisestore.com / referral,Referral,118,27,0,2,0,0.2288135593220339,0.0,,0.0,0.0
2020-11-11,tablet,(direct),(none),(direct) / (none),Direct,21,6,0,2,1,0.2857142857142857,0.0,,0.5,0.047619047619047616
2020-11-11,tablet,<Other>,organic,<Other> / organic,Organic Search,4,1,0,0,0,0.25,0.0,,,0.0
2020-11-11,tablet,google,organic,google / organic,Organic Search,31,6,0,1,0,0.1935483870967742,0.0,,0.0,0.0
2020-11-11,tablet,(data deleted),(data deleted),(data deleted) / (data deleted),Other,4,0,0,0,0,0.0,,,,0.0
2020-11-11,tablet,<Other>,(data deleted),<Other> / (data deleted),Other,1,1,0,0,0,1.0,0.0,,,0.0
2020-11-11,tablet,<Other>,<Other>,<Other> / <Other>,Other,14,1,0,0,0,0.07142857142857142,0.0,,,0.0
2020-11-11,tablet,google,cpc,google / cpc,Paid Search,4,1,0,0,0,0.25,0.0,,,0.0
2020-11-11,tablet,<Other>,referral,<Other> / referral,Referral,11,3,0,0,0,0.2727272727272727,0.0,,,0.0
2020-11-11,tablet,shop.googlemerchandisestore.com,referral,shop.googlemerchandisestore.com / referral,Referral,4,0,0,0,0,0.0,,,,0.0
2020-11-12,desktop,(direct),(none),(direct) / (none),Direct,535,135,0,21,6,0.2523364485981308,0.0,,0.2857142857142857,0.011214953271028037
2020-11-12,desktop,<Other>,organic,<Other> / organic,Organic Search,54,14,0,0,0,0.25925925925925924,0.0,,,0.0
2020-11-12,desktop,google,organic,google / organic,Organic Search,630,172,0,34,7,0.273015873015873,0.0,,0.20588235294117646,0.011111111111111112
2020-11-12,desktop,(data deleted),(data deleted),(data deleted) / (data deleted),Other,157,35,0,6,3,0.2229299363057325,0.0,,0.5,0.01910828025477707
2020-11-12,desktop,<Other>,(data deleted),<Other> / (data deleted),Other,4,0,0,0,0,0.0,,,,0.0
2020-11-12,desktop,<Other>,<Other>,<Other> / <Other>,Other,302,64,0,14,2,0.2119205298013245,0.0,,0.14285714285714285,0.006622516556291391
2020-11-12,desktop,google,cpc,google / cpc,Paid Search,84,19,0,3,0,0.2261904761904762,0.0,,0.0,0.0
2020-11-12,desktop,<Other>,referral,<Other> / referral,Referral,199,52,0,8,3,0.2613065326633166,0.0,,0.375,0.01507537688442211
2020-11-12,desktop,shop.googlemerchandisestore.com,referral,shop.googlemerchandisestore.com / referral,Referral,203,57,0,12,8,0.28078817733990147,0.0,,0.6666666666666666,0.03940886699507389
2020-11-12,mobile,(direct),(none),(direct) / (none),Direct,336,85,0,13,4,0.25297619047619047,0.0,,0.3076923076923077,0.011904761904761904
2020-11-12,mobile,<Other>,organic,<Other> / organic,Organic Search,41,9,0,2,0,0.21951219512195122,0.0,,0.0,0.0
2020-11-12,mobile,google,organic,google / organic,Organic Search,443,110,0,21,4,0.24830699774266365,0.0,,0.19047619047619047,0.009029345372460496
2020-11-12,mobile,(data deleted),(data deleted),(data deleted) / (data deleted),Other,130,36,0,4,1,0.27692307692307694,0.0,,0.25,0.007692307692307693
2020-11-12,mobile,<Other>,(data deleted),<Other> / (data deleted),Other,2,1,0,0,0,0.5,0.0,,,0.0
2020-11-12,mobile,<Other>,<Other>,<Other> / <Other>,Other,179,55,0,10,3,0.30726256983240224,0.0,,0.3,0.01675977653631285
2020-11-12,mobile,google,cpc,google / cpc,Paid Search,46,8,0,3,1,0.17391304347826086,0.0,,0.3333333333333333,0.021739130434782608
2020-11-12,mobile,<Other>,referral,<Other> / referral,Referral,151,42,0,9,1,0.2781456953642384,0.0,,0.1111111111111111,0.006622516556291391
2020-11-12,mobile,shop.googlemerchandisestore.com,referral,shop.googlemerchandisestore.com / referral,Referral,143,42,0,10,8,0.2937062937062937,0.0,,0.8,0.055944055944055944
2020-11-12,tablet,(direct),(none),(direct) / (none),Direct,16,2,0,0,0,0.125,0.0,,,0.0
2020-11-12,tablet,<Other>,organic,<Other> / organic,Organic Search,1,0,0,0,0,0.0,,,,0.0
2020-11-12,tablet,google,organic,google / organic,Organic Search,18,3,0,0,0,0.16666666666666666,0.0,,,0.0
2020-11-12,tablet,(data deleted),(data deleted),(data deleted) / (data deleted),Other,3,3,0,0,0,1.0,0.0,,,0.0
2020-11-12,tablet,<Other>,<Other>,<Other> / <Other>,Other,7,2,0,0,0,0.2857142857142857,0.0,,,0.0
2020-11-12,tablet,google,cpc,google / cpc,Paid Search,4,0,0,0,0,0.0,,,,0.0
2020-11-12,tablet,<Other>,referral,<Other> / referral,Referral,9,2,0,0,0,0.2222222222222222,0.0,,,0.0
2020-11-12,tablet,shop.googlemerchandisestore.com,referral,shop.googlemerchandisestore.com / referral,Referral,5,3,0,0,0,0.6,0.0,,,0.0
2020-11-13,desktop,(direct),(none),(direct) / (none),Direct,508,138,0,27,11,0.27165354330708663,0.0,,0.4074074074074074,0.021653543307086614
2020-11-13,desktop,<Other>,organic,<Other> / organic,Organic Search,40,4,0,1,1,0.1,0.0,,1.0,0.025
2020-11-13,desktop,google,organic,google / organic,Organic Search,586,171,0,29,7,0.29180887372013653,0.0,,0.2413793103448276,0.011945392491467578
2020-11-13,desktop,(data deleted),(data deleted),(data deleted) / (data deleted),Other,138,33,0,13,8,0.2391304347826087,0.0,,0.6153846153846154,0.057971014492753624
2020-11-13,desktop,<Other>,(data deleted),<Other> / (data deleted),Other,3,1,0,0,0,0.3333333333333333,0.0,,,0.0
2020-11-13,desktop,<Other>,<Other>,<Other> / <Other>,Other,262,68,0,20,7,0.2595419847328244,0.0,,0.35,0.026717557251908396
2020-11-13,desktop,google,cpc,google / cpc,Paid Search,67,11,0,1,0,0.16417910447761194,0.0,,0.0,0.0
2020-11-13,desktop,<Other>,referral,<Other> / referral,Referral,181,41,0,11,5,0.2265193370165746,0.0,,0.45454545454545453,0.027624309392265192
2020-11-13,desktop,shop.googlemerchandisestore.com,referral,shop.googlemerchandisestore.com / referral,Referral,169,43,0,13,6,0.25443786982248523,0.0,,0.46153846153846156,0.03550295857988166
2020-11-13,mobile,(direct),(none),(direct) / (none),Direct,305,77,0,9,3,0.25245901639344265,0.0,,0.3333333333333333,0.009836065573770493
2020-11-13,mobile,<Other>,organic,<Other> / organic,Organic Search,34,11,0,3,1,0.3235294117647059,0.0,,0.3333333333333333,0.029411764705882353
2020-11-13,mobile,google,organic,google / organic,Organic Search,402,97,0,25,7,0.24129353233830847,0.0,,0.28,0.017412935323383085
2020-11-13,mobile,(data deleted),(data deleted),(data deleted) / (data deleted),Other,102,31,0,10,8,0.30392156862745096,0.0,,0.8,0.0784313725490196
2020-11-13,mobile,<Other>,(data deleted),<Other> / (data deleted),Other,1,0,0,0,0,0.0,,,,0.0
2020-11-13,mobile,<Other>,<Other>,<Other> / <Other>,Other,188,46,0,11,4,0.24468085106382978,0.0,,0.36363636363636365,0.02127659574468085
2020-11-13,mobile,google,cpc,google / cpc,Paid Search,43,7,0,1,0,0.16279069767441862,0.0,,0.0,0.0
2020-11-13,mobile,<Other>,referral,<Other> / referral,Referral,124,26,0,2,0,0.20967741935483872,0.0,,0.0,0.0
2020-11-13,mobile,shop.googlemerchandisestore.com,referral,shop.googlemerchandisestore.com / referral,Referral,107,25,0,4,1,0.2336448598130841,0.0,,0.25,0.009345794392523364
2020-11-13,tablet,(direct),(none),(direct) / (none),Direct,14,4,0,2,0,0.2857142857142857,0.0,,0.0,0.0
2020-11-13,tablet,<Other>,organic,<Other> / organic,Organic Search,3,1,0,1,0,0.3333333333333333,0.0,,0.0,0.0
2020-11-13,tablet,google,organic,google / organic,Organic Search,30,10,0,2,0,0.3333333333333333,0.0,,0.0,0.0
2020-11-13,tablet,(data deleted),(data deleted),(data deleted) / (data deleted),Other,4,1,0,0,0,0.25,0.0,,,0.0
2020-11-13,tablet,<Other>,(data deleted),<Other> / (data deleted),Other,2,0,0,0,0,0.0,,,,0.0
2020-11-13,tablet,<Other>,<Other>,<Other> / <Other>,Other,12,5,0,0,0,0.4166666666666667,0.0,,,0.0
2020-11-13,tablet,google,cpc,google / cpc,Paid Search,6,1,0,0,0,0.16666666666666666,0.0,,,0.0
2020-11-13,tablet,<Other>,referral,<Other> / referral,Referral,9,3,0,1,0,0.3333333333333333,0.0,,0.0,0.0
2020-11-13,tablet,shop.googlemerchandisestore.com,referral,shop.googlemerchandisestore.com / referral,Referral,7,1,0,0,0,0.14285714285714285,0.0,,,0.0
2020-11-14,desktop,(direct),(none),(direct) / (none),Direct,303,80,0,11,2,0.264026402640264,0.0,,0.18181818181818182,0.006600660066006601
2020-11-14,desktop,<Other>,organic,<Other> / organic,Organic Search,32,6,0,0,0,0.1875,0.0,,,0.0
2020-11-14,desktop,google,organic,google / organic,Organic Search,396,110,0,18,3,0.2777777777777778,0.0,,0.16666666666666666,0.007575757575757576
2020-11-14,desktop,(data deleted),(data deleted),(data deleted) / (data deleted),Other,110,29,0,5,3,0.2636363636363636,0.0,,0.6,0.02727272727272727
2020-11-14,desktop,<Other>,<Other>,<Other> / <Other>,Other,204,49,0,12,4,0.24019607843137256,0.0,,0.3333333333333333,0.0196078431372549
2020-11-14,desktop,google,cpc,google / cpc,Paid Search,54,10,0,2,0,0.18518518518518517,0.0,,0.0,0.0
2020-11-14,desktop,<Other>,referral,<Other> / referral,Referral,144,39,0,9,3,0.2708333333333333,0.0,,0.3333333333333333,0.020833333333333332
2020-11-14,desktop,shop.googlemerchandisestore.com,referral,shop.googlemerchandisestore.com / referral,Referral,117,30,0,7,2,0.2564102564102564,0.0,,0.2857142857142857,0.017094017094017096
2020-11-14,mobile,(direct),(none),(direct) / (none),Direct,194,52,0,7,3,0.26804123711340205,0.0,,0.42857142857142855,0.015463917525773196
2020-11-14,mobile,<Other>,organic,<Other> / organic,Organic Search,18,4,0,1,0,0.2222222222222222,0.0,,0.0,0.0
2020-11-14,mobile,google,organic,google / organic,Organic Search,310,70,0,13,1,0.22580645161290322,0.0,,0.07692307692307693,0.0032258064516129032
2020-11-14,mobile,(data deleted),(data deleted),(data deleted) / (data deleted),Other,65,13,0,4,2,0.2,0.0,,0.5,0.03076923076923077
2020-11-14,mobile,<Other>,(data deleted),<Other> / (data deleted),Other,2,1,0,0,0,0.5,0.0,,,0.0
2020-11-14,mobile,<Other>,<Other>,<Other> / <Other>,Other,138,27,0,8,2,0.1956521739130435,0.0,,0.25,0.014492753623188406
2020-11-14,mobile,google,cpc,google / cpc,Paid Search,48,9,0,1,0,0.1875,0.0,,0.0,0.0
2020-11-14,mobile,<Other>,referral,<Other> / referral,Referral,91,23,0,2,1,0.25274725274725274,0.0,,0.5,0.01098901098901099
2020-11-14,mobile,shop.googlemerchandisestore.com,referral,shop.googlemerchandisestore.com / referral,Referral,88,24,0,5,3,0.2727272727272727,0.0,,0.6,0.03409090909090909
2020-11-14,tablet,(direct),(none),(direct) / (none),Direct,16,5,0,1,0,0.3125,0.0,,0.0,0.0
2020-11-14,tablet,<Other>,organic,<Other> / organic,Organic Search,6,0,0,0,0,0.0,,,,0.0
2020-11-14,tablet,google,organic,google / organic,Organic Search,14,2,0,0,0,0.14285714285714285,0.0,,,0.0
2020-11-14,tablet,(data deleted),(data deleted),(data deleted) / (data deleted),Other,4,0,0,0,0,0.0,,,,0.0
2020-11-14,tablet,<Other>,<Other>,<Other> / <Other>,Other,6,2,0,0,0,0.3333333333333333,0.0,,,0.0
2020-11-14,tablet,google,cpc,google / cpc,Paid Search,3,0,0,0,0,0.0,,,,0.0
2020-11-14,tablet,<Other>,referral,<Other> / referral,Referral,3,0,0,0,0,0.0,,,,0.0
2020-11-14,tablet,shop.googlemerchandisestore.com,referral,shop.googlemerchandisestore.com / referral,Referral,3,1,0,1,0,0.3333333333333333,0.0,,0.0,0.0
2020-11-15,desktop,(direct),(none),(direct) / (none),Direct,308,73,0,18,3,0.237012987012987,0.0,,0.16666666666666666,0.00974025974025974
2020-11-15,desktop,<Other>,organic,<Other> / organic,Organic Search,41,16,0,2,2,0.3902439024390244,0.0,,1.0,0.04878048780487805
2020-11-15,desktop,google,organic,google / organic,Organic Search,374,80,0,20,2,0.21390374331550802,0.0,,0.1,0.0053475935828877
2020-11-15,desktop,(data deleted),(data deleted),(data deleted) / (data deleted),Other,80,17,0,5,2,0.2125,0.0,,0.4,0.025
2020-11-15,desktop,<Other>,<Other>,<Other> / <Other>,Other,180,29,0,8,0,0.16111111111111112,0.0,,0.0,0.0
2020-11-15,desktop,google,cpc,google / cpc,Paid Search,48,10,0,1,1,0.20833333333333334,0.0,,1.0,0.020833333333333332
2020-11-15,desktop,<Other>,referral,<Other> / referral,Referral,140,32,0,6,2,0.22857142857142856,0.0,,0.3333333333333333,0.014285714285714285
2020-11-15,desktop,shop.googlemerchandisestore.com,referral,shop.googlemerchandisestore.com / referral,Referral,103,23,0,7,1,0.22330097087378642,0.0,,0.14285714285714285,0.009708737864077669
2020-11-15,mobile,(direct),(none),(direct) / (none),Direct,215,49,0,5,1,0.22790697674418606,0.0,,0.2,0.004651162790697674
2020-11-15,mobile,<Other>,organic,<Other> / organic,Organic Search,14,3,0,0,0,0.21428571428571427,0.0,,,0.0
2020-11-15,mobile,google,organic,google / organic,Organic Search,277,66,0,23,2,0.23826714801444043,0.0,,0.08695652173913043,0.007220216606498195
2020-11-15,mobile,(data deleted),(data deleted),(data deleted) / (data deleted),Other,44,10,0,2,1,0.22727272727272727,0.0,,0.5,0.022727272727272728
2020-11-15,mobile,<Other>,(data deleted),<Other> / (data deleted),Other,2,1,0,0,0,0.5,0.0,,,0.0
2020-11-15,mobile,<Other>,<Other>,<Other> / <Other>,Other,151,39,0,7,1,0.2582781456953642,0.0,,0.14285714285714285,0.006622516556291391
2020-11-15,mobile,google,cpc,google / cpc,Paid Search,42,9,0,0,0,0.21428571428571427,0.0,,,0.0
2020-11-15,mobile,<Other>,referral,<Other> / referral,Referral,78,14,0,2,0,0.1794871794871795,0.0,,0.0,0.0
2020-11-15,mobile,shop.googlemerchandisestore.com,referral,shop.googlemerchandisestore.com / referral,Referral,71,18,0,2,2,0.2535211267605634,0.0,,1.0,0.028169014084507043
2020-11-15,tablet,(direct),(none),(direct) / (none),Direct,14,3,0,0,0,0.21428571428571427,0.0,,,0.0
2020-11-15,tablet,google,organic,google / organic,Organic Search,14,0,0,0,0,0.0,,,,0.0
2020-11-15,tablet,(data deleted),(data deleted),(data deleted) / (data deleted),Other,3,1,0,0,0,0.3333333333333333,0.0,,,0.0
2020-11-15,tablet,<Other>,<Other>,<Other> / <Other>,Other,8,1,0,0,0,0.125,0.0,,,0.0
2020-11-15,tablet,<Other>,referral,<Other> / referral,Referral,3,1,0,1,1,0.3333333333333333,0.0,,1.0,0.3333333333333333
2020-11-15,tablet,shop.googlemerchandisestore.com,referral,shop.googlemerchandisestore.com / referral,Referral,4,1,0,0,0,0.25,0.0,,,0.0
2020-11-16,desktop,(direct),(none),(direct) / (none),Direct,434,123,6,28,13,0.2834101382488479,0.04878048780487805,4.666666666666667,0.4642857142857143,0.029953917050691243
2020-11-16,desktop,<Other>,organic,<Other> / organic,Organic Search,46,13,1,3,0,0.2826086956521739,0.07692307692307693,3.0,0.0,0.0
2020-11-16,desktop,google,organic,google / organic,Organic Search,624,149,7,17,8,0.2387820512820513,0.04697986577181208,2.4285714285714284,0.47058823529411764,0.01282051282051282
2020-11-16,desktop,(data deleted),(data deleted),(data deleted) / (data deleted),Other,175,41,3,7,5,0.2342857142857143,0.07317073170731707,2.3333333333333335,0.7142857142857143,0.02857142857142857
2020-11-16,desktop,<Other>,(data deleted),<Other> / (data deleted),Other,1,1,0,0,0,1.0,0.0,,,0.0
2020-11-16,desktop,<Other>,<Other>,<Other> / <Other>,Other,300,65,3,11,5,0.21666666666666667,0.046153846153846156,3.6666666666666665,0.45454545454545453,0.016666666666666666
2020-11-16,desktop,google,cpc,google / cpc,Paid Search,75,18,0,3,2,0.24,0.0,,0.6666666666666666,0.02666666666666667
2020-11-16,desktop,<Other>,referral,<Other> / referral,Referral,194,49,3,7,2,0.25257731958762886,0.061224489795918366,2.3333333333333335,0.2857142857142857,0.010309278350515464
2020-11-16,desktop,shop.googlemerchandisestore.com,referral,shop.googlemerchandisestore.com / referral,Referral,198,43,2,9,2,0.21717171717171718,0.046511627906976744,4.5,0.2222222222222222,0.010101010101010102
2020-11-16,mobile,(direct),(none),(direct) / (none),Direct,347,90,3,13,6,0.25936599423631124,0.03333333333333333,4.333333333333333,0.46153846153846156,0.01729106628242075
2020-11-16,mobile,<Other>,organic,<Other> / organic,Organic Search,36,9,1,0,0,0.25,0.1111111111111111,0.0,,0.0
2020-11-16,mobile,google,organic,google / organic,Organic Search,405,99,2,24,12,0.24444444444444444,0.020202020202020204,12.0,0.5,0.02962962962962963
2020-11-16,mobile,(data deleted),(data deleted),(data deleted) / (data deleted),Other,104,25,0,4,1,0.2403846153846154,0.0,,0.25,0.009615384615384616
2020-11-16,mobile,<Other>,(data deleted),<Other> / (data deleted),Other,4,1,0,0,0,0.25,0.0,,,0.0
2020-11-16,mobile,<Other>,<Other>,<Other> / <Other>,Other,213,55,2,11,3,0.25821596244131456,0.03636363636363636,5.5,0.2727272727272727,0.014084507042253521
2020-11-16,mobile,google,cpc,google / cpc,Paid Search,59,18,0,3,1,0.3050847457627119,0.0,,0.3333333333333333,0.01694915254237288
2020-11-16,mobile,<Other>,referral,<Other> / referral,Referral,126,30,0,7,1,0.23809523809523808,0.0,,0.14285714285714285,0.007936507936507936
2020-11-16,mobile,shop.googlemerchandisestore.com,referral,shop.googlemerchandisestore.com / referral,Referral,125,28,0,11,5,0.224,0.0,,0.45454545454545453,0.04
2020-11-16,tablet,(direct),(none),(direct) / (none),Direct,18,5,0,2,2,0.2777777777777778,0.0,,1.0,0.1111111111111111
2020-11-16,tablet,<Other>,organic,<Other> / organic,Organic Search,2,1,0,0,0,0.5,0.0,,,0.0
2020-11-16,tablet,google,organic,google / organic,Organic Search,20,2,1,1,0,0.1,0.5,1.0,0.0,0.0
2020-11-16,tablet,(data deleted),(data deleted),(data deleted) / (data deleted),Other,6,2,0,0,0,0.3333333333333333,0.0,,,0.0
2020-11-16,tablet,<Other>,(data deleted),<Other> / (data deleted),Other,2,0,0,0,0,0.0,,,,0.0
2020-11-16,tablet,<Other>,<Other>,<Other> / <Other>,Other,9,3,0,2,1,0.3333333333333333,0.0,,0.5,0.1111111111111111
2020-11-16,tablet,google,cpc,google / cpc,Paid Search,4,2,0,0,0,0.5,0.0,,,0.0
2020-11-16,tablet,<Other>,referral,<Other> / referral,Referral,4,0,0,0,0,0.0,,,,0.0
2020-11-16,tablet,shop.googlemerchandisestore.com,referral,shop.googlemerchandisestore.com / referral,Referral,10,3,0,0,0,0.3,0.0,,,0.0
2020-11-17,desktop,(direct),(none),(direct) / (none),Direct,515,145,33,24,13,0.2815533980582524,0.22758620689655173,0.7272727272727273,0.5416666666666666,0.02524271844660194
2020-11-17,desktop,<Other>,organic,<Other> / organic,Organic Search,66,23,7,4,1,0.3484848484848485,0.30434782608695654,0.5714285714285714,0.25,0.015151515151515152
2020-11-17,desktop,google,organic,google / organic,Organic Search,703,190,33,19,8,0.2702702702702703,0.1736842105263158,0.5757575757575758,0.42105263157894735,0.011379800853485065
2020-11-17,desktop,(data deleted),(data deleted),(data deleted) / (data deleted),Other,201,56,11,15,9,0.27860696517412936,0.19642857142857142,1.3636363636363635,0.6,0.04477611940298507
2020-11-17,desktop,<Other>,(data deleted),<Other> / (data deleted),Other,2,1,0,0,0,0.5,0.0,,,0.0
2020-11-17,desktop,<Other>,<Other>,<Other> / <Other>,Other,313,86,19,12,4,0.2747603833865815,0.22093023255813954,0.631578947368421,0.3333333333333333,0.012779552715654952
2020-11-17,desktop,google,cpc,google / cpc,Paid Search,85,28,4,3,0,0.32941176470588235,0.14285714285714285,0.75,0.0,0.0
2020-11-17,desktop,<Other>,referral,<Other> / referral,Referral,215,51,13,15,6,0.2372093023255814,0.2549019607843137,1.1538461538461537,0.4,0.027906976744186046
2020-11-17,desktop,shop.googlemerchandisestore.com,referral,shop.googlemerchandisestore.com / referral,Referral,206,53,14,17,9,0.25728155339805825,0.2641509433962264,1.2142857142857142,0.5294117647058824,0.043689320388349516
2020-11-17,mobile,(direct),(none),(direct) / (none),Direct,395,97,16,18,7,0.24556962025316456,0.16494845360824742,1.125,0.3888888888888889,0.017721518987341773
2020-11-17,mobile,<Other>,organic,<Other> / organic,Organic Search,39,9,3,2,0,0.23076923076923078,0.3333333333333333,0.6666666666666666,0.0,0.0
2020-11-17,mobile,google,organic,google / organic,Organic Search,492,126,29,31,11,0.25609756097560976,0.23015873015873015,1.0689655172413792,0.3548387096774194,0.022357723577235773
2020-11-17,mobile,(data deleted),(data deleted),(data deleted) / (data deleted),Other,150,41,11,10,7,0.2733333333333333,0.2682926829268293,0.9090909090909091,0.7,0.04666666666666667
2020-11-17,mobile,<Other>,(data deleted),<Other> / (data deleted),Other,3,2,1,1,1,0.6666666666666666,0.5,1.0,1.0,0.3333333333333333
2020-11-17,mobile,<Other>,<Other>,<Other> / <Other>,Other,220,54,16,11,6,0.24545454545454545,0.2962962962962963,0.6875,0.5454545454545454,0.02727272727272727
2020-11-17,mobile,google,cpc,google / cpc,Paid Search,53,15,1,1,0,0.2830188679245283,0.06666666666666667,1.0,0.0,0.0
2020-11-17,mobile,<Other>,referral,<Other> / referral,Referral,179,45,13,6,1,0.25139664804469275,0.28888888888888886,0.46153846153846156,0.16666666666666666,0.00558659217877095
2020-11-17,mobile,shop.googlemerchandisestore.com,referral,shop.googlemerchandisestore.com / referral,Referral,160,43,18,10,2,0.26875,0.4186046511627907,0.5555555555555556,0.2,0.0125
2020-11-17,tablet,(direct),(none),(direct) / (none),Direct,19,3,0,2,0,0.15789473684210525,0.0,,0.0,0.0
2020-11-17,tablet,<Other>,organic,<Other> / organic,Organic Search,3,1,1,0,0,0.3333333333333333,1.0,0.0,,0.0
2020-11-17,tablet,google,organic,google / organic,Organic Search,20,6,2,1,0,0.3,0.3333333333333333,0.5,0.0,0.0
2020-11-17,tablet,(data deleted),(data deleted),(data deleted) / (data deleted),Other,9,2,0,1,0,0.2222222222222222,0.0,,0.0,0.0
2020-11-17,tablet,<Other>,<Other>,<Other> / <Other>,Other,10,3,2,0,0,0.3,0.6666666666666666,0.0,,0.0
2020-11-17,tablet,google,cpc,google / cpc,Paid Search,4,2,0,0,0,0.5,0.0,,,0.0
2020-11-17,tablet,<Other>,referral,<Other> / referral,Referral,8,0,0,0,0,0.0,,,,0.0
2020-11-17,tablet,shop.googlemerchandisestore.com,referral,shop.googlemerchandisestore.com / referral,Referral,9,3,1,0,0,0.3333333333333333,0.3333333333333333,0.0,,0.0
2020-11-18,desktop,(direct),(none),(direct) / (none),Direct,567,144,28,23,9,0.25396825396825395,0.19444444444444445,0.8214285714285714,0.391304347826087,0.015873015873015872
2020-11-18,desktop,<Other>,organic,<Other> / organic,Organic Search,60,12,1,0,0,0.2,0.08333333333333333,0.0,,0.0
2020-11-18,desktop,google,organic,google / organic,Organic Search,733,185,33,15,3,0.252387448840382,0.1783783783783784,0.45454545454545453,0.2,0.004092769440654843
2020-11-18,desktop,(data deleted),(data deleted),(data deleted) / (data deleted),Other,175,55,10,12,5,0.3142857142857143,0.18181818181818182,1.2,0.4166666666666667,0.02857142857142857
2020-11-18,desktop,<Other>,(data deleted),<Other> / (data deleted),Other,4,1,0,0,0,0.25,0.0,,,0.0
2020-11-18,desktop,<Other>,<Other>,<Other> / <Other>,Other,309,76,20,12,2,0.2459546925566343,0.2631578947368421,0.6,0.16666666666666666,0.006472491909385114
2020-11-18,desktop,google,cpc,google / cpc,Paid Search,82,19,2,5,2,0.23170731707317074,0.10526315789473684,2.5,0.4,0.024390243902439025
2020-11-18,desktop,<Other>,referral,<Other> / referral,Referral,229,53,12,12,4,0.2314410480349345,0.22641509433962265,1.0,0.3333333333333333,0.017467248908296942
2020-11-18,desktop,shop.googlemerchandisestore.com,referral,shop.googlemerchandisestore.com / referral,Referral,207,54,10,9,1,0.2608695652173913,0.18518518518518517,0.9,0.1111111111111111,0.004830917874396135
2020-11-18,mobile,(direct),(none),(direct) / (none),Direct,391,93,25,21,7,0.23785166240409208,0.26881720430107525,0.84,0.3333333333333333,0.017902813299232736
2020-11-18,mobile,<Other>,organic,<Other> / organic,Organic Search,50,12,4,5,1,0.24,0.3333333333333333,1.25,0.2,0.02
2020-11-18,mobile,google,organic,google / organic,Organic Search,511,127,24,18,7,0.24853228962818003,0.1889763779527559,0.75,0.3888888888888889,0.0136986301369863
2020-11-18,mobile,(data deleted),(data deleted),(data deleted) / (data deleted),Other,126,28,5,4,2,0.2222222222222222,0.17857142857142858,0.8,0.5,0.015873015873015872
2020-11-18,mobile,<Other>,(data deleted),<Other> / (data deleted),Other,3,0,0,0,0,0.0,,,,0.0
2020-11-18,mobile,<Other>,<Other>,<Other> / <Other>,Other,206,48,7,6,2,0.23300970873786409,0.14583333333333334,0.8571428571428571,0.3333333333333333,0.009708737864077669
2020-11-18,mobile,google,cpc,google / cpc,Paid Search,69,18,6,4,1,0.2608695652173913,0.3333333333333333,0.6666666666666666,0.25,0.014492753623188406
2020-11-18,mobile,<Other>,referral,<Other> / referral,Referral,176,50,12,5,0,0.2840909090909091,0.24,0.4166666666666667,0.0,0.0
2020-11-18,mobile,shop.googlemerchandisestore.com,referral,shop.googlemerchandisestore.com / referral,Referral,137,34,6,4,4,0.24817518248175183,0.17647058823529413,0.6666666666666666,1.0,0.029197080291970802
2020-11-18,tablet,(direct),(none),(direct) / (none),Direct,21,2,0,0,0,0.09523809523809523,0.0,,,0.0
2020-11-18,tablet,google,organic,google / organic,Organic Search,34,5,0,0,0,0.14705882352941177,0.0,,,0.0
2020-11-18,tablet,(data deleted),(data deleted),(data deleted) / (data deleted),Other,9,2,0,0,0,0.2222222222222222,0.0,,,0.0
2020-11-18,tablet,<Other>,<Other>,<Other> / <Other>,Other,11,3,0,0,0,0.2727272727272727,0.0,,,0.0
2020-11-18,tablet,google,cpc,google / cpc,Paid Search,3,0,0,0,0,0.0,,,,0.0
2020-11-18,tablet,<Other>,referral,<Other> / referral,Referral,8,4,1,2,0,0.5,0.25,2.0,0.0,0.0
2020-11-18,tablet,shop.googlemerchandisestore.com,referral,shop.googlemerchandisestore.com / referral,Referral,12,3,1,1,0,0.25,0.3333333333333333,1.0,0.0,0.0
2020-11-19,desktop,(direct),(none),(direct) / (none),Direct,598,147,5,14,4,0.24581939799331104,0.034013605442176874,2.8,0.2857142857142857,0.006688963210702341
2020-11-19,desktop,<Other>,organic,<Other> / organic,Organic Search,67,20,0,2,1,0.29850746268656714,0.0,,0.5,0.014925373134328358
2020-11-19,desktop,google,organic,google / organic,Organic Search,749,181,4,18,5,0.2416555407209613,0.022099447513812154,4.5,0.2777777777777778,0.006675567423230975
2020-11-19,desktop,(data deleted),(data deleted),(data deleted) / (data deleted),Other,189,47,3,7,3,0.24867724867724866,0.06382978723404255,2.3333333333333335,0.42857142857142855,0.015873015873015872
2020-11-19,desktop,<Other>,(data deleted),<Other> / (data deleted),Other,1,1,0,0,0,1.0,0.0,,,0.0
2020-11-19,desktop,<Other>,<Other>,<Other> / <Other>,Other,329,83,6,11,3,0.25227963525835867,0.07228915662650602,1.8333333333333333,0.2727272727272727,0.00911854103343465
2020-11-19,desktop,google,cpc,google / cpc,Paid Search,109,30,0,4,1,0.27522935779816515,0.0,,0.25,0.009174311926605505
2020-11-19,desktop,<Other>,referral,<Other> / referral,Referral,242,63,3,10,4,0.2603305785123967,0.047619047619047616,3.3333333333333335,0.4,0.01652892561983471
2020-11-19,desktop,shop.googlemerchandisestore.com,referral,shop.googlemerchandisestore.com / referral,Referral,232,63,2,9,5,0.27155172413793105,0.031746031746031744,4.5,0.5555555555555556,0.021551724137931036
2020-11-19,mobile,(direct),(none),(direct) / (none),Direct,367,85,1,14,5,0.23160762942779292,0.011764705882352941,14.0,0.35714285714285715,0.013623978201634877
2020-11-19,mobile,<Other>,organic,<Other> / organic,Organic Search,32,7,1,0,0,0.21875,0.14285714285714285,0.0,,0.0
2020-11-19,mobile,google,organic,google / organic,Organic Search,468,134,8,15,4,0.2863247863247863,0.05970149253731343,1.875,0.26666666666666666,0.008547008547008548
2020-11-19,mobile,(data deleted),(data deleted),(data deleted) / (data deleted),Other,129,35,0,6,2,0.2713178294573643,0.0,,0.3333333333333333,0.015503875968992248
2020-11-19,mobile,<Other>,(data deleted),<Other> / (data deleted),Other,3,0,0,0,0,0.0,,,,0.0
2020-11-19,mobile,<Other>,<Other>,<Other> / <Other>,Other,214,49,5,5,3,0.22897196261682243,0.10204081632653061,1.0,0.6,0.014018691588785047
2020-11-19,mobile,google,cpc,google / cpc,Paid Search,63,19,0,0,0,0.30158730158730157,0.0,,,0.0
2020-11-19,mobile,<Other>,referral,<Other> / referral,Referral,170,41,1,4,2,0.2411764705882353,0.024390243902439025,4.0,0.5,0.011764705882352941
2020-11-19,mobile,shop.googlemerchandisestore.com,referral,shop.googlemerchandisestore.com / referral,Referral,138,27,0,3,2,0.1956521739130435,0.0,,0.6666666666666666,0.014492753623188406
2020-11-19,tablet,(direct),(none),(direct) / (none),Direct,23,4,0,1,0,0.17391304347826086,0.0,,0.0,0.0
2020-11-19,tablet,<Other>,organic,<Other> / organic,Organic Search,1,1,0,0,0,1.0,0.0,,,0.0
2020-11-19,tablet,google,organic,google / organic,Organic Search,26,8,0,2,0,0.3076923076923077,0.0,,0.0,0.0
2020-11-19,tablet,(data deleted),(data deleted),(data deleted) / (data deleted),Other,7,2,0,0,0,0.2857142857142857,0.0,,,0.0
2020-11-19,tablet,<Other>,<Other>,<Other> / <Other>,Other,16,5,0,0,0,0.3125,0.0,,,0.0
2020-11-19,tablet,google,cpc,google / cpc,Paid Search,6,1,0,0,0,0.16666666666666666,0.0,,,0.0
2020-11-19,tablet,<Other>,referral,<Other> / referral,Referral,9,4,0,0,0,0.4444444444444444,0.0,,,0.0
2020-11-19,tablet,shop.googlemerchandisestore.com,referral,shop.googlemerchandisestore.com / referral,Referral,9,5,0,1,0,0.5555555555555556,0.0,,0.0,0.0
2020-11-20,desktop,(direct),(none),(direct) / (none),Direct,566,152,0,17,8,0.26855123674911663,0.0,,0.47058823529411764,0.014134275618374558
2020-11-20,desktop,<Other>,organic,<Other> / organic,Organic Search,81,19,0,1,0,0.2345679012345679,0.0,,0.0,0.0
2020-11-20,desktop,google,organic,google / organic,Organic Search,695,185,0,25,7,0.26618705035971224,0.0,,0.28,0.010071942446043165
2020-11-20,desktop,(data deleted),(data deleted),(data deleted) / (data deleted),Other,192,49,0,10,7,0.2552083333333333,0.0,,0.7,0.036458333333333336
2020-11-20,desktop,<Other>,(data deleted),<Other> / (data deleted),Other,4,3,0,1,0,0.75,0.0,,0.0,0.0
2020-11-20,desktop,<Other>,<Other>,<Other> / <Other>,Other,293,71,0,8,2,0.24232081911262798,0.0,,0.25,0.006825938566552901
2020-11-20,desktop,google,cpc,google / cpc,Paid Search,96,34,0,3,2,0.3541666666666667,0.0,,0.6666666666666666,0.020833333333333332
2020-11-20,desktop,<Other>,referral,<Other> / referral,Referral,245,56,1,6,2,0.22857142857142856,0.017857142857142856,6.0,0.3333333333333333,0.00816326530612245
2020-11-20,desktop,shop.googlemerchandisestore.com,referral,shop.googlemerchandisestore.com / referral,Referral,190,55,0,6,3,0.2894736842105263,0.0,,0.5,0.015789473684210527
2020-11-20,mobile,(direct),(none),(direct) / (none),Direct,403,99,1,21,6,0.2456575682382134,0.010101010101010102,21.0,0.2857142857142857,0.01488833746898263
2020-11-20,mobile,<Other>,organic,<Other> / organic,Organic Search,39,9,0,0,0,0.23076923076923078,0.0,,,0.0
2020-11-20,mobile,google,organic,google / organic,Organic Search,531,148,1,30,12,0.2787193973634652,0.006756756756756757,30.0,0.4,0.022598870056497175
2020-11-20,mobile,(data deleted),(data deleted),(data deleted) / (data deleted),Other,129,41,0,9,4,0.3178294573643411,0.0,,0.4444444444444444,0.031007751937984496
2020-11-20,mobile,<Other>,<Other>,<Other> / <Other>,Other,214,58,0,7,2,0.27102803738317754,0.0,,0.2857142857142857,0.009345794392523364
2020-11-20,mobile,google,cpc,google / cpc,Paid Search,68,20,0,3,1,0.29411764705882354,0.0,,0.3333333333333333,0.014705882352941176
2020-11-20,mobile,<Other>,referral,<Other> / referral,Referral,169,42,0,8,5,0.2485207100591716,0.0,,0.625,0.029585798816568046
2020-11-20,mobile,shop.googlemerchandisestore.com,referral,shop.googlemerchandisestore.com / referral,Referral,146,41,0,7,3,0.2808219178082192,0.0,,0.42857142857142855,0.02054794520547945
2020-11-20,tablet,(direct),(none),(direct) / (none),Direct,20,7,0,2,0,0.35,0.0,,0.0,0.0
2020-11-20,tablet,<Other>,organic,<Other> / organic,Organic Search,4,0,0,0,0,0.0,,,,0.0
2020-11-20,tablet,google,organic,google / organic,Organic Search,30,4,0,0,0,0.13333333333333333,0.0,,,0.0
2020-11-20,tablet,(data deleted),(data deleted),(data deleted) / (data deleted),Other,5,1,0,0,0,0.2,0.0,,,0.0
2020-11-20,tablet,<Other>,<Other>,<Other> / <Other>,Other,7,1,0,0,0,0.14285714285714285,0.0,,,0.0
2020-11-20,tablet,google,cpc,google / cpc,Paid Search,1,0,0,0,0,0.0,,,,0.0
2020-11-20,tablet,<Other>,referral,<Other> / referral,Referral,8,3,0,0,0,0.375,0.0,,,0.0
2020-11-20,tablet,shop.googlemerchandisestore.com,referral,shop.googlemerchandisestore.com / referral,Referral,5,1,0,0,0,0.2,0.0,,,0.0
2020-11-21,desktop,(direct),(none),(direct) / (none),Direct,438,91,0,12,2,0.20776255707762556,0.0,,0.16666666666666666,0.0045662100456621
2020-11-21,desktop,<Other>,organic,<Other> / organic,Organic Search,57,13,0,4,0,0.22807017543859648,0.0,,0.0,0.0
2020-11-21,desktop,google,organic,google / organic,Organic Search,560,133,0,22,5,0.2375,0.0,,0.22727272727272727,0.008928571428571428
2020-11-21,desktop,(data deleted),(data deleted),(data deleted) / (data deleted),Other,124,31,0,2,2,0.25,0.0,,1.0,0.016129032258064516
2020-11-21,desktop,<Other>,(data deleted),<Other> / (data deleted),Other,3,0,0,0,0,0.0,,,,0.0
2020-11-21,desktop,<Other>,<Other>,<Other> / <Other>,Other,269,67,0,14,3,0.24907063197026022,0.0,,0.21428571428571427,0.011152416356877323
2020-11-21,desktop,google,cpc,google / cpc,Paid Search,84,28,0,5,0,0.3333333333333333,0.0,,0.0,0.0
2020-11-21,desktop,<Other>,referral,<Other> / referral,Referral,178,52,0,11,6,0.29213483146067415,0.0,,0.5454545454545454,0.033707865168539325
2020-11-21,desktop,shop.googlemerchandisestore.com,referral,shop.googlemerchandisestore.com / referral,Referral,152,40,0,4,1,0.2631578947368421,0.0,,0.25,0.006578947368421052
2020-11-21,mobile,(direct),(none),(direct) / (none),Direct,274,65,0,10,3,0.23722627737226276,0.0,,0.3,0.010948905109489052
2020-11-21,mobile,<Other>,organic,<Other> / organic,Organic Search,33,9,0,0,0,0.2727272727272727,0.0,,,0.0
2020-11-21,mobile,google,organic,google / organic,Organic Search,412,121,0,16,2,0.2936893203883495,0.0,,0.125,0.0048543689320388345
2020-11-21,mobile,(data deleted),(data deleted),(data deleted) / (data deleted),Other,95,24,0,3,1,0.25263157894736843,0.0,,0.3333333333333333,0.010526315789473684
2020-11-21,mobile,<Other>,(data deleted),<Other> / (data deleted),Other,2,1,0,0,0,0.5,0.0,,,0.0
2020-11-21,mobile,<Other>,<Other>,<Other> / <Other>,Other,177,40,0,4,1,0.22598870056497175,0.0,,0.25,0.005649717514124294
2020-11-21,mobile,google,cpc,google / cpc,Paid Search,59,21,0,5,4,0.3559322033898305,0.0,,0.8,0.06779661016949153
2020-11-21,mobile,<Other>,referral,<Other> / referral,Referral,111,26,0,6,2,0.23423423423423423,0.0,,0.3333333333333333,0.018018018018018018
2020-11-21,mobile,shop.googlemerchandisestore.com,referral,shop.googlemerchandisestore.com / referral,Referral,92,33,0,4,1,0.358695652173913,0.0,,0.25,0.010869565217391304
2020-11-21,tablet,(direct),(none),(direct) / (none),Direct,16,5,0,2,1,0.3125,0.0,,0.5,0.0625
2020-11-21,tablet,<Other>,organic,<Other> / organic,Organic Search,3,1,0,0,0,0.3333333333333333,0.0,,,0.0
2020-11-21,tablet,google,organic,google / organic,Organic Search,25,9,0,1,1,0.36,0.0,,1.0,0.04
2020-11-21,tablet,(data deleted),(data deleted),(data deleted) / (data deleted),Other,10,3,0,0,0,0.3,0.0,,,0.0
2020-11-21,tablet,<Other>,<Other>,<Other> / <Other>,Other,10,2,0,1,0,0.2,0.0,,0.0,0.0
2020-11-21,tablet,google,cpc,google / cpc,Paid Search,3,0,0,0,0,0.0,,,,0.0
2020-11-21,tablet,<Other>,referral,<Other> / referral,Referral,6,1,0,0,0,0.16666666666666666,0.0,,,0.0
2020-11-21,tablet,shop.googlemerchandisestore.com,referral,shop.googlemerchandisestore.com / referral,Referral,5,2,0,0,0,0.4,0.0,,,0.0
2020-11-22,desktop,(direct),(none),(direct) / (none),Direct,365,93,0,13,3,0.2547945205479452,0.0,,0.23076923076923078,0.00821917808219178
2020-11-22,desktop,<Other>,organic,<Other> / organic,Organic Search,38,6,0,2,0,0.15789473684210525,0.0,,0.0,0.0
2020-11-22,desktop,google,organic,google / organic,Organic Search,530,125,0,22,3,0.2358490566037736,0.0,,0.13636363636363635,0.005660377358490566
2020-11-22,desktop,(data deleted),(data deleted),(data deleted) / (data deleted),Other,94,32,0,5,4,0.3404255319148936,0.0,,0.8,0.0425531914893617
2020-11-22,desktop,<Other>,(data deleted),<Other> / (data deleted),Other,3,1,0,1,0,0.3333333333333333,0.0,,0.0,0.0
2020-11-22,desktop,<Other>,<Other>,<Other> / <Other>,Other,232,52,0,5,0,0.22413793103448276,0.0,,0.0,0.0
2020-11-22,desktop,google,cpc,google / cpc,Paid Search,67,15,0,2,0,0.22388059701492538,0.0,,0.0,0.0
2020-11-22,desktop,<Other>,referral,<Other> / referral,Referral,161,36,0,5,1,0.2236024844720497,0.0,,0.2,0.006211180124223602
2020-11-22,desktop,shop.googlemerchandisestore.com,referral,shop.googlemerchandisestore.com / referral,Referral,148,34,0,7,3,0.22972972972972974,0.0,,0.42857142857142855,0.02027027027027027
2020-11-22,mobile,(direct),(none),(direct) / (none),Direct,255,64,0,12,2,0.25098039215686274,0.0,,0.16666666666666666,0.00784313725490196
2020-11-22,mobile,<Other>,organic,<Other> / organic,Organic Search,23,6,0,0,0,0.2608695652173913,0.0,,,0.0
2020-11-22,mobile,google,organic,google / organic,Organic Search,299,84,0,20,8,0.2809364548494983,0.0,,0.4,0.026755852842809364
2020-11-22,mobile,(data deleted),(data deleted),(data deleted) / (data deleted),Other,70,22,0,3,2,0.3142857142857143,0.0,,0.6666666666666666,0.02857142857142857
2020-11-22,mobile,<Other>,<Other>,<Other> / <Other>,Other,131,39,0,5,2,0.29770992366412213,0.0,,0.4,0.015267175572519083
2020-11-22,mobile,google,cpc,google / cpc,Paid Search,37,9,0,1,0,0.24324324324324326,0.0,,0.0,0.0
2020-11-22,mobile,<Other>,referral,<Other> / referral,Referral,97,24,0,3,0,0.24742268041237114,0.0,,0.0,0.0
2020-11-22,mobile,shop.googlemerchandisestore.com,referral,shop.googlemerchandisestore.com / referral,Referral,78,16,0,2,1,0.20512820512820512,0.0,,0.5,0.01282051282051282
2020-11-22,tablet,(direct),(none),(direct) / (none),Direct,13,0,0,0,0,0.0,,,,0.0
2020-11-22,tablet,<Other>,organic,<Other> / organic,Organic Search,3,1,0,0,0,0.3333333333333333,0.0,,,0.0
2020-11-22,tablet,google,organic,google / organic,Organic Search,18,4,0,0,0,0.2222222222222222,0.0,,,0.0
2020-11-22,tablet,(data deleted),(data deleted),(data deleted) / (data deleted),Other,4,1,0,1,0,0.25,0.0,,0.0,0.0
2020-11-22,tablet,<Other>,<Other>,<Other> / <Other>,Other,7,2,0,0,0,0.2857142857142857,0.0,,,0.0
2020-11-22,tablet,google,cpc,google / cpc,Paid Search,2,0,0,0,0,0.0,,,,0.0
2020-11-22,tablet,<Other>,referral,<Other> / referral,Referral,9,0,0,0,0,0.0,,,,0.0
2020-11-22,tablet,shop.googlemerchandisestore.com,referral,shop.googlemerchandisestore.com / referral,Referral,5,2,0,0,0,0.4,0.0,,,0.0
2020-11-23,desktop,(direct),(none),(direct) / (none),Direct,559,121,0,19,6,0.21645796064400716,0.0,,0.3157894736842105,0.01073345259391771
2020-11-23,desktop,<Other>,organic,<Other> / organic,Organic Search,63,13,0,2,0,0.20634920634920634,0.0,,0.0,0.0
2020-11-23,desktop,google,organic,google / organic,Organic Search,723,191,0,30,9,0.2641770401106501,0.0,,0.3,0.012448132780082987
2020-11-23,desktop,(data deleted),(data deleted),(data deleted) / (data deleted),Other,164,36,0,11,6,0.21951219512195122,0.0,,0.5454545454545454,0.036585365853658534
2020-11-23,desktop,<Other>,(data deleted),<Other> / (data deleted),Other,4,0,0,0,0,0.0,,,,0.0
2020-11-23,desktop,<Other>,<Other>,<Other> / <Other>,Other,300,77,0,10,2,0.25666666666666665,0.0,,0.2,0.006666666666666667
2020-11-23,desktop,google,cpc,google / cpc,Paid Search,94,19,0,2,1,0.20212765957446807,0.0,,0.5,0.010638297872340425
2020-11-23,desktop,<Other>,referral,<Other> / referral,Referral,208,53,0,14,3,0.2548076923076923,0.0,,0.21428571428571427,0.014423076923076924
2020-11-23,desktop,shop.googlemerchandisestore.com,referral,shop.googlemerchandisestore.com / referral,Referral,167,43,0,10,5,0.25748502994011974,0.0,,0.5,0.029940119760479042
2020-11-23,mobile,(direct),(none),(direct) / (none),Direct,373,77,0,13,6,0.2064343163538874,0.0,,0.46153846153846156,0.0160857908847185
2020-11-23,mobile,<Other>,organic,<Other> / organic,Organic Search,32,8,0,0,0,0.25,0.0,,,0.0
2020-11-23,mobile,google,organic,google / organic,Organic Search,484,110,0,16,6,0.22727272727272727,0.0,,0.375,0.012396694214876033
2020-11-23,mobile,(data deleted),(data deleted),(data deleted) / (data deleted),Other,142,38,0,5,3,0.2676056338028169,0.0,,0.6,0.02112676056338028
2020-11-23,mobile,<Other>,(data deleted),<Other> / (data deleted),Other,2,0,0,0,0,0.0,,,,0.0
2020-11-23,mobile,<Other>,<Other>,<Other> / <Other>,Other,219,57,0,13,5,0.2602739726027397,0.0,,0.38461538461538464,0.0228310502283105
2020-11-23,mobile,google,cpc,google / cpc,Paid Search,60,22,0,5,2,0.36666666666666664,0.0,,0.4,0.03333333333333333
2020-11-23,mobile,<Other>,referral,<Other> / referral,Referral,144,28,0,4,2,0.19444444444444445,0.0,,0.5,0.013888888888888888
2020-11-23,mobile,shop.googlemerchandisestore.com,referral,shop.googlemerchandisestore.com / referral,Referral,143,31,0,7,2,0.21678321678321677,0.0,,0.2857142857142857,0.013986013986013986
2020-11-23,tablet,(direct),(none),(direct) / (none),Direct,22,2,0,0,0,0.09090909090909091,0.0,,,0.0
2020-11-23,tablet,<Other>,organic,<Other> / organic,Organic Search,2,0,0,0,0,0.0,,,,0.0
2020-11-23,tablet,google,organic,google / organic,Organic Search,31,11,0,4,2,0.3548387096774194,0.0,,0.5,0.06451612903225806
2020-11-23,tablet,(data deleted),(data deleted),(data deleted) / (data deleted),Other,2,1,0,0,0,0.5,0.0,,,0.0
2020-11-23,tablet,<Other>,<Other>,<Other> / <Other>,Other,11,2,0,0,0,0.18181818181818182,0.0,,,0.0
2020-11-23,tablet,google,cpc,google / cpc,Paid Search,2,1,0,1,0,0.5,0.0,,0.0,0.0
2020-11-23,tablet,<Other>,referral,<Other> / referral,Referral,8,5,0,0,0,0.625,0.0,,,0.0
2020-11-23,tablet,shop.googlemerchandisestore.com,referral,shop.googlemerchandisestore.com / referral,Referral,9,5,0,3,2,0.5555555555555556,0.0,,0.6666666666666666,0.2222222222222222
2020-11-24,desktop,(direct),(none),(direct) / (none),Direct,581,155,0,33,16,0.2667814113597246,0.0,,0.48484848484848486,0.027538726333907058
2020-11-24,desktop,<Other>,organic,<Other> / organic,Organic Search,75,26,0,6,4,0.3466666666666667,0.0,,0.6666666666666666,0.05333333333333334
2020-11-24,desktop,google,organic,google / organic,Organic Search,824,192,0,34,18,0.23300970873786409,0.0,,0.5294117647058824,0.021844660194174758
2020-11-24,desktop,(data deleted),(data deleted),(data deleted) / (data deleted),Other,188,55,0,11,9,0.2925531914893617,0.0,,0.8181818181818182,0.047872340425531915
2020-11-24,desktop,<Other>,(data deleted),<Other> / (data deleted),Other,2,1,0,0,0,0.5,0.0,,,0.0
2020-11-24,desktop,<Other>,<Other>,<Other> / <Other>,Other,323,77,0,20,5,0.23839009287925697,0.0,,0.25,0.015479876160990712
2020-11-24,desktop,google,cpc,google / cpc,Paid Search,100,24,0,6,2,0.24,0.0,,0.3333333333333333,0.02
2020-11-24,desktop,<Other>,referral,<Other> / referral,Referral,259,68,0,7,2,0.2625482625482625,0.0,,0.2857142857142857,0.007722007722007722
2020-11-24,desktop,shop.googlemerchandisestore.com,referral,shop.googlemerchandisestore.com / referral,Referral,244,59,0,7,3,0.24180327868852458,0.0,,0.42857142857142855,0.012295081967213115
2020-11-24,mobile,(direct),(none),(direct) / (none),Direct,390,103,0,18,10,0.2641025641025641,0.0,,0.5555555555555556,0.02564102564102564
2020-11-24,mobile,<Other>,organic,<Other> / organic,Organic Search,47,10,0,3,1,0.2127659574468085,0.0,,0.3333333333333333,0.02127659574468085
2020-11-24,mobile,google,organic,google / organic,Organic Search,531,127,0,16,6,0.2391713747645951,0.0,,0.375,0.011299435028248588
2020-11-24,mobile,(data deleted),(data deleted),(data deleted) / (data deleted),Other,142,43,0,10,5,0.3028169014084507,0.0,,0.5,0.035211267605633804
2020-11-24,mobile,<Other>,(data deleted),<Other> / (data deleted),Other,4,1,0,0,0,0.25,0.0,,,0.0
2020-11-24,mobile,<Other>,<Other>,<Other> / <Other>,Other,228,46,0,8,3,0.20175438596491227,0.0,,0.375,0.013157894736842105
2020-11-24,mobile,google,cpc,google / cpc,Paid Search,60,15,0,3,0,0.25,0.0,,0.0,0.0
2020-11-24,mobile,<Other>,referral,<Other> / referral,Referral,183,59,0,15,7,0.3224043715846995,0.0,,0.4666666666666667,0.03825136612021858
2020-11-24,mobile,shop.googlemerchandisestore.com,referral,shop.googlemerchandisestore.com / referral,Referral,170,46,0,9,5,0.27058823529411763,0.0,,0.5555555555555556,0.029411764705882353
2020-11-24,tablet,(direct),(none),(direct) / (none),Direct,21,4,0,0,0,0.19047619047619047,0.0,,,0.0
2020-11-24,tablet,<Other>,organic,<Other> / organic,Organic Search,5,2,0,1,0,0.4,0.0,,0.0,0.0
2020-11-24,tablet,google,organic,google / organic,Organic Search,23,9,0,2,0,0.391304347826087,0.0,,0.0,0.0
2020-11-24,tablet,(data deleted),(data deleted),(data deleted) / (data deleted),Other,7,2,0,0,0,0.2857142857142857,0.0,,,0.0
2020-11-24,tablet,<Other>,<Other>,<Other> / <Other>,Other,7,2,0,1,1,0.2857142857142857,0.0,,1.0,0.14285714285714285
2020-11-24,tablet,google,cpc,google / cpc,Paid Search,3,2,0,0,0,0.6666666666666666,0.0,,,0.0
2020-11-24,tablet,<Other>,referral,<Other> / referral,Referral,13,1,0,0,0,0.07692307692307693,0.0,,,0.0
2020-11-24,tablet,shop.googlemerchandisestore.com,referral,shop.googlemerchandisestore.com / referral,Referral,11,1,0,0,0,0.09090909090909091,0.0,,,0.0
2020-11-25,desktop,(direct),(none),(direct) / (none),Direct,618,158,7,28,10,0.255663430420712,0.04430379746835443,4.0,0.35714285714285715,0.016181229773462782
2020-11-25,desktop,<Other>,organic,<Other> / organic,Organic Search,70,13,1,2,0,0.18571428571428572,0.07692307692307693,2.0,0.0,0.0
2020-11-25,desktop,google,organic,google / organic,Organic Search,829,194,14,32,12,0.23401688781664656,0.07216494845360824,2.2857142857142856,0.375,0.014475271411338963
2020-11-25,desktop,(data deleted),(data deleted),(data deleted) / (data deleted),Other,239,73,8,20,10,0.3054393305439331,0.1095890410958904,2.5,0.5,0.04184100418410042
2020-11-25,desktop,<Other>,(data deleted),<Other> / (data deleted),Other,4,1,0,0,0,0.25,0.0,,,0.0
2020-11-25,desktop,<Other>,<Other>,<Other> / <Other>,Other,350,93,7,16,5,0.26571428571428574,0.07526881720430108,2.2857142857142856,0.3125,0.014285714285714285
2020-11-25,desktop,google,cpc,google / cpc,Paid Search,113,35,1,3,0,0.30973451327433627,0.02857142857142857,3.0,0.0,0.0
2020-11-25,desktop,<Other>,referral,<Other> / referral,Referral,244,61,3,9,5,0.25,0.04918032786885246,3.0,0.5555555555555556,0.020491803278688523
2020-11-25,desktop,shop.googlemerchandisestore.com,referral,shop.googlemerchandisestore.com / referral,Referral,232,64,4,11,6,0.27586206896551724,0.0625,2.75,0.5454545454545454,0.02586206896551724
2020-11-25,mobile,(direct),(none),(direct) / (none),Direct,411,109,6,17,5,0.26520681265206814,0.05504587155963303,2.8333333333333335,0.29411764705882354,0.012165450121654502
2020-11-25,mobile,<Other>,organic,<Other> / organic,Organic Search,36,13,0,1,0,0.3611111111111111,0.0,,0.0,0.0
2020-11-25,mobile,google,organic,google / organic,Organic Search,543,127,10,27,10,0.23388581952117865,0.07874015748031496,2.7,0.37037037037037035,0.01841620626151013
2020-11-25,mobile,(data deleted),(data deleted),(data deleted) / (data deleted),Other,125,42,6,18,9,0.336,0.14285714285714285,3.0,0.5,0.072
2020-11-25,mobile,<Other>,(data deleted),<Other> / (data deleted),Other,2,0,0,0,0,0.0,,,,0.0
2020-11-25,mobile,<Other>,<Other>,<Other> / <Other>,Other,261,72,0,11,2,0.27586206896551724,0.0,,0.18181818181818182,0.007662835249042145
2020-11-25,mobile,google,cpc,google / cpc,Paid Search,74,16,1,4,1,0.21621621621621623,0.0625,4.0,0.25,0.013513513513513514
2020-11-25,mobile,<Other>,referral,<Other> / referral,Referral,208,50,3,11,4,0.2403846153846154,0.06,3.6666666666666665,0.36363636363636365,0.019230769230769232
2020-11-25,mobile,shop.googlemerchandisestore.com,referral,shop.googlemerchandisestore.com / referral,Referral,165,47,5,12,6,0.28484848484848485,0.10638297872340426,2.4,0.5,0.03636363636363636
2020-11-25,tablet,(direct),(none),(direct) / (none),Direct,14,2,0,0,0,0.14285714285714285,0.0,,,0.0
2020-11-25,tablet,<Other>,organic,<Other> / organic,Organic Search,3,0,0,0,0,0.0,,,,0.0
2020-11-25,tablet,google,organic,google / organic,Organic Search,30,12,1,3,0,0.4,0.08333333333333333,3.0,0.0,0.0
2020-11-25,tablet,(data deleted),(data deleted),(data deleted) / (data deleted),Other,11,5,0,2,1,0.45454545454545453,0.0,,0.5,0.09090909090909091
2020-11-25,tablet,<Other>,<Other>,<Other> / <Other>,Other,13,2,1,0,0,0.15384615384615385,0.5,0.0,,0.0
2020-11-25,tablet,google,cpc,google / cpc,Paid Search,4,1,0,0,0,0.25,0.0,,,0.0
2020-11-25,tablet,<Other>,referral,<Other> / referral,Referral,14,3,0,0,0,0.21428571428571427,0.0,,,0.0
2020-11-25,tablet,shop.googlemerchandisestore.com,referral,shop.googlemerchandisestore.com / referral,Referral,6,3,0,0,0,0.5,0.0,,,0.0
2020-11-26,desktop,(direct),(none),(direct) / (none),Direct,529,109,35,20,4,0.2060491493383743,0.3211009174311927,0.5714285714285714,0.2,0.007561436672967864
2020-11-26,desktop,<Other>,organic,<Other> / organic,Organic Search,53,8,3,2,1,0.1509433962264151,0.375,0.6666666666666666,0.5,0.018867924528301886
2020-11-26,desktop,google,organic,google / organic,Organic Search,739,153,55,38,12,0.2070365358592693,0.35947712418300654,0.6909090909090909,0.3157894736842105,0.016238159675236806
2020-11-26,desktop,(data deleted),(data deleted),(data deleted) / (data deleted),Other,172,46,14,11,3,0.26744186046511625,0.30434782608695654,0.7857142857142857,0.2727272727272727,0.01744186046511628
2020-11-26,desktop,<Other>,(data deleted),<Other> / (data deleted),Other,6,2,0,1,0,0.3333333333333333,0.0,,0.0,0.0
2020-11-26,desktop,<Other>,<Other>,<Other> / <Other>,Other,361,80,28,12,3,0.22160664819944598,0.35,0.42857142857142855,0.25,0.008310249307479225
2020-11-26,desktop,google,cpc,google / cpc,Paid Search,92,23,7,6,1,0.25,0.30434782608695654,0.8571428571428571,0.16666666666666666,0.010869565217391304
2020-11-26,desktop,<Other>,referral,<Other> / referral,Referral,228,49,12,12,3,0.2149122807017544,0.24489795918367346,1.0,0.25,0.013157894736842105
2020-11-26,desktop,shop.googlemerchandisestore.com,referral,shop.googlemerchandisestore.com / referral,Referral,200,41,12,12,2,0.205,0.2926829268292683,1.0,0.16666666666666666,0.01
2020-11-26,mobile,(direct),(none),(direct) / (none),Direct,449,80,22,19,4,0.17817371937639198,0.275,0.8636363636363636,0.21052631578947367,0.008908685968819599
2020-11-26,mobile,<Other>,organic,<Other> / organic,Organic Search,50,12,3,4,2,0.24,0.25,1.3333333333333333,0.5,0.04
2020-11-26,mobile,google,organic,google / organic,Organic Search,527,112,31,20,9,0.2125237191650854,0.2767857142857143,0.6451612903225806,0.45,0.017077798861480076
2020-11-26,mobile,(data deleted),(data deleted),(data deleted) / (data deleted),Other,120,27,10,4,1,0.225,0.37037037037037035,0.4,0.25,0.008333333333333333
2020-11-26,mobile,<Other>,(data deleted),<Other> / (data deleted),Other,3,0,0,0,0,0.0,,,,0.0
2020-11-26,mobile,<Other>,<Other>,<Other> / <Other>,Other,239,57,20,8,4,0.2384937238493724,0.3508771929824561,0.4,0.5,0.016736401673640166
2020-11-26,mobile,google,cpc,google / cpc,Paid Search,60,13,5,3,1,0.21666666666666667,0.38461538461538464,0.6,0.3333333333333333,0.016666666666666666
2020-11-26,mobile,<Other>,referral,<Other> / referral,Referral,134,25,7,9,3,0.1865671641791045,0.28,1.2857142857142858,0.3333333333333333,0.022388059701492536
2020-11-26,mobile,shop.googlemerchandisestore.com,referral,shop.googlemerchandisestore.com / referral,Referral,131,35,12,6,1,0.26717557251908397,0.34285714285714286,0.5,0.16666666666666666,0.007633587786259542
2020-11-26,tablet,(direct),(none),(direct) / (none),Direct,17,3,1,2,1,0.17647058823529413,0.3333333333333333,2.0,0.5,0.058823529411764705
2020-11-26,tablet,<Other>,organic,<Other> / organic,Organic Search,3,0,0,0,0,0.0,,,,0.0
2020-11-26,tablet,google,organic,google / organic,Organic Search,31,10,4,0,0,0.3225806451612903,0.4,0.0,,0.0
2020-11-26,tablet,(data deleted),(data deleted),(data deleted) / (data deleted),Other,10,3,1,1,0,0.3,0.3333333333333333,1.0,0.0,0.0
2020-11-26,tablet,<Other>,<Other>,<Other> / <Other>,Other,12,4,1,0,0,0.3333333333333333,0.25,0.0,,0.0
2020-11-26,tablet,google,cpc,google / cpc,Paid Search,3,1,0,0,0,0.3333333333333333,0.0,,,0.0
2020-11-26,tablet,<Other>,referral,<Other> / referral,Referral,16,3,2,0,0,0.1875,0.6666666666666666,0.0,,0.0
2020-11-26,tablet,shop.googlemerchandisestore.com,referral,shop.googlemerchandisestore.com / referral,Referral,5,2,1,0,0,0.4,0.5,0.0,,0.0
2020-11-27,desktop,(direct),(none),(direct) / (none),Direct,519,114,35,23,9,0.21965317919075145,0.30701754385964913,0.6571428571428571,0.391304347826087,0.017341040462427744
2020-11-27,desktop,<Other>,organic,<Other> / organic,Organic Search,74,10,4,1,0,0.13513513513513514,0.4,0.25,0.0,0.0
2020-11-27,desktop,google,organic,google / organic,Organic Search,689,154,52,30,7,0.22351233671988388,0.33766233766233766,0.5769230769230769,0.23333333333333334,0.010159651669085631
2020-11-27,desktop,(data deleted),(data deleted),(data deleted) / (data deleted),Other,153,37,16,16,13,0.24183006535947713,0.43243243243243246,1.0,0.8125,0.08496732026143791
2020-11-27,desktop,<Other>,(data deleted),<Other> / (data deleted),Other,5,1,1,1,1,0.2,1.0,1.0,1.0,0.2
2020-11-27,desktop,<Other>,<Other>,<Other> / <Other>,Other,354,61,26,18,6,0.17231638418079095,0.4262295081967213,0.6923076923076923,0.3333333333333333,0.01694915254237288
2020-11-27,desktop,google,cpc,google / cpc,Paid Search,96,27,13,7,2,0.28125,0.48148148148148145,0.5384615384615384,0.2857142857142857,0.020833333333333332
2020-11-27,desktop,<Other>,referral,<Other> / referral,Referral,225,60,23,11,5,0.26666666666666666,0.38333333333333336,0.4782608695652174,0.45454545454545453,0.022222222222222223
2020-11-27,desktop,shop.googlemerchandisestore.com,referral,shop.googlemerchandisestore.com / referral,Referral,186,44,20,14,9,0.23655913978494625,0.45454545454545453,0.7,0.6428571428571429,0.04838709677419355
2020-11-27,mobile,(direct),(none),(direct) / (none),Direct,383,71,26,19,11,0.185378590078329,0.36619718309859156,0.7307692307692307,0.5789473684210527,0.028720626631853787
2020-11-27,mobile,<Other>,organic,<Other> / organic,Organic Search,54,18,8,3,0,0.3333333333333333,0.4444444444444444,0.375,0.0,0.0
2020-11-27,mobile,google,organic,google / organic,Organic Search,473,94,39,12,6,0.19873150105708245,0.4148936170212766,0.3076923076923077,0.5,0.012684989429175475
2020-11-27,mobile,(data deleted),(data deleted),(data deleted) / (data deleted),Other,81,15,7,6,4,0.18518518518518517,0.4666666666666667,0.8571428571428571,0.6666666666666666,0.04938271604938271
2020-11-27,mobile,<Other>,(data deleted),<Other> / (data deleted),Other,2,1,0,0,0,0.5,0.0,,,0.0
2020-11-27,mobile,<Other>,<Other>,<Other> / <Other>,Other,233,59,21,8,1,0.2532188841201717,0.3559322033898305,0.38095238095238093,0.125,0.004291845493562232
2020-11-27,mobile,google,cpc,google / cpc,Paid Search,82,20,8,4,3,0.24390243902439024,0.4,0.5,0.75,0.036585365853658534
2020-11-27,mobile,<Other>,referral,<Other> / referral,Referral,154,31,7,6,2,0.2012987012987013,0.22580645161290322,0.8571428571428571,0.3333333333333333,0.012987012987012988
2020-11-27,mobile,shop.googlemerchandisestore.com,referral,shop.googlemerchandisestore.com / referral,Referral,130,33,12,8,6,0.25384615384615383,0.36363636363636365,0.6666666666666666,0.75,0.046153846153846156
2020-11-27,tablet,(direct),(none),(direct) / (none),Direct,23,6,1,0,0,0.2608695652173913,0.16666666666666666,0.0,,0.0
2020-11-27,tablet,<Other>,organic,<Other> / organic,Organic Search,1,0,0,0,0,0.0,,,,0.0
2020-11-27,tablet,google,organic,google / organic,Organic Search,26,5,4,4,1,0.19230769230769232,0.8,1.0,0.25,0.038461538461538464
2020-11-27,tablet,(data deleted),(data deleted),(data deleted) / (data deleted),Other,5,3,2,1,1,0.6,0.6666666666666666,0.5,1.0,0.2
2020-11-27,tablet,<Other>,<Other>,<Other> / <Other>,Other,17,6,1,0,0,0.35294117647058826,0.16666666666666666,0.0,,0.0
2020-11-27,tablet,google,cpc,google / cpc,Paid Search,10,2,0,0,0,0.2,0.0,,,0.0
2020-11-27,tablet,<Other>,referral,<Other> / referral,Referral,4,2,1,1,1,0.5,0.5,1.0,1.0,0.25
2020-11-27,tablet,shop.googlemerchandisestore.com,referral,shop.googlemerchandisestore.com / referral,Referral,6,3,2,2,2,0.5,0.6666666666666666,1.0,1.0,0.3333333333333333
2020-11-28,desktop,(direct),(none),(direct) / (none),Direct,504,113,42,23,8,0.22420634920634921,0.37168141592920356,0.5476190476190477,0.34782608695652173,0.015873015873015872
2020-11-28,desktop,<Other>,organic,<Other> / organic,Organic Search,55,13,6,3,2,0.23636363636363636,0.46153846153846156,0.5,0.6666666666666666,0.03636363636363636
2020-11-28,desktop,google,organic,google / organic,Organic Search,590,131,53,28,11,0.22203389830508474,0.40458015267175573,0.5283018867924528,0.39285714285714285,0.01864406779661017
2020-11-28,desktop,(data deleted),(data deleted),(data deleted) / (data deleted),Other,98,26,13,10,4,0.2653061224489796,0.5,0.7692307692307693,0.4,0.04081632653061224
2020-11-28,desktop,<Other>,(data deleted),<Other> / (data deleted),Other,3,1,0,0,0,0.3333333333333333,0.0,,,0.0
2020-11-28,desktop,<Other>,<Other>,<Other> / <Other>,Other,309,60,26,14,4,0.1941747572815534,0.43333333333333335,0.5384615384615384,0.2857142857142857,0.012944983818770227
2020-11-28,desktop,google,cpc,google / cpc,Paid Search,77,30,8,4,1,0.38961038961038963,0.26666666666666666,0.5,0.25,0.012987012987012988
2020-11-28,desktop,<Other>,referral,<Other> / referral,Referral,201,49,20,8,2,0.24378109452736318,0.40816326530612246,0.4,0.25,0.009950248756218905
2020-11-28,desktop,shop.googlemerchandisestore.com,referral,shop.googlemerchandisestore.com / referral,Referral,133,24,10,4,4,0.18045112781954886,0.4166666666666667,0.4,1.0,0.03007518796992481
2020-11-28,mobile,(direct),(none),(direct) / (none),Direct,308,70,22,14,8,0.22727272727272727,0.3142857142857143,0.6363636363636364,0.5714285714285714,0.025974025974025976
2020-11-28,mobile,<Other>,organic,<Other> / organic,Organic Search,40,8,2,1,0,0.2,0.25,0.5,0.0,0.0
2020-11-28,mobile,google,organic,google / organic,Organic Search,442,93,31,17,9,0.21040723981900453,0.3333333333333333,0.5483870967741935,0.5294117647058824,0.020361990950226245
2020-11-28,mobile,(data deleted),(data deleted),(data deleted) / (data deleted),Other,76,14,7,4,4,0.18421052631578946,0.5,0.5714285714285714,1.0,0.05263157894736842
2020-11-28,mobile,<Other>,(data deleted),<Other> / (data deleted),Other,1,1,0,0,0,1.0,0.0,,,0.0
2020-11-28,mobile,<Other>,<Other>,<Other> / <Other>,Other,189,49,18,9,6,0.25925925925925924,0.3673469387755102,0.5,0.6666666666666666,0.031746031746031744
2020-11-28,mobile,google,cpc,google / cpc,Paid Search,51,8,4,3,1,0.1568627450980392,0.5,0.75,0.3333333333333333,0.0196078431372549
2020-11-28,mobile,<Other>,referral,<Other> / referral,Referral,146,35,10,8,6,0.23972602739726026,0.2857142857142857,0.8,0.75,0.0410958904109589
2020-11-28,mobile,shop.googlemerchandisestore.com,referral,shop.googlemerchandisestore.com / referral,Referral,106,22,9,6,3,0.20754716981132076,0.4090909090909091,0.6666666666666666,0.5,0.02830188679245283
2020-11-28,tablet,(direct),(none),(direct) / (none),Direct,13,0,0,0,0,0.0,,,,0.0
2020-11-28,tablet,<Other>,organic,<Other> / organic,Organic Search,1,0,0,0,0,0.0,,,,0.0
2020-11-28,tablet,google,organic,google / organic,Organic Search,23,5,2,1,0,0.21739130434782608,0.4,0.5,0.0,0.0
2020-11-28,tablet,(data deleted),(data deleted),(data deleted) / (data deleted),Other,1,0,0,0,0,0.0,,,,0.0
2020-11-28,tablet,<Other>,<Other>,<Other> / <Other>,Other,10,5,1,2,1,0.5,0.2,2.0,0.5,0.1
2020-11-28,tablet,google,cpc,google / cpc,Paid Search,3,0,0,0,0,0.0,,,,0.0
2020-11-28,tablet,<Other>,referral,<Other> / referral,Referral,5,0,0,0,0,0.0,,,,0.0
2020-11-28,tablet,shop.googlemerchandisestore.com,referral,shop.googlemerchandisestore.com / referral,Referral,11,2,0,1,1,0.18181818181818182,0.0,,1.0,0.09090909090909091
2020-11-29,desktop,(direct),(none),(direct) / (none),Direct,426,90,33,13,4,0.2112676056338028,0.36666666666666664,0.3939393939393939,0.3076923076923077,0.009389671361502348
2020-11-29,desktop,<Other>,organic,<Other> / organic,Organic Search,54,10,3,2,1,0.18518518518518517,0.3,0.6666666666666666,0.5,0.018518518518518517
2020-11-29,desktop,google,organic,google / organic,Organic Search,555,123,44,20,6,0.22162162162162163,0.35772357723577236,0.45454545454545453,0.3,0.010810810810810811
2020-11-29,desktop,(data deleted),(data deleted),(data deleted) / (data deleted),Other,116,28,13,7,5,0.2413793103448276,0.4642857142857143,0.5384615384615384,0.7142857142857143,0.04310344827586207
2020-11-29,desktop,<Other>,(data deleted),<Other> / (data deleted),Other,3,0,0,1,1,0.0,,,1.0,0.3333333333333333
2020-11-29,desktop,<Other>,<Other>,<Other> / <Other>,Other,279,69,24,12,4,0.24731182795698925,0.34782608695652173,0.5,0.3333333333333333,0.014336917562724014
2020-11-29,desktop,google,cpc,google / cpc,Paid Search,79,17,5,2,1,0.21518987341772153,0.29411764705882354,0.4,0.5,0.012658227848101266
2020-11-29,desktop,<Other>,referral,<Other> / referral,Referral,192,46,14,6,2,0.23958333333333334,0.30434782608695654,0.42857142857142855,0.3333333333333333,0.010416666666666666
2020-11-29,desktop,shop.googlemerchandisestore.com,referral,shop.googlemerchandisestore.com / referral,Referral,166,38,16,6,4,0.2289156626506024,0.42105263157894735,0.375,0.6666666666666666,0.024096385542168676
2020-11-29,mobile,(direct),(none),(direct) / (none),Direct,311,69,31,11,2,0.22186495176848875,0.4492753623188406,0.3548387096774194,0.18181818181818182,0.006430868167202572
2020-11-29,mobile,<Other>,organic,<Other> / organic,Organic Search,43,6,0,1,1,0.13953488372093023,0.0,,1.0,0.023255813953488372
2020-11-29,mobile,google,organic,google / organic,Organic Search,424,93,36,20,9,0.21933962264150944,0.3870967741935484,0.5555555555555556,0.45,0.02122641509433962
2020-11-29,mobile,(data deleted),(data deleted),(data deleted) / (data deleted),Other,85,20,9,5,4,0.23529411764705882,0.45,0.5555555555555556,0.8,0.047058823529411764
2020-11-29,mobile,<Other>,(data deleted),<Other> / (data deleted),Other,1,0,0,0,0,0.0,,,,0.0
2020-11-29,mobile,<Other>,<Other>,<Other> / <Other>,Other,210,37,13,8,1,0.1761904761904762,0.35135135135135137,0.6153846153846154,0.125,0.004761904761904762
2020-11-29,mobile,google,cpc,google / cpc,Paid Search,48,4,1,0,0,0.08333333333333333,0.25,0.0,,0.0
2020-11-29,mobile,<Other>,referral,<Other> / referral,Referral,114,21,9,5,2,0.18421052631578946,0.42857142857142855,0.5555555555555556,0.4,0.017543859649122806
2020-11-29,mobile,shop.googlemerchandisestore.com,referral,shop.googlemerchandisestore.com / referral,Referral,91,20,6,1,0,0.21978021978021978,0.3,0.16666666666666666,0.0,0.0
2020-11-29,tablet,(direct),(none),(direct) / (none),Direct,16,3,2,2,1,0.1875,0.6666666666666666,1.0,0.5,0.0625
2020-11-29,tablet,<Other>,organic,<Other> / organic,Organic Search,1,0,0,0,0,0.0,,,,0.0
2020-11-29,tablet,google,organic,google / organic,Organic Search,19,3,0,0,0,0.15789473684210525,0.0,,,0.0
2020-11-29,tablet,(data deleted),(data deleted),(data deleted) / (data deleted),Other,6,1,0,1,0,0.16666666666666666,0.0,,0.0,0.0
2020-11-29,tablet,<Other>,<Other>,<Other> / <Other>,Other,9,4,2,1,0,0.4444444444444444,0.5,0.5,0.0,0.0
2020-11-29,tablet,google,cpc,google / cpc,Paid Search,3,1,1,0,0,0.3333333333333333,1.0,0.0,,0.0
2020-11-29,tablet,<Other>,referral,<Other> / referral,Referral,4,0,0,0,0,0.0,,,,0.0
2020-11-29,tablet,shop.googlemerchandisestore.com,referral,shop.googlemerchandisestore.com / referral,Referral,7,3,2,1,1,0.42857142857142855,0.6666666666666666,0.5,1.0,0.14285714285714285
2020-11-30,desktop,(direct),(none),(direct) / (none),Direct,579,151,59,34,13,0.2607944732297064,0.39072847682119205,0.576271186440678,0.38235294117647056,0.022452504317789293
2020-11-30,desktop,<Other>,organic,<Other> / organic,Organic Search,85,29,10,2,1,0.3411764705882353,0.3448275862068966,0.2,0.5,0.011764705882352941
2020-11-30,desktop,google,organic,google / organic,Organic Search,832,205,69,40,19,0.24639423076923078,0.33658536585365856,0.5797101449275363,0.475,0.02283653846153846
2020-11-30,desktop,(data deleted),(data deleted),(data deleted) / (data deleted),Other,186,37,20,10,8,0.1989247311827957,0.5405405405405406,0.5,0.8,0.043010752688172046
2020-11-30,desktop,<Other>,(data deleted),<Other> / (data deleted),Other,1,0,0,0,0,0.0,,,,0.0
2020-11-30,desktop,<Other>,<Other>,<Other> / <Other>,Other,396,109,29,18,5,0.27525252525252525,0.26605504587155965,0.6206896551724138,0.2777777777777778,0.012626262626262626
2020-11-30,desktop,google,cpc,google / cpc,Paid Search,127,39,15,7,6,0.30708661417322836,0.38461538461538464,0.4666666666666667,0.8571428571428571,0.047244094488188976
2020-11-30,desktop,<Other>,referral,<Other> / referral,Referral,271,77,28,13,7,0.28413284132841327,0.36363636363636365,0.4642857142857143,0.5384615384615384,0.025830258302583026
2020-11-30,desktop,shop.googlemerchandisestore.com,referral,shop.googlemerchandisestore.com / referral,Referral,222,61,23,17,10,0.2747747747747748,0.3770491803278688,0.7391304347826086,0.5882352941176471,0.04504504504504504
2020-11-30,mobile,(direct),(none),(direct) / (none),Direct,393,95,34,21,11,0.24173027989821882,0.35789473684210527,0.6176470588235294,0.5238095238095238,0.027989821882951654
2020-11-30,mobile,<Other>,organic,<Other> / organic,Organic Search,51,11,3,2,1,0.21568627450980393,0.2727272727272727,0.6666666666666666,0.5,0.0196078431372549
2020-11-30,mobile,google,organic,google / organic,Organic Search,545,140,44,27,16,0.25688073394495414,0.3142857142857143,0.6136363636363636,0.5925925925925926,0.029357798165137616
2020-11-30,mobile,(data deleted),(data deleted),(data deleted) / (data deleted),Other,150,44,22,9,5,0.29333333333333333,0.5,0.4090909090909091,0.5555555555555556,0.03333333333333333
2020-11-30,mobile,<Other>,(data deleted),<Other> / (data deleted),Other,3,1,1,1,1,0.3333333333333333,1.0,1.0,1.0,0.3333333333333333
2020-11-30,mobile,<Other>,<Other>,<Other> / <Other>,Other,232,64,20,11,7,0.27586206896551724,0.3125,0.55,0.6363636363636364,0.03017241379310345
2020-11-30,mobile,google,cpc,google / cpc,Paid Search,94,18,8,2,1,0.19148936170212766,0.4444444444444444,0.25,0.5,0.010638297872340425
2020-11-30,mobile,<Other>,referral,<Other> / referral,Referral,179,55,25,15,8,0.30726256983240224,0.45454545454545453,0.6,0.5333333333333333,0.0446927374301676
2020-11-30,mobile,shop.googlemerchandisestore.com,referral,shop.googlemerchandisestore.com / referral,Referral,141,37,15,11,7,0.2624113475177305,0.40540540540540543,0.7333333333333333,0.6363636363636364,0.04964539007092199
2020-11-30,tablet,(direct),(none),(direct) / (none),Direct,20,4,0,1,0,0.2,0.0,,0.0,0.0
2020-11-30,tablet,<Other>,organic,<Other> / organic,Organic Search,1,0,0,0,0,0.0,,,,0.0
2020-11-30,tablet,google,organic,google / organic,Organic Search,48,7,1,1,0,0.14583333333333334,0.14285714285714285,1.0,0.0,0.0
2020-11-30,tablet,(data deleted),(data deleted),(data deleted) / (data deleted),Other,5,2,0,0,0,0.4,0.0,,,0.0
2020-11-30,tablet,<Other>,<Other>,<Other> / <Other>,Other,12,2,2,1,1,0.16666666666666666,1.0,0.5,1.0,0.08333333333333333
2020-11-30,tablet,google,cpc,google / cpc,Paid Search,5,1,0,0,0,0.2,0.0,,,0.0
2020-11-30,tablet,<Other>,referral,<Other> / referral,Referral,9,2,2,0,0,0.2222222222222222,1.0,0.0,,0.0
2020-11-30,tablet,shop.googlemerchandisestore.com,referral,shop.googlemerchandisestore.com / referral,Referral,6,3,1,0,0,0.5,0.3333333333333333,0.0,,0.0
2020-12-01,desktop,(direct),(none),(direct) / (none),Direct,661,165,57,31,10,0.24962178517397882,0.34545454545454546,0.543859649122807,0.3225806451612903,0.015128593040847202
2020-12-01,desktop,<Other>,organic,<Other> / organic,Organic Search,76,20,8,3,0,0.2631578947368421,0.4,0.375,0.0,0.0
2020-12-01,desktop,google,organic,google / organic,Organic Search,897,234,77,40,13,0.2608695652173913,0.32905982905982906,0.5194805194805194,0.325,0.014492753623188406
2020-12-01,desktop,(data deleted),(data deleted),(data deleted) / (data deleted),Other,197,53,18,12,10,0.26903553299492383,0.33962264150943394,0.6666666666666666,0.8333333333333334,0.050761421319796954
2020-12-01,desktop,<Other>,(data deleted),<Other> / (data deleted),Other,4,3,1,0,0,0.75,0.3333333333333333,0.0,,0.0
2020-12-01,desktop,<Other>,<Other>,<Other> / <Other>,Other,382,86,42,21,11,0.225130890052356,0.4883720930232558,0.5,0.5238095238095238,0.028795811518324606
2020-12-01,desktop,google,cpc,google / cpc,Paid Search,108,23,7,6,2,0.21296296296296297,0.30434782608695654,0.8571428571428571,0.3333333333333333,0.018518518518518517
2020-12-01,desktop,<Other>,referral,<Other> / referral,Referral,301,74,34,20,9,0.24584717607973422,0.4594594594594595,0.5882352941176471,0.45,0.029900332225913623
2020-12-01,desktop,shop.googlemerchandisestore.com,referral,shop.googlemerchandisestore.com / referral,Referral,288,64,21,8,4,0.2222222222222222,0.328125,0.38095238095238093,0.5,0.013888888888888888
2020-12-01,mobile,(direct),(none),(direct) / (none),Direct,451,128,47,24,12,0.2838137472283814,0.3671875,0.5106382978723404,0.5,0.026607538802660754
2020-12-01,mobile,<Other>,organic,<Other> / organic,Organic Search,51,15,3,0,0,0.29411764705882354,0.2,0.0,,0.0
2020-12-01,mobile,google,organic,google / organic,Organic Search,616,161,57,19,8,0.26136363636363635,0.35403726708074534,0.3333333333333333,0.42105263157894735,0.012987012987012988
2020-12-01,mobile,(data deleted),(data deleted),(data deleted) / (data deleted),Other,144,37,18,8,4,0.2569444444444444,0.4864864864864865,0.4444444444444444,0.5,0.027777777777777776
2020-12-01,mobile,<Other>,(data deleted),<Other> / (data deleted),Other,1,0,0,0,0,0.0,,,,0.0
2020-12-01,mobile,<Other>,<Other>,<Other> / <Other>,Other,289,65,21,12,6,0.22491349480968859,0.3230769230769231,0.5714285714285714,0.5,0.020761245674740483
2020-12-01,mobile,google,cpc,google / cpc,Paid Search,95,26,12,3,1,0.2736842105263158,0.46153846153846156,0.25,0.3333333333333333,0.010526315789473684
2020-12-01,mobile,<Other>,referral,<Other> / referral,Referral,180,42,13,6,4,0.23333333333333334,0.30952380952380953,0.46153846153846156,0.6666666666666666,0.022222222222222223
2020-12-01,mobile,shop.googlemerchandisestore.com,referral,shop.googlemerchandisestore.com / referral,Referral,151,39,13,11,5,0.2582781456953642,0.3333333333333333,0.8461538461538461,0.45454545454545453,0.033112582781456956
2020-12-01,tablet,(direct),(none),(direct) / (none),Direct,24,7,2,1,1,0.2916666666666667,0.2857142857142857,0.5,1.0,0.041666666666666664
2020-12-01,tablet,google,organic,google / organic,Organic Search,35,10,6,3,0,0.2857142857142857,0.6,0.5,0.0,0.0
2020-12-01,tablet,(data deleted),(data deleted),(data deleted) / (data deleted),Other,10,3,1,0,0,0.3,0.3333333333333333,0.0,,0.0
2020-12-01,tablet,<Other>,<Other>,<Other> / <Other>,Other,14,3,1,1,0,0.21428571428571427,0.3333333333333333,1.0,0.0,0.0
2020-12-01,tablet,google,cpc,google / cpc,Paid Search,1,1,0,0,0,1.0,0.0,,,0.0
2020-12-01,tablet,<Other>,referral,<Other> / referral,Referral,13,3,0,0,0,0.23076923076923078,0.0,,,0.0
2020-12-01,tablet,shop.googlemerchandisestore.com,referral,shop.googlemerchandisestore.com / referral,Referral,11,3,1,0,0,0.2727272727272727,0.3333333333333333,0.0,,0.0
2020-12-02,desktop,(direct),(none),(direct) / (none),Direct,657,177,64,31,10,0.2694063926940639,0.3615819209039548,0.484375,0.3225806451612903,0.015220700152207
2020-12-02,desktop,<Other>,organic,<Other> / organic,Organic Search,81,19,2,1,0,0.2345679012345679,0.10526315789473684,0.5,0.0,0.0
2020-12-02,desktop,google,organic,google / organic,Organic Search,844,222,70,36,14,0.26303317535545023,0.3153153153153153,0.5142857142857142,0.3888888888888889,0.016587677725118485
2020-12-02,desktop,(data deleted),(data deleted),(data deleted) / (data deleted),Other,208,55,15,9,3,0.2644230769230769,0.2727272727272727,0.6,0.3333333333333333,0.014423076923076924
2020-12-02,desktop,<Other>,(data deleted),<Other> / (data deleted),Other,6,1,1,1,0,0.16666666666666666,1.0,1.0,0.0,0.0
2020-12-02,desktop,<Other>,<Other>,<Other> / <Other>,Other,392,97,33,16,5,0.24744897959183673,0.3402061855670103,0.48484848484848486,0.3125,0.012755102040816327
2020-12-02,desktop,google,cpc,google / cpc,Paid Search,135,37,10,4,3,0.2740740740740741,0.2702702702702703,0.4,0.75,0.022222222222222223
2020-12-02,desktop,<Other>,referral,<Other> / referral,Referral,247,54,16,11,4,0.21862348178137653,0.2962962962962963,0.6875,0.36363636363636365,0.016194331983805668
2020-12-02,desktop,shop.googlemerchandisestore.com,referral,shop.googlemerchandisestore.com / referral,Referral,252,72,24,14,5,0.2857142857142857,0.3333333333333333,0.5833333333333334,0.35714285714285715,0.01984126984126984
2020-12-02,mobile,(direct),(none),(direct) / (none),Direct,405,101,23,12,3,0.24938271604938272,0.22772277227722773,0.5217391304347826,0.25,0.007407407407407408
2020-12-02,mobile,<Other>,organic,<Other> / organic,Organic Search,54,11,2,1,1,0.2037037037037037,0.18181818181818182,0.5,1.0,0.018518518518518517
2020-12-02,mobile,google,organic,google / organic,Organic Search,625,139,52,30,7,0.2224,0.37410071942446044,0.5769230769230769,0.23333333333333334,0.0112
2020-12-02,mobile,(data deleted),(data deleted),(data deleted) / (data deleted),Other,120,34,14,8,5,0.2833333333333333,0.4117647058823529,0.5714285714285714,0.625,0.041666666666666664
2020-12-02,mobile,<Other>,(data deleted),<Other> / (data deleted),Other,4,1,0,0,0,0.25,0.0,,,0.0
2020-12-02,mobile,<Other>,<Other>,<Other> / <Other>,Other,237,61,26,17,5,0.25738396624472576,0.4262295081967213,0.6538461538461539,0.29411764705882354,0.02109704641350211
2020-12-02,mobile,google,cpc,google / cpc,Paid Search,75,21,9,5,2,0.28,0.42857142857142855,0.5555555555555556,0.4,0.02666666666666667
2020-12-02,mobile,<Other>,referral,<Other> / referral,Referral,181,44,13,5,2,0.2430939226519337,0.29545454545454547,0.38461538461538464,0.4,0.011049723756906077
2020-12-02,mobile,shop.googlemerchandisestore.com,referral,shop.googlemerchandisestore.com / referral,Referral,173,40,13,7,3,0.23121387283236994,0.325,0.5384615384615384,0.42857142857142855,0.017341040462427744
2020-12-02,tablet,(direct),(none),(direct) / (none),Direct,25,9,2,1,0,0.36,0.2222222222222222,0.5,0.0,0.0
2020-12-02,tablet,<Other>,organic,<Other> / organic,Organic Search,6,2,0,0,0,0.3333333333333333,0.0,,,0.0
2020-12-02,tablet,google,organic,google / organic,Organic Search,39,9,2,0,0,0.23076923076923078,0.2222222222222222,0.0,,0.0
2020-12-02,tablet,(data deleted),(data deleted),(data deleted) / (data deleted),Other,11,4,1,2,2,0.36363636363636365,0.25,2.0,1.0,0.18181818181818182
2020-12-02,tablet,<Other>,<Other>,<Other> / <Other>,Other,17,3,1,0,0,0.17647058823529413,0.3333333333333333,0.0,,0.0
2020-12-02,tablet,google,cpc,google / cpc,Paid Search,4,0,0,0,0,0.0,,,,0.0
2020-12-02,tablet,<Other>,referral,<Other> / referral,Referral,6,0,0,0,0,0.0,,,,0.0
2020-12-02,tablet,shop.googlemerchandisestore.com,referral,shop.googlemerchandisestore.com / referral,Referral,10,2,1,1,1,0.2,0.5,1.0,1.0,0.1
2020-12-03,desktop,(direct),(none),(direct) / (none),Direct,709,186,53,33,15,0.2623413258110014,0.2849462365591398,0.6226415094339622,0.45454545454545453,0.021156558533145273
2020-12-03,desktop,<Other>,organic,<Other> / organic,Organic Search,92,23,7,5,2,0.25,0.30434782608695654,0.7142857142857143,0.4,0.021739130434782608
2020-12-03,desktop,google,organic,google / organic,Organic Search,951,234,63,39,16,0.24605678233438485,0.2692307692307692,0.6190476190476191,0.41025641025641024,0.016824395373291272
2020-12-03,desktop,(data deleted),(data deleted),(data deleted) / (data deleted),Other,195,54,17,10,5,0.27692307692307694,0.3148148148148148,0.5882352941176471,0.5,0.02564102564102564
2020-12-03,desktop,<Other>,(data deleted),<Other> / (data deleted),Other,1,0,0,0,0,0.0,,,,0.0
2020-12-03,desktop,<Other>,<Other>,<Other> / <Other>,Other,416,110,32,18,10,0.2644230769230769,0.2909090909090909,0.5625,0.5555555555555556,0.02403846153846154
2020-12-03,desktop,google,cpc,google / cpc,Paid Search,145,27,8,4,1,0.18620689655172415,0.2962962962962963,0.5,0.25,0.006896551724137931
2020-12-03,desktop,<Other>,referral,<Other> / referral,Referral,303,81,19,8,3,0.26732673267326734,0.2345679012345679,0.42105263157894735,0.375,0.009900990099009901
2020-12-03,desktop,shop.googlemerchandisestore.com,referral,shop.googlemerchandisestore.com / referral,Referral,271,70,24,12,5,0.25830258302583026,0.34285714285714286,0.5,0.4166666666666667,0.01845018450184502
2020-12-03,mobile,(direct),(none),(direct) / (none),Direct,443,111,41,18,5,0.2505643340857788,0.36936936936936937,0.43902439024390244,0.2777777777777778,0.011286681715575621
2020-12-03,mobile,<Other>,organic,<Other> / organic,Organic Search,54,18,5,3,1,0.3333333333333333,0.2777777777777778,0.6,0.3333333333333333,0.018518518518518517
2020-12-03,mobile,google,organic,google / organic,Organic Search,675,174,58,32,6,0.2577777777777778,0.3333333333333333,0.5517241379310345,0.1875,0.008888888888888889
2020-12-03,mobile,(data deleted),(data deleted),(data deleted) / (data deleted),Other,133,31,12,4,3,0.23308270676691728,0.3870967741935484,0.3333333333333333,0.75,0.022556390977443608
2020-12-03,mobile,<Other>,(data deleted),<Other> / (data deleted),Other,2,0,0,0,0,0.0,,,,0.0
2020-12-03,mobile,<Other>,<Other>,<Other> / <Other>,Other,268,75,22,10,1,0.2798507462686567,0.29333333333333333,0.45454545454545453,0.1,0.0037313432835820895
2020-12-03,mobile,google,cpc,google / cpc,Paid Search,80,15,6,5,0,0.1875,0.4,0.8333333333333334,0.0,0.0
2020-12-03,mobile,<Other>,referral,<Other> / referral,Referral,173,50,13,9,4,0.28901734104046245,0.26,0.6923076923076923,0.4444444444444444,0.023121387283236993
2020-12-03,mobile,shop.googlemerchandisestore.com,referral,shop.googlemerchandisestore.com / referral,Referral,170,52,10,10,6,0.3058823529411765,0.19230769230769232,1.0,0.6,0.03529411764705882
2020-12-03,tablet,(direct),(none),(direct) / (none),Direct,25,4,1,0,0,0.16,0.25,0.0,,0.0
2020-12-03,tablet,<Other>,organic,<Other> / organic,Organic Search,6,3,1,1,1,0.5,0.3333333333333333,1.0,1.0,0.16666666666666666
2020-12-03,tablet,google,organic,google / organic,Organic Search,28,8,3,0,0,0.2857142857142857,0.375,0.0,,0.0
2020-12-03,tablet,(data deleted),(data deleted),(data deleted) / (data deleted),Other,10,2,0,0,0,0.2,0.0,,,0.0
2020-12-03,tablet,<Other>,<Other>,<Other> / <Other>,Other,18,7,2,2,1,0.3888888888888889,0.2857142857142857,1.0,0.5,0.05555555555555555
2020-12-03,tablet,google,cpc,google / cpc,Paid Search,5,2,0,0,0,0.4,0.0,,,0.0
2020-12-03,tablet,<Other>,referral,<Other> / referral,Referral,16,4,3,1,1,0.25,0.75,0.3333333333333333,1.0,0.0625
2020-12-03,tablet,shop.googlemerchandisestore.com,referral,shop.googlemerchandisestore.com / referral,Referral,11,4,2,2,0,0.36363636363636365,0.5,1.0,0.0,0.0
2020-12-04,desktop,(direct),(none),(direct) / (none),Direct,648,166,40,25,8,0.25617283950617287,0.24096385542168675,0.625,0.32,0.012345679012345678
2020-12-04,desktop,<Other>,organic,<Other> / organic,Organic Search,79,14,4,1,0,0.17721518987341772,0.2857142857142857,0.25,0.0,0.0
2020-12-04,desktop,google,organic,google / organic,Organic Search,881,229,68,39,19,0.2599318955732123,0.29694323144104806,0.5735294117647058,0.48717948717948717,0.021566401816118047
2020-12-04,desktop,(data deleted),(data deleted),(data deleted) / (data deleted),Other,173,47,15,6,4,0.27167630057803466,0.3191489361702128,0.4,0.6666666666666666,0.023121387283236993
2020-12-04,desktop,<Other>,(data deleted),<Other> / (data deleted),Other,4,1,1,0,0,0.25,1.0,0.0,,0.0
2020-12-04,desktop,<Other>,<Other>,<Other> / <Other>,Other,350,89,27,11,3,0.2542857142857143,0.30337078651685395,0.4074074074074074,0.2727272727272727,0.008571428571428572
2020-12-04,desktop,google,cpc,google / cpc,Paid Search,126,34,9,5,2,0.2698412698412698,0.2647058823529412,0.5555555555555556,0.4,0.015873015873015872
2020-12-04,desktop,<Other>,referral,<Other> / referral,Referral,255,67,22,9,3,0.2627450980392157,0.3283582089552239,0.4090909090909091,0.3333333333333333,0.011764705882352941
2020-12-04,desktop,shop.googlemerchandisestore.com,referral,shop.googlemerchandisestore.com / referral,Referral,226,52,21,12,7,0.23008849557522124,0.40384615384615385,0.5714285714285714,0.5833333333333334,0.030973451327433628
2020-12-04,mobile,(direct),(none),(direct) / (none),Direct,436,100,26,14,4,0.22935779816513763,0.26,0.5384615384615384,0.2857142857142857,0.009174311926605505
2020-12-04,mobile,<Other>,organic,<Other> / organic,Organic Search,49,11,4,3,1,0.22448979591836735,0.36363636363636365,0.75,0.3333333333333333,0.02040816326530612
2020-12-04,mobile,google,organic,google / organic,Organic Search,575,139,48,28,15,0.2417391304347826,0.34532374100719426,0.5833333333333334,0.5357142857142857,0.02608695652173913
2020-12-04,mobile,(data deleted),(data deleted),(data deleted) / (data deleted),Other,163,53,24,8,4,0.32515337423312884,0.4528301886792453,0.3333333333333333,0.5,0.024539877300613498
2020-12-04,mobile,<Other>,(data deleted),<Other> / (data deleted),Other,1,0,0,0,0,0.0,,,,0.0
2020-12-04,mobile,<Other>,<Other>,<Other> / <Other>,Other,237,60,23,10,2,0.25316455696202533,0.38333333333333336,0.43478260869565216,0.2,0.008438818565400843
2020-12-04,mobile,google,cpc,google / cpc,Paid Search,74,19,7,3,1,0.25675675675675674,0.3684210526315789,0.42857142857142855,0.3333333333333333,0.013513513513513514
2020-12-04,mobile,<Other>,referral,<Other> / referral,Referral,173,48,17,8,5,0.2774566473988439,0.3541666666666667,0.47058823529411764,0.625,0.028901734104046242
2020-12-04,mobile,shop.googlemerchandisestore.com,referral,shop.googlemerchandisestore.com / referral,Referral,170,37,19,13,6,0.21764705882352942,0.5135135135135135,0.6842105263157895,0.46153846153846156,0.03529411764705882
2020-12-04,tablet,(direct),(none),(direct) / (none),Direct,28,7,3,1,1,0.25,0.42857142857142855,0.3333333333333333,1.0,0.03571428571428571
2020-12-04,tablet,<Other>,organic,<Other> / organic,Organic Search,2,0,0,0,0,0.0,,,,0.0
2020-12-04,tablet,google,organic,google / organic,Organic Search,35,7,1,0,0,0.2,0.14285714285714285,0.0,,0.0
2020-12-04,tablet,(data deleted),(data deleted),(data deleted) / (data deleted),Other,6,1,0,0,0,0.16666666666666666,0.0,,,0.0
2020-12-04,tablet,<Other>,<Other>,<Other> / <Other>,Other,17,4,1,1,1,0.23529411764705882,0.25,1.0,1.0,0.058823529411764705
2020-12-04,tablet,google,cpc,google / cpc,Paid Search,5,2,2,0,0,0.4,1.0,0.0,,0.0
2020-12-04,tablet,<Other>,referral,<Other> / referral,Referral,5,0,0,0,0,0.0,,,,0.0
2020-12-04,tablet,shop.googlemerchandisestore.com,referral,shop.googlemerchandisestore.com / referral,Referral,7,1,1,0,0,0.14285714285714285,1.0,0.0,,0.0
2020-12-05,desktop,(direct),(none),(direct) / (none),Direct,498,114,43,23,10,0.2289156626506024,0.37719298245614036,0.5348837209302325,0.43478260869565216,0.020080321285140562
2020-12-05,desktop,<Other>,organic,<Other> / organic,Organic Search,53,11,0,0,0,0.20754716981132076,0.0,,,0.0
2020-12-05,desktop,google,organic,google / organic,Organic Search,596,136,55,31,13,0.22818791946308725,0.40441176470588236,0.5636363636363636,0.41935483870967744,0.02181208053691275
2020-12-05,desktop,(data deleted),(data deleted),(data deleted) / (data deleted),Other,109,28,17,11,7,0.25688073394495414,0.6071428571428571,0.6470588235294118,0.6363636363636364,0.06422018348623854
2020-12-05,desktop,<Other>,(data deleted),<Other> / (data deleted),Other,4,1,0,0,0,0.25,0.0,,,0.0
2020-12-05,desktop,<Other>,<Other>,<Other> / <Other>,Other,309,74,31,19,3,0.23948220064724918,0.4189189189189189,0.6129032258064516,0.15789473684210525,0.009708737864077669
2020-12-05,desktop,google,cpc,google / cpc,Paid Search,108,27,10,4,1,0.25,0.37037037037037035,0.4,0.25,0.009259259259259259
2020-12-05,desktop,<Other>,referral,<Other> / referral,Referral,171,46,17,8,3,0.26900584795321636,0.3695652173913043,0.47058823529411764,0.375,0.017543859649122806
2020-12-05,desktop,shop.googlemerchandisestore.com,referral,shop.googlemerchandisestore.com / referral,Referral,166,39,16,11,6,0.23493975903614459,0.41025641025641024,0.6875,0.5454545454545454,0.03614457831325301
2020-12-05,mobile,(direct),(none),(direct) / (none),Direct,336,73,22,19,8,0.21726190476190477,0.3013698630136986,0.8636363636363636,0.42105263157894735,0.023809523809523808
2020-12-05,mobile,<Other>,organic,<Other> / organic,Organic Search,30,5,0,0,0,0.16666666666666666,0.0,,,0.0
2020-12-05,mobile,google,organic,google / organic,Organic Search,478,104,28,14,8,0.2175732217573222,0.2692307692307692,0.5,0.5714285714285714,0.016736401673640166
2020-12-05,mobile,(data deleted),(data deleted),(data deleted) / (data deleted),Other,79,23,6,4,4,0.2911392405063291,0.2608695652173913,0.6666666666666666,1.0,0.05063291139240506
2020-12-05,mobile,<Other>,(data deleted),<Other> / (data deleted),Other,2,0,0,0,0,0.0,,,,0.0
2020-12-05,mobile,<Other>,<Other>,<Other> / <Other>,Other,206,50,12,10,4,0.24271844660194175,0.24,0.8333333333333334,0.4,0.019417475728155338
2020-12-05,mobile,google,cpc,google / cpc,Paid Search,63,9,2,1,0,0.14285714285714285,0.2222222222222222,0.5,0.0,0.0
2020-12-05,mobile,<Other>,referral,<Other> / referral,Referral,123,33,12,8,4,0.2682926829268293,0.36363636363636365,0.6666666666666666,0.5,0.032520325203252036
2020-12-05,mobile,shop.googlemerchandisestore.com,referral,shop.googlemerchandisestore.com / referral,Referral,117,34,16,7,4,0.2905982905982906,0.47058823529411764,0.4375,0.5714285714285714,0.03418803418803419
2020-12-05,tablet,(direct),(none),(direct) / (none),Direct,16,5,4,1,0,0.3125,0.8,0.25,0.0,0.0
2020-12-05,tablet,<Other>,organic,<Other> / organic,Organic Search,3,1,1,0,0,0.3333333333333333,1.0,0.0,,0.0
2020-12-05,tablet,google,organic,google / organic,Organic Search,19,6,2,3,2,0.3157894736842105,0.3333333333333333,1.5,0.6666666666666666,0.10526315789473684
2020-12-05,tablet,(data deleted),(data deleted),(data deleted) / (data deleted),Other,2,1,1,1,0,0.5,1.0,1.0,0.0,0.0
2020-12-05,tablet,<Other>,<Other>,<Other> / <Other>,Other,8,2,1,0,0,0.25,0.5,0.0,,0.0
2020-12-05,tablet,google,cpc,google / cpc,Paid Search,6,2,1,0,0,0.3333333333333333,0.5,0.0,,0.0
2020-12-05,tablet,<Other>,referral,<Other> / referral,Referral,5,0,0,0,0,0.0,,,,0.0
2020-12-05,tablet,shop.googlemerchandisestore.com,referral,shop.googlemerchandisestore.com / referral,Referral,3,1,0,0,0,0.3333333333333333,0.0,,,0.0
2020-12-06,desktop,(direct),(none),(direct) / (none),Direct,417,99,34,20,5,0.23741007194244604,0.3434343434343434,0.5882352941176471,0.25,0.011990407673860911
2020-12-06,desktop,<Other>,organic,<Other> / organic,Organic Search,55,17,8,2,1,0.3090909090909091,0.47058823529411764,0.25,0.5,0.01818181818181818
2020-12-06,desktop,google,organic,google / organic,Organic Search,570,123,39,22,5,0.21578947368421053,0.3170731707317073,0.5641025641025641,0.22727272727272727,0.008771929824561403
2020-12-06,desktop,(data deleted),(data deleted),(data deleted) / (data deleted),Other,121,34,13,6,4,0.2809917355371901,0.38235294117647056,0.46153846153846156,0.6666666666666666,0.03305785123966942
2020-12-06,desktop,<Other>,(data deleted),<Other> / (data deleted),Other,1,1,0,0,0,1.0,0.0,,,0.0
2020-12-06,desktop,<Other>,<Other>,<Other> / <Other>,Other,280,57,17,8,1,0.20357142857142857,0.2982456140350877,0.47058823529411764,0.125,0.0035714285714285713
2020-12-06,desktop,google,cpc,google / cpc,Paid Search,80,14,6,1,0,0.175,0.42857142857142855,0.16666666666666666,0.0,0.0
2020-12-06,desktop,<Other>,referral,<Other> / referral,Referral,204,53,17,13,4,0.25980392156862747,0.32075471698113206,0.7647058823529411,0.3076923076923077,0.0196078431372549
2020-12-06,desktop,shop.googlemerchandisestore.com,referral,shop.googlemerchandisestore.com / referral,Referral,152,39,14,10,2,0.2565789473684211,0.358974358974359,0.7142857142857143,0.2,0.013157894736842105
2020-12-06,mobile,(direct),(none),(direct) / (none),Direct,327,68,19,11,3,0.20795107033639143,0.27941176470588236,0.5789473684210527,0.2727272727272727,0.009174311926605505
2020-12-06,mobile,<Other>,organic,<Other> / organic,Organic Search,41,11,5,5,0,0.2682926829268293,0.45454545454545453,1.0,0.0,0.0
2020-12-06,mobile,google,organic,google / organic,Organic Search,418,104,35,16,5,0.24880382775119617,0.33653846153846156,0.45714285714285713,0.3125,0.011961722488038277
2020-12-06,mobile,(data deleted),(data deleted),(data deleted) / (data deleted),Other,90,21,8,5,2,0.23333333333333334,0.38095238095238093,0.625,0.4,0.022222222222222223
2020-12-06,mobile,<Other>,<Other>,<Other> / <Other>,Other,201,49,16,7,2,0.24378109452736318,0.32653061224489793,0.4375,0.2857142857142857,0.009950248756218905
2020-12-06,mobile,google,cpc,google / cpc,Paid Search,69,6,1,0,0,0.08695652173913043,0.16666666666666666,0.0,,0.0
2020-12-06,mobile,<Other>,referral,<Other> / referral,Referral,119,22,8,4,1,0.18487394957983194,0.36363636363636365,0.5,0.25,0.008403361344537815
2020-12-06,mobile,shop.googlemerchandisestore.com,referral,shop.googlemerchandisestore.com / referral,Referral,110,33,12,6,3,0.3,0.36363636363636365,0.5,0.5,0.02727272727272727
2020-12-06,tablet,(direct),(none),(direct) / (none),Direct,17,6,1,0,0,0.35294117647058826,0.16666666666666666,0.0,,0.0
2020-12-06,tablet,google,organic,google / organic,Organic Search,27,4,1,0,0,0.14814814814814814,0.25,0.0,,0.0
2020-12-06,tablet,(data deleted),(data deleted),(data deleted) / (data deleted),Other,3,1,1,1,1,0.3333333333333333,1.0,1.0,1.0,0.3333333333333333
2020-12-06,tablet,<Other>,<Other>,<Other> / <Other>,Other,19,5,1,1,1,0.2631578947368421,0.2,1.0,1.0,0.05263157894736842
2020-12-06,tablet,google,cpc,google / cpc,Paid Search,2,1,1,0,0,0.5,1.0,0.0,,0.0
2020-12-06,tablet,<Other>,referral,<Other> / referral,Referral,11,1,1,0,0,0.09090909090909091,1.0,0.0,,0.0
2020-12-06,tablet,shop.googlemerchandisestore.com,referral,shop.googlemerchandisestore.com / referral,Referral,5,1,0,0,0,0.2,0.0,,,0.0
2020-12-07,desktop,(direct),(none),(direct) / (none),Direct,754,174,68,37,13,0.23076923076923078,0.39080459770114945,0.5441176470588235,0.35135135135135137,0.017241379310344827
2020-12-07,desktop,<Other>,organic,<Other> / organic,Organic Search,91,19,8,2,2,0.2087912087912088,0.42105263157894735,0.25,1.0,0.02197802197802198
2020-12-07,desktop,google,organic,google / organic,Organic Search,951,219,58,23,5,0.2302839116719243,0.2648401826484018,0.39655172413793105,0.21739130434782608,0.005257623554153523
2020-12-07,desktop,(data deleted),(data deleted),(data deleted) / (data deleted),Other,234,69,23,19,11,0.2948717948717949,0.3333333333333333,0.8260869565217391,0.5789473684210527,0.04700854700854701
2020-12-07,desktop,<Other>,(data deleted),<Other> / (data deleted),Other,8,3,1,1,0,0.375,0.3333333333333333,1.0,0.0,0.0
2020-12-07,desktop,<Other>,<Other>,<Other> / <Other>,Other,453,99,22,15,5,0.2185430463576159,0.2222222222222222,0.6818181818181818,0.3333333333333333,0.011037527593818985
2020-12-07,desktop,google,cpc,google / cpc,Paid Search,136,28,9,6,4,0.20588235294117646,0.32142857142857145,0.6666666666666666,0.6666666666666666,0.029411764705882353
2020-12-07,desktop,<Other>,referral,<Other> / referral,Referral,302,66,16,9,4,0.2185430463576159,0.24242424242424243,0.5625,0.4444444444444444,0.013245033112582781
2020-12-07,desktop,shop.googlemerchandisestore.com,referral,shop.googlemerchandisestore.com / referral,Referral,263,51,15,11,8,0.19391634980988592,0.29411764705882354,0.7333333333333333,0.7272727272727273,0.030418250950570342
2020-12-07,mobile,(direct),(none),(direct) / (none),Direct,503,107,36,15,5,0.21272365805168986,0.3364485981308411,0.4166666666666667,0.3333333333333333,0.009940357852882704
2020-12-07,mobile,<Other>,organic,<Other> / organic,Organic Search,68,12,1,0,0,0.17647058823529413,0.08333333333333333,0.0,,0.0
2020-12-07,mobile,google,organic,google / organic,Organic Search,664,145,43,25,12,0.2183734939759036,0.296551724137931,0.5813953488372093,0.48,0.018072289156626505
2020-12-07,mobile,(data deleted),(data deleted),(data deleted) / (data deleted),Other,157,30,10,9,4,0.1910828025477707,0.3333333333333333,0.9,0.4444444444444444,0.025477707006369428
2020-12-07,mobile,<Other>,(data deleted),<Other> / (data deleted),Other,4,1,0,1,1,0.25,0.0,,1.0,0.25
2020-12-07,mobile,<Other>,<Other>,<Other> / <Other>,Other,285,65,22,10,4,0.22807017543859648,0.3384615384615385,0.45454545454545453,0.4,0.014035087719298246
2020-12-07,mobile,google,cpc,google / cpc,Paid Search,95,21,6,3,1,0.22105263157894736,0.2857142857142857,0.5,0.3333333333333333,0.010526315789473684
2020-12-07,mobile,<Other>,referral,<Other> / referral,Referral,217,47,13,7,7,0.21658986175115208,0.2765957446808511,0.5384615384615384,1.0,0.03225806451612903
2020-12-07,mobile,shop.googlemerchandisestore.com,referral,shop.googlemerchandisestore.com / referral,Referral,174,43,16,7,4,0.2471264367816092,0.37209302325581395,0.4375,0.5714285714285714,0.022988505747126436
2020-12-07,tablet,(direct),(none),(direct) / (none),Direct,19,4,1,1,0,0.21052631578947367,0.25,1.0,0.0,0.0
2020-12-07,tablet,<Other>,organic,<Other> / organic,Organic Search,4,0,0,0,0,0.0,,,,0.0
2020-12-07,tablet,google,organic,google / organic,Organic Search,30,4,2,1,1,0.13333333333333333,0.5,0.5,1.0,0.03333333333333333
2020-12-07,tablet,(data deleted),(data deleted),(data deleted) / (data deleted),Other,4,0,0,0,0,0.0,,,,0.0
2020-12-07,tablet,<Other>,<Other>,<Other> / <Other>,Other,15,4,2,1,0,0.26666666666666666,0.5,0.5,0.0,0.0
2020-12-07,tablet,google,cpc,google / cpc,Paid Search,8,0,0,0,0,0.0,,,,0.0
2020-12-07,tablet,<Other>,referral,<Other> / referral,Referral,7,3,1,0,0,0.42857142857142855,0.3333333333333333,0.0,,0.0
2020-12-07,tablet,shop.googlemerchandisestore.com,referral,shop.googlemerchandisestore.com / referral,Referral,15,1,0,0,0,0.06666666666666667,0.0,,,0.0
2020-12-08,desktop,(direct),(none),(direct) / (none),Direct,1035,217,74,46,17,0.20966183574879227,0.34101382488479265,0.6216216216216216,0.3695652173913043,0.01642512077294686
2020-12-08,desktop,<Other>,organic,<Other> / organic,Organic Search,95,21,5,5,2,0.22105263157894736,0.23809523809523808,1.0,0.4,0.021052631578947368
2020-12-08,desktop,google,organic,google / organic,Organic Search,1419,252,75,33,10,0.17758985200845667,0.2976190476190476,0.44,0.30303030303030304,0.007047216349541931
2020-12-08,desktop,(data deleted),(data deleted),(data deleted) / (data deleted),Other,258,72,28,16,7,0.27906976744186046,0.3888888888888889,0.5714285714285714,0.4375,0.027131782945736434
2020-12-08,desktop,<Other>,(data deleted),<Other> / (data deleted),Other,4,0,0,0,0,0.0,,,,0.0
2020-12-08,desktop,<Other>,<Other>,<Other> / <Other>,Other,661,103,28,17,10,0.15582450832072617,0.27184466019417475,0.6071428571428571,0.5882352941176471,0.015128593040847202
2020-12-08,desktop,google,cpc,google / cpc,Paid Search,186,26,14,8,5,0.13978494623655913,0.5384615384615384,0.5714285714285714,0.625,0.026881720430107527
2020-12-08,desktop,<Other>,referral,<Other> / referral,Referral,443,92,26,20,10,0.2076749435665914,0.2826086956521739,0.7692307692307693,0.5,0.022573363431151242
2020-12-08,desktop,shop.googlemerchandisestore.com,referral,shop.googlemerchandisestore.com / referral,Referral,349,88,27,15,6,0.2521489971346705,0.3068181818181818,0.5555555555555556,0.4,0.017191977077363897
2020-12-08,mobile,(direct),(none),(direct) / (none),Direct,677,131,48,29,12,0.1935007385524372,0.366412213740458,0.6041666666666666,0.41379310344827586,0.01772525849335303
2020-12-08,mobile,<Other>,organic,<Other> / organic,Organic Search,81,9,3,1,0,0.1111111111111111,0.3333333333333333,0.3333333333333333,0.0,0.0
2020-12-08,mobile,google,organic,google / organic,Organic Search,915,166,47,25,9,0.1814207650273224,0.28313253012048195,0.5319148936170213,0.36,0.009836065573770493
2020-12-08,mobile,(data deleted),(data deleted),(data deleted) / (data deleted),Other,189,46,18,13,6,0.24338624338624337,0.391304347826087,0.7222222222222222,0.46153846153846156,0.031746031746031744
2020-12-08,mobile,<Other>,(data deleted),<Other> / (data deleted),Other,5,2,1,0,0,0.4,0.5,0.0,,0.0
2020-12-08,mobile,<Other>,<Other>,<Other> / <Other>,Other,438,77,24,13,2,0.17579908675799086,0.3116883116883117,0.5416666666666666,0.15384615384615385,0.0045662100456621
2020-12-08,mobile,google,cpc,google / cpc,Paid Search,143,23,5,2,1,0.16083916083916083,0.21739130434782608,0.4,0.5,0.006993006993006993
2020-12-08,mobile,<Other>,referral,<Other> / referral,Referral,289,55,13,6,2,0.1903114186851211,0.23636363636363636,0.46153846153846156,0.3333333333333333,0.006920415224913495
2020-12-08,mobile,shop.googlemerchandisestore.com,referral,shop.googlemerchandisestore.com / referral,Referral,226,44,21,14,9,0.19469026548672566,0.4772727272727273,0.6666666666666666,0.6428571428571429,0.03982300884955752
2020-12-08,tablet,(direct),(none),(direct) / (none),Direct,45,9,4,1,0,0.2,0.4444444444444444,0.25,0.0,0.0
2020-12-08,tablet,<Other>,organic,<Other> / organic,Organic Search,3,0,0,0,0,0.0,,,,0.0
2020-12-08,tablet,google,organic,google / organic,Organic Search,46,8,4,4,1,0.17391304347826086,0.5,1.0,0.25,0.021739130434782608
2020-12-08,tablet,(data deleted),(data deleted),(data deleted) / (data deleted),Other,13,3,1,0,0,0.23076923076923078,0.3333333333333333,0.0,,0.0
2020-12-08,tablet,<Other>,<Other>,<Other> / <Other>,Other,30,3,3,2,1,0.1,1.0,0.6666666666666666,0.5,0.03333333333333333
2020-12-08,tablet,google,cpc,google / cpc,Paid Search,7,0,0,0,0,0.0,,,,0.0
2020-12-08,tablet,<Other>,referral,<Other> / referral,Referral,17,4,2,1,1,0.23529411764705882,0.5,0.5,1.0,0.058823529411764705
2020-12-08,tablet,shop.googlemerchandisestore.com,referral,shop.googlemerchandisestore.com / referral,Referral,14,0,0,0,0,0.0,,,,0.0
2020-12-09,desktop,(direct),(none),(direct) / (none),Direct,821,164,55,29,18,0.1997563946406821,0.3353658536585366,0.5272727272727272,0.6206896551724138,0.02192448233861145
2020-12-09,desktop,<Other>,organic,<Other> / organic,Organic Search,113,24,10,7,4,0.21238938053097345,0.4166666666666667,0.7,0.5714285714285714,0.035398230088495575
2020-12-09,desktop,google,organic,google / organic,Organic Search,1134,238,79,49,24,0.20987654320987653,0.3319327731092437,0.620253164556962,0.4897959183673469,0.021164021164021163
2020-12-09,desktop,(data deleted),(data deleted),(data deleted) / (data deleted),Other,235,61,25,15,8,0.25957446808510637,0.4098360655737705,0.6,0.5333333333333333,0.03404255319148936
2020-12-09,desktop,<Other>,(data deleted),<Other> / (data deleted),Other,2,1,0,0,0,0.5,0.0,,,0.0
2020-12-09,desktop,<Other>,<Other>,<Other> / <Other>,Other,533,91,27,19,10,0.17073170731707318,0.2967032967032967,0.7037037037037037,0.5263157894736842,0.01876172607879925
2020-12-09,desktop,google,cpc,google / cpc,Paid Search,132,25,8,3,1,0.1893939393939394,0.32,0.375,0.3333333333333333,0.007575757575757576
2020-12-09,desktop,<Other>,referral,<Other> / referral,Referral,361,78,24,19,8,0.21606648199445982,0.3076923076923077,0.7916666666666666,0.42105263157894735,0.0221606648199446
2020-12-09,desktop,shop.googlemerchandisestore.com,referral,shop.googlemerchandisestore.com / referral,Referral,323,70,21,14,9,0.21671826625386997,0.3,0.6666666666666666,0.6428571428571429,0.02786377708978328
2020-12-09,mobile,(direct),(none),(direct) / (none),Direct,560,118,43,23,10,0.21071428571428572,0.3644067796610169,0.5348837209302325,0.43478260869565216,0.017857142857142856
2020-12-09,mobile,<Other>,organic,<Other> / organic,Organic Search,70,14,7,3,2,0.2,0.5,0.42857142857142855,0.6666666666666666,0.02857142857142857
2020-12-09,mobile,google,organic,google / organic,Organic Search,803,161,46,29,15,0.20049813200498132,0.2857142857142857,0.6304347826086957,0.5172413793103449,0.0186799501867995
2020-12-09,mobile,(data deleted),(data deleted),(data deleted) / (data deleted),Other,146,41,14,9,5,0.2808219178082192,0.34146341463414637,0.6428571428571429,0.5555555555555556,0.03424657534246575
2020-12-09,mobile,<Other>,(data deleted),<Other> / (data deleted),Other,4,1,0,0,0,0.25,0.0,,,0.0
2020-12-09,mobile,<Other>,<Other>,<Other> / <Other>,Other,359,50,14,7,4,0.1392757660167131,0.28,0.5,0.5714285714285714,0.011142061281337047
2020-12-09,mobile,google,cpc,google / cpc,Paid Search,106,11,2,2,1,0.10377358490566038,0.18181818181818182,1.0,0.5,0.009433962264150943
2020-12-09,mobile,<Other>,referral,<Other> / referral,Referral,213,44,16,8,3,0.20657276995305165,0.36363636363636365,0.5,0.375,0.014084507042253521
2020-12-09,mobile,shop.googlemerchandisestore.com,referral,shop.googlemerchandisestore.com / referral,Referral,217,48,20,14,5,0.22119815668202766,0.4166666666666667,0.7,0.35714285714285715,0.02304147465437788
2020-12-09,tablet,(direct),(none),(direct) / (none),Direct,40,7,4,2,1,0.175,0.5714285714285714,0.5,0.5,0.025
2020-12-09,tablet,<Other>,organic,<Other> / organic,Organic Search,8,4,0,0,0,0.5,0.0,,,0.0
2020-12-09,tablet,google,organic,google / organic,Organic Search,29,4,1,1,0,0.13793103448275862,0.25,1.0,0.0,0.0
2020-12-09,tablet,(data deleted),(data deleted),(data deleted) / (data deleted),Other,17,1,0,0,0,0.058823529411764705,0.0,,,0.0
2020-12-09,tablet,<Other>,<Other>,<Other> / <Other>,Other,18,4,3,1,0,0.2222222222222222,0.75,0.3333333333333333,0.0,0.0
2020-12-09,tablet,google,cpc,google / cpc,Paid Search,9,1,0,0,0,0.1111111111111111,0.0,,,0.0
2020-12-09,tablet,<Other>,referral,<Other> / referral,Referral,12,3,0,0,0,0.25,0.0,,,0.0
2020-12-09,tablet,shop.googlemerchandisestore.com,referral,shop.googlemerchandisestore.com / referral,Referral,25,5,4,4,3,0.2,0.8,1.0,0.75,0.12
2020-12-10,desktop,(direct),(none),(direct) / (none),Direct,821,185,70,41,18,0.22533495736906212,0.3783783783783784,0.5857142857142857,0.43902439024390244,0.02192448233861145
2020-12-10,desktop,<Other>,organic,<Other> / organic,Organic Search,93,17,3,1,1,0.1827956989247312,0.17647058823529413,0.3333333333333333,1.0,0.010752688172043012
2020-12-10,desktop,google,organic,google / organic,Organic Search,1041,243,73,45,21,0.2334293948126801,0.3004115226337449,0.6164383561643836,0.4666666666666667,0.020172910662824207
2020-12-10,desktop,(data deleted),(data deleted),(data deleted) / (data deleted),Other,250,81,32,19,14,0.324,0.3950617283950617,0.59375,0.7368421052631579,0.056
2020-12-10,desktop,<Other>,(data deleted),<Other> / (data deleted),Other,5,3,0,0,0,0.6,0.0,,,0.0
2020-12-10,desktop,<Other>,<Other>,<Other> / <Other>,Other,506,112,32,14,5,0.22134387351778656,0.2857142857142857,0.4375,0.35714285714285715,0.009881422924901186
2020-12-10,desktop,google,cpc,google / cpc,Paid Search,160,30,7,4,1,0.1875,0.23333333333333334,0.5714285714285714,0.25,0.00625
2020-12-10,desktop,(data deleted),referral,(data deleted) / referral,Referral,1,0,0,0,0,0.0,,,,0.0
2020-12-10,desktop,<Other>,referral,<Other> / referral,Referral,374,97,32,21,9,0.25935828877005346,0.32989690721649484,0.65625,0.42857142857142855,0.02406417112299465
2020-12-10,desktop,shop.googlemerchandisestore.com,referral,shop.googlemerchandisestore.com / referral,Referral,287,83,29,12,7,0.289198606271777,0.3493975903614458,0.41379310344827586,0.5833333333333334,0.024390243902439025
2020-12-10,mobile,(direct),(none),(direct) / (none),Direct,521,103,26,18,9,0.19769673704414586,0.2524271844660194,0.6923076923076923,0.5,0.01727447216890595
2020-12-10,mobile,<Other>,organic,<Other> / organic,Organic Search,67,16,5,3,1,0.23880597014925373,0.3125,0.6,0.3333333333333333,0.014925373134328358
2020-12-10,mobile,google,organic,google / organic,Organic Search,704,168,61,33,13,0.23863636363636365,0.3630952380952381,0.5409836065573771,0.3939393939393939,0.018465909090909092
2020-12-10,mobile,(data deleted),(data deleted),(data deleted) / (data deleted),Other,179,62,21,15,12,0.3463687150837989,0.3387096774193548,0.7142857142857143,0.8,0.0670391061452514
2020-12-10,mobile,<Other>,(data deleted),<Other> / (data deleted),Other,5,0,0,0,0,0.0,,,,0.0
2020-12-10,mobile,<Other>,<Other>,<Other> / <Other>,Other,335,76,22,13,3,0.22686567164179106,0.2894736842105263,0.5909090909090909,0.23076923076923078,0.008955223880597015
2020-12-10,mobile,google,cpc,google / cpc,Paid Search,102,22,5,2,0,0.21568627450980393,0.22727272727272727,0.4,0.0,0.0
2020-12-10,mobile,<Other>,referral,<Other> / referral,Referral,238,48,16,10,5,0.20168067226890757,0.3333333333333333,0.625,0.5,0.02100840336134454
2020-12-10,mobile,shop.googlemerchandisestore.com,referral,shop.googlemerchandisestore.com / referral,Referral,192,54,19,14,8,0.28125,0.35185185185185186,0.7368421052631579,0.5714285714285714,0.041666666666666664
2020-12-10,tablet,(direct),(none),(direct) / (none),Direct,32,2,0,0,0,0.0625,0.0,,,0.0
2020-12-10,tablet,<Other>,organic,<Other> / organic,Organic Search,2,0,0,0,0,0.0,,,,0.0
2020-12-10,tablet,google,organic,google / organic,Organic Search,38,6,1,0,0,0.15789473684210525,0.16666666666666666,0.0,,0.0
2020-12-10,tablet,(data deleted),(data deleted),(data deleted) / (data deleted),Other,13,3,0,0,0,0.23076923076923078,0.0,,,0.0
2020-12-10,tablet,<Other>,<Other>,<Other> / <Other>,Other,12,2,0,1,1,0.16666666666666666,0.0,,1.0,0.08333333333333333
2020-12-10,tablet,google,cpc,google / cpc,Paid Search,9,3,1,1,1,0.3333333333333333,0.3333333333333333,1.0,1.0,0.1111111111111111
2020-12-10,tablet,<Other>,referral,<Other> / referral,Referral,12,2,1,1,0,0.16666666666666666,0.5,1.0,0.0,0.0
2020-12-10,tablet,shop.googlemerchandisestore.com,referral,shop.googlemerchandisestore.com / referral,Referral,12,2,0,0,0,0.16666666666666666,0.0,,,0.0
2020-12-11,desktop,(direct),(none),(direct) / (none),Direct,757,188,66,34,18,0.24834874504623514,0.35106382978723405,0.5151515151515151,0.5294117647058824,0.023778071334214
2020-12-11,desktop,<Other>,organic,<Other> / organic,Organic Search,84,25,8,5,5,0.2976190476190476,0.32,0.625,1.0,0.05952380952380952
2020-12-11,desktop,google,organic,google / organic,Organic Search,991,216,57,36,21,0.21796165489404642,0.2638888888888889,0.631578947368421,0.5833333333333334,0.02119071644803229
2020-12-11,desktop,(data deleted),(data deleted),(data deleted) / (data deleted),Other,237,65,27,20,11,0.2742616033755274,0.4153846153846154,0.7407407407407407,0.55,0.046413502109704644
2020-12-11,desktop,<Other>,<Other>,<Other> / <Other>,Other,473,102,32,15,10,0.2156448202959831,0.3137254901960784,0.46875,0.6666666666666666,0.021141649048625793
2020-12-11,desktop,google,cpc,google / cpc,Paid Search,148,27,10,8,5,0.18243243243243243,0.37037037037037035,0.8,0.625,0.033783783783783786
2020-12-11,desktop,<Other>,referral,<Other> / referral,Referral,326,79,26,18,8,0.24233128834355827,0.3291139240506329,0.6923076923076923,0.4444444444444444,0.024539877300613498
2020-12-11,desktop,shop.googlemerchandisestore.com,referral,shop.googlemerchandisestore.com / referral,Referral,272,67,20,14,9,0.24632352941176472,0.29850746268656714,0.7,0.6428571428571429,0.03308823529411765
2020-12-11,mobile,(direct),(none),(direct) / (none),Direct,464,111,49,27,14,0.23922413793103448,0.44144144144144143,0.5510204081632653,0.5185185185185185,0.03017241379310345
2020-12-11,mobile,<Other>,organic,<Other> / organic,Organic Search,54,14,4,1,1,0.25925925925925924,0.2857142857142857,0.25,1.0,0.018518518518518517
2020-12-11,mobile,google,organic,google / organic,Organic Search,693,152,47,32,18,0.21933621933621933,0.3092105263157895,0.6808510638297872,0.5625,0.025974025974025976
2020-12-11,mobile,(data deleted),(data deleted),(data deleted) / (data deleted),Other,146,34,17,9,7,0.2328767123287671,0.5,0.5294117647058824,0.7777777777777778,0.04794520547945205
2020-12-11,mobile,<Other>,(data deleted),<Other> / (data deleted),Other,1,1,0,0,0,1.0,0.0,,,0.0
2020-12-11,mobile,<Other>,<Other>,<Other> / <Other>,Other,347,74,24,12,2,0.2132564841498559,0.32432432432432434,0.5,0.16666666666666666,0.005763688760806916
2020-12-11,mobile,google,cpc,google / cpc,Paid Search,107,25,6,3,2,0.2336448598130841,0.24,0.5,0.6666666666666666,0.018691588785046728
2020-12-11,mobile,<Other>,referral,<Other> / referral,Referral,225,39,10,8,6,0.17333333333333334,0.2564102564102564,0.8,0.75,0.02666666666666667
2020-12-11,mobile,shop.googlemerchandisestore.com,referral,shop.googlemerchandisestore.com / referral,Referral,170,44,19,16,10,0.25882352941176473,0.4318181818181818,0.8421052631578947,0.625,0.058823529411764705
2020-12-11,tablet,(direct),(none),(direct) / (none),Direct,24,4,1,1,1,0.16666666666666666,0.25,1.0,1.0,0.041666666666666664
2020-12-11,tablet,<Other>,organic,<Other> / organic,Organic Search,3,0,0,0,0,0.0,,,,0.0
2020-12-11,tablet,google,organic,google / organic,Organic Search,38,9,3,3,0,0.23684210526315788,0.3333333333333333,1.0,0.0,0.0
2020-12-11,tablet,(data deleted),(data deleted),(data deleted) / (data deleted),Other,9,1,1,0,0,0.1111111111111111,1.0,0.0,,0.0
2020-12-11,tablet,<Other>,<Other>,<Other> / <Other>,Other,17,4,2,0,0,0.23529411764705882,0.5,0.0,,0.0
2020-12-11,tablet,google,cpc,google / cpc,Paid Search,6,0,0,0,0,0.0,,,,0.0
2020-12-11,tablet,<Other>,referral,<Other> / referral,Referral,15,2,1,0,0,0.13333333333333333,0.5,0.0,,0.0
2020-12-11,tablet,shop.googlemerchandisestore.com,referral,shop.googlemerchandisestore.com / referral,Referral,10,3,2,0,0,0.3,0.6666666666666666,0.0,,0.0
2020-12-12,desktop,(direct),(none),(direct) / (none),Direct,562,142,56,34,18,0.2526690391459075,0.39436619718309857,0.6071428571428571,0.5294117647058824,0.03202846975088968
2020-12-12,desktop,<Other>,organic,<Other> / organic,Organic Search,83,18,6,2,1,0.21686746987951808,0.3333333333333333,0.3333333333333333,0.5,0.012048192771084338
2020-12-12,desktop,google,organic,google / organic,Organic Search,737,150,54,35,18,0.20352781546811397,0.36,0.6481481481481481,0.5142857142857142,0.024423337856173677
2020-12-12,desktop,(data deleted),(data deleted),(data deleted) / (data deleted),Other,131,38,17,15,12,0.2900763358778626,0.4473684210526316,0.8823529411764706,0.8,0.0916030534351145
2020-12-12,desktop,<Other>,(data deleted),<Other> / (data deleted),Other,2,1,1,1,1,0.5,1.0,1.0,1.0,0.5
2020-12-12,desktop,<Other>,<Other>,<Other> / <Other>,Other,383,65,17,12,6,0.16971279373368145,0.26153846153846155,0.7058823529411765,0.5,0.015665796344647518
2020-12-12,desktop,google,cpc,google / cpc,Paid Search,105,14,5,1,1,0.13333333333333333,0.35714285714285715,0.2,1.0,0.009523809523809525
2020-12-12,desktop,<Other>,referral,<Other> / referral,Referral,262,54,13,12,5,0.20610687022900764,0.24074074074074073,0.9230769230769231,0.4166666666666667,0.019083969465648856
2020-12-12,desktop,shop.googlemerchandisestore.com,referral,shop.googlemerchandisestore.com / referral,Referral,197,45,15,8,4,0.22842639593908629,0.3333333333333333,0.5333333333333333,0.5,0.02030456852791878
2020-12-12,mobile,(direct),(none),(direct) / (none),Direct,354,87,35,19,8,0.2457627118644068,0.40229885057471265,0.5428571428571428,0.42105263157894735,0.022598870056497175
2020-12-12,mobile,<Other>,organic,<Other> / organic,Organic Search,41,6,3,3,2,0.14634146341463414,0.5,1.0,0.6666666666666666,0.04878048780487805
2020-12-12,mobile,google,organic,google / organic,Organic Search,511,102,34,15,6,0.19960861056751467,0.3333333333333333,0.4411764705882353,0.4,0.011741682974559686
2020-12-12,mobile,(data deleted),(data deleted),(data deleted) / (data deleted),Other,72,14,6,6,5,0.19444444444444445,0.42857142857142855,1.0,0.8333333333333334,0.06944444444444445
2020-12-12,mobile,<Other>,(data deleted),<Other> / (data deleted),Other,1,1,0,0,0,1.0,0.0,,,0.0
2020-12-12,mobile,<Other>,<Other>,<Other> / <Other>,Other,262,43,16,10,4,0.16412213740458015,0.37209302325581395,0.625,0.4,0.015267175572519083
2020-12-12,mobile,google,cpc,google / cpc,Paid Search,86,22,12,6,1,0.2558139534883721,0.5454545454545454,0.5,0.16666666666666666,0.011627906976744186
2020-12-12,mobile,<Other>,referral,<Other> / referral,Referral,152,34,14,6,2,0.2236842105263158,0.4117647058823529,0.42857142857142855,0.3333333333333333,0.013157894736842105
2020-12-12,mobile,shop.googlemerchandisestore.com,referral,shop.googlemerchandisestore.com / referral,Referral,113,28,9,6,4,0.24778761061946902,0.32142857142857145,0.6666666666666666,0.6666666666666666,0.035398230088495575
2020-12-12,tablet,(direct),(none),(direct) / (none),Direct,15,2,0,0,0,0.13333333333333333,0.0,,,0.0
2020-12-12,tablet,google,organic,google / organic,Organic Search,40,7,1,1,1,0.175,0.14285714285714285,1.0,1.0,0.025
2020-12-12,tablet,(data deleted),(data deleted),(data deleted) / (data deleted),Other,3,1,0,0,0,0.3333333333333333,0.0,,,0.0
2020-12-12,tablet,<Other>,<Other>,<Other> / <Other>,Other,11,2,0,0,0,0.18181818181818182,0.0,,,0.0
2020-12-12,tablet,google,cpc,google / cpc,Paid Search,4,0,0,0,0,0.0,,,,0.0
2020-12-12,tablet,<Other>,referral,<Other> / referral,Referral,7,0,0,0,0,0.0,,,,0.0
2020-12-12,tablet,shop.googlemerchandisestore.com,referral,shop.googlemerchandisestore.com / referral,Referral,9,2,0,0,0,0.2222222222222222,0.0,,,0.0
2020-12-13,desktop,(direct),(none),(direct) / (none),Direct,515,102,36,13,6,0.19805825242718447,0.35294117647058826,0.3611111111111111,0.46153846153846156,0.011650485436893204
2020-12-13,desktop,<Other>,organic,<Other> / organic,Organic Search,70,19,6,2,1,0.2714285714285714,0.3157894736842105,0.3333333333333333,0.5,0.014285714285714285
2020-12-13,desktop,google,organic,google / organic,Organic Search,706,133,55,26,11,0.18838526912181303,0.41353383458646614,0.4727272727272727,0.4230769230769231,0.015580736543909348
2020-12-13,desktop,(data deleted),(data deleted),(data deleted) / (data deleted),Other,107,21,7,4,4,0.19626168224299065,0.3333333333333333,0.5714285714285714,1.0,0.037383177570093455
2020-12-13,desktop,<Other>,<Other>,<Other> / <Other>,Other,305,62,19,15,7,0.20327868852459016,0.3064516129032258,0.7894736842105263,0.4666666666666667,0.022950819672131147
2020-12-13,desktop,google,cpc,google / cpc,Paid Search,96,14,6,3,0,0.14583333333333334,0.42857142857142855,0.5,0.0,0.0
2020-12-13,desktop,<Other>,referral,<Other> / referral,Referral,198,42,13,7,3,0.21212121212121213,0.30952380952380953,0.5384615384615384,0.42857142857142855,0.015151515151515152
2020-12-13,desktop,shop.googlemerchandisestore.com,referral,shop.googlemerchandisestore.com / referral,Referral,149,30,9,5,4,0.20134228187919462,0.3,0.5555555555555556,0.8,0.026845637583892617
2020-12-13,mobile,(direct),(none),(direct) / (none),Direct,341,62,21,10,5,0.18181818181818182,0.3387096774193548,0.47619047619047616,0.5,0.01466275659824047
2020-12-13,mobile,<Other>,organic,<Other> / organic,Organic Search,46,11,3,1,0,0.2391304347826087,0.2727272727272727,0.3333333333333333,0.0,0.0
2020-12-13,mobile,google,organic,google / organic,Organic Search,505,94,26,16,8,0.18613861386138614,0.2765957446808511,0.6153846153846154,0.5,0.015841584158415842
2020-12-13,mobile,(data deleted),(data deleted),(data deleted) / (data deleted),Other,65,17,11,5,4,0.26153846153846155,0.6470588235294118,0.45454545454545453,0.8,0.06153846153846154
2020-12-13,mobile,<Other>,(data deleted),<Other> / (data deleted),Other,1,0,0,0,0,0.0,,,,0.0
2020-12-13,mobile,<Other>,<Other>,<Other> / <Other>,Other,229,46,17,12,5,0.20087336244541484,0.3695652173913043,0.7058823529411765,0.4166666666666667,0.021834061135371178
2020-12-13,mobile,google,cpc,google / cpc,Paid Search,68,13,6,3,1,0.19117647058823528,0.46153846153846156,0.5,0.3333333333333333,0.014705882352941176
2020-12-13,mobile,<Other>,referral,<Other> / referral,Referral,144,31,11,7,2,0.2152777777777778,0.3548387096774194,0.6363636363636364,0.2857142857142857,0.013888888888888888
2020-12-13,mobile,shop.googlemerchandisestore.com,referral,shop.googlemerchandisestore.com / referral,Referral,89,19,8,4,2,0.21348314606741572,0.42105263157894735,0.5,0.5,0.02247191011235955
2020-12-13,tablet,(direct),(none),(direct) / (none),Direct,18,4,0,0,0,0.2222222222222222,0.0,,,0.0
2020-12-13,tablet,<Other>,organic,<Other> / organic,Organic Search,3,1,0,0,0,0.3333333333333333,0.0,,,0.0
2020-12-13,tablet,google,organic,google / organic,Organic Search,27,2,2,2,0,0.07407407407407407,1.0,1.0,0.0,0.0
2020-12-13,tablet,(data deleted),(data deleted),(data deleted) / (data deleted),Other,2,0,0,0,0,0.0,,,,0.0
2020-12-13,tablet,<Other>,<Other>,<Other> / <Other>,Other,16,1,0,0,0,0.0625,0.0,,,0.0
2020-12-13,tablet,google,cpc,google / cpc,Paid Search,3,0,0,0,0,0.0,,,,0.0
2020-12-13,tablet,<Other>,referral,<Other> / referral,Referral,3,0,0,0,0,0.0,,,,0.0
2020-12-13,tablet,shop.googlemerchandisestore.com,referral,shop.googlemerchandisestore.com / referral,Referral,4,0,0,0,0,0.0,,,,0.0
2020-12-14,desktop,(direct),(none),(direct) / (none),Direct,721,149,42,24,8,0.20665742024965325,0.28187919463087246,0.5714285714285714,0.3333333333333333,0.011095700416088766
2020-12-14,desktop,<Other>,organic,<Other> / organic,Organic Search,73,15,4,0,0,0.2054794520547945,0.26666666666666666,0.0,,0.0
2020-12-14,desktop,google,organic,google / organic,Organic Search,964,203,65,27,10,0.21058091286307054,0.32019704433497537,0.4153846153846154,0.37037037037037035,0.01037344398340249
2020-12-14,desktop,(data deleted),(data deleted),(data deleted) / (data deleted),Other,165,43,20,6,4,0.2606060606060606,0.46511627906976744,0.3,0.6666666666666666,0.024242424242424242
2020-12-14,desktop,<Other>,(data deleted),<Other> / (data deleted),Other,2,0,0,0,0,0.0,,,,0.0
2020-12-14,desktop,<Other>,<Other>,<Other> / <Other>,Other,390,70,24,13,6,0.1794871794871795,0.34285714285714286,0.5416666666666666,0.46153846153846156,0.015384615384615385
2020-12-14,desktop,google,cpc,google / cpc,Paid Search,128,28,13,5,1,0.21875,0.4642857142857143,0.38461538461538464,0.2,0.0078125
2020-12-14,desktop,<Other>,referral,<Other> / referral,Referral,272,58,18,9,3,0.21323529411764705,0.3103448275862069,0.5,0.3333333333333333,0.011029411764705883
2020-12-14,desktop,shop.googlemerchandisestore.com,referral,shop.googlemerchandisestore.com / referral,Referral,229,55,21,10,6,0.24017467248908297,0.38181818181818183,0.47619047619047616,0.6,0.026200873362445413
2020-12-14,mobile,(direct),(none),(direct) / (none),Direct,447,104,37,20,7,0.232662192393736,0.3557692307692308,0.5405405405405406,0.35,0.015659955257270694
2020-12-14,mobile,<Other>,organic,<Other> / organic,Organic Search,64,10,2,0,0,0.15625,0.2,0.0,,0.0
2020-12-14,mobile,google,organic,google / organic,Organic Search,637,120,46,21,12,0.18838304552590268,0.38333333333333336,0.45652173913043476,0.5714285714285714,0.018838304552590265
2020-12-14,mobile,(data deleted),(data deleted),(data deleted) / (data deleted),Other,125,34,17,12,9,0.272,0.5,0.7058823529411765,0.75,0.072
2020-12-14,mobile,<Other>,(data deleted),<Other> / (data deleted),Other,2,0,0,0,0,0.0,,,,0.0
2020-12-14,mobile,<Other>,<Other>,<Other> / <Other>,Other,288,63,23,8,6,0.21875,0.36507936507936506,0.34782608695652173,0.75,0.020833333333333332
2020-12-14,mobile,google,cpc,google / cpc,Paid Search,85,13,6,4,1,0.15294117647058825,0.46153846153846156,0.6666666666666666,0.25,0.011764705882352941
2020-12-14,mobile,<Other>,referral,<Other> / referral,Referral,204,36,12,12,5,0.17647058823529413,0.3333333333333333,1.0,0.4166666666666667,0.024509803921568627
2020-12-14,mobile,shop.googlemerchandisestore.com,referral,shop.googlemerchandisestore.com / referral,Referral,178,43,19,11,7,0.24157303370786518,0.4418604651162791,0.5789473684210527,0.6363636363636364,0.03932584269662921
2020-12-14,tablet,(direct),(none),(direct) / (none),Direct,35,7,3,1,0,0.2,0.42857142857142855,0.3333333333333333,0.0,0.0
2020-12-14,tablet,<Other>,organic,<Other> / organic,Organic Search,2,0,0,0,0,0.0,,,,0.0
2020-12-14,tablet,google,organic,google / organic,Organic Search,40,8,4,2,1,0.2,0.5,0.5,0.5,0.025
2020-12-14,tablet,(data deleted),(data deleted),(data deleted) / (data deleted),Other,6,0,0,0,0,0.0,,,,0.0
2020-12-14,tablet,<Other>,<Other>,<Other> / <Other>,Other,22,1,0,0,0,0.045454545454545456,0.0,,,0.0
2020-12-14,tablet,google,cpc,google / cpc,Paid Search,4,0,0,0,0,0.0,,,,0.0
2020-12-14,tablet,<Other>,referral,<Other> / referral,Referral,8,1,0,0,0,0.125,0.0,,,0.0
2020-12-14,tablet,shop.googlemerchandisestore.com,referral,shop.googlemerchandisestore.com / referral,Referral,15,4,2,0,0,0.26666666666666666,0.5,0.0,,0.0
2020-12-15,desktop,(direct),(none),(direct) / (none),Direct,793,163,46,19,14,0.2055485498108449,0.2822085889570552,0.41304347826086957,0.7368421052631579,0.017654476670870115
2020-12-15,desktop,<Other>,organic,<Other> / organic,Organic Search,101,18,8,4,2,0.1782178217821782,0.4444444444444444,0.5,0.5,0.019801980198019802
2020-12-15,desktop,google,organic,google / organic,Organic Search,1014,212,68,34,20,0.20907297830374755,0.32075471698113206,0.5,0.5882352941176471,0.01972386587771203
2020-12-15,desktop,(data deleted),(data deleted),(data deleted) / (data deleted),Other,212,48,14,9,5,0.22641509433962265,0.2916666666666667,0.6428571428571429,0.5555555555555556,0.02358490566037736
2020-12-15,desktop,<Other>,(data deleted),<Other> / (data deleted),Other,5,1,1,0,0,0.2,1.0,0.0,,0.0
2020-12-15,desktop,<Other>,<Other>,<Other> / <Other>,Other,469,94,31,12,6,0.20042643923240938,0.32978723404255317,0.3870967741935484,0.5,0.01279317697228145
2020-12-15,desktop,google,cpc,google / cpc,Paid Search,159,28,9,5,3,0.1761006289308176,0.32142857142857145,0.5555555555555556,0.6,0.018867924528301886
2020-12-15,desktop,<Other>,referral,<Other> / referral,Referral,325,73,22,11,7,0.2246153846153846,0.3013698630136986,0.5,0.6363636363636364,0.021538461538461538
2020-12-15,desktop,shop.googlemerchandisestore.com,referral,shop.googlemerchandisestore.com / referral,Referral,288,81,26,16,13,0.28125,0.32098765432098764,0.6153846153846154,0.8125,0.04513888888888889
2020-12-15,mobile,(direct),(none),(direct) / (none),Direct,488,114,41,22,12,0.2336065573770492,0.35964912280701755,0.5365853658536586,0.5454545454545454,0.02459016393442623
2020-12-15,mobile,<Other>,organic,<Other> / organic,Organic Search,56,10,4,0,0,0.17857142857142858,0.4,0.0,,0.0
2020-12-15,mobile,google,organic,google / organic,Organic Search,711,158,47,29,15,0.2222222222222222,0.2974683544303797,0.6170212765957447,0.5172413793103449,0.02109704641350211
2020-12-15,mobile,(data deleted),(data deleted),(data deleted) / (data deleted),Other,161,49,26,11,9,0.30434782608695654,0.5306122448979592,0.4230769230769231,0.8181818181818182,0.055900621118012424
2020-12-15,mobile,<Other>,(data deleted),<Other> / (data deleted),Other,5,1,0,0,0,0.2,0.0,,,0.0
2020-12-15,mobile,<Other>,<Other>,<Other> / <Other>,Other,328,55,18,9,5,0.1676829268292683,0.32727272727272727,0.5,0.5555555555555556,0.01524390243902439
2020-12-15,mobile,google,cpc,google / cpc,Paid Search,88,16,2,1,1,0.18181818181818182,0.125,0.5,1.0,0.011363636363636364
2020-12-15,mobile,<Other>,referral,<Other> / referral,Referral,229,56,21,4,1,0.2445414847161572,0.375,0.19047619047619047,0.25,0.004366812227074236
2020-12-15,mobile,shop.googlemerchandisestore.com,referral,shop.googlemerchandisestore.com / referral,Referral,203,45,13,5,5,0.22167487684729065,0.28888888888888886,0.38461538461538464,1.0,0.024630541871921183
2020-12-15,tablet,(direct),(none),(direct) / (none),Direct,34,10,5,3,1,0.29411764705882354,0.5,0.6,0.3333333333333333,0.029411764705882353
2020-12-15,tablet,<Other>,organic,<Other> / organic,Organic Search,1,0,0,0,0,0.0,,,,0.0
2020-12-15,tablet,google,organic,google / organic,Organic Search,35,7,3,1,0,0.2,0.42857142857142855,0.3333333333333333,0.0,0.0
2020-12-15,tablet,(data deleted),(data deleted),(data deleted) / (data deleted),Other,9,1,0,0,0,0.1111111111111111,0.0,,,0.0
2020-12-15,tablet,<Other>,<Other>,<Other> / <Other>,Other,20,5,2,0,0,0.25,0.4,0.0,,0.0
2020-12-15,tablet,google,cpc,google / cpc,Paid Search,9,0,0,0,0,0.0,,,,0.0
2020-12-15,tablet,<Other>,referral,<Other> / referral,Referral,6,0,0,0,0,0.0,,,,0.0
2020-12-15,tablet,shop.googlemerchandisestore.com,referral,shop.googlemerchandisestore.com / referral,Referral,10,4,1,0,0,0.4,0.25,0.0,,0.0
2020-12-16,desktop,(direct),(none),(direct) / (none),Direct,750,158,50,25,20,0.21066666666666667,0.31645569620253167,0.5,0.8,0.02666666666666667
2020-12-16,desktop,<Other>,organic,<Other> / organic,Organic Search,96,16,3,1,1,0.16666666666666666,0.1875,0.3333333333333333,1.0,0.010416666666666666
2020-12-16,desktop,google,organic,google / organic,Organic Search,969,226,48,24,13,0.23323013415892674,0.21238938053097345,0.5,0.5416666666666666,0.013415892672858616
2020-12-16,desktop,(data deleted),(data deleted),(data deleted) / (data deleted),Other,236,62,24,18,13,0.2627118644067797,0.3870967741935484,0.75,0.7222222222222222,0.05508474576271186
2020-12-16,desktop,<Other>,(data deleted),<Other> / (data deleted),Other,1,0,0,0,0,0.0,,,,0.0
2020-12-16,desktop,<Other>,<Other>,<Other> / <Other>,Other,430,77,15,6,3,0.17906976744186046,0.19480519480519481,0.4,0.5,0.0069767441860465115
2020-12-16,desktop,<Other>,cpc,<Other> / cpc,Paid Search,1,1,1,0,0,1.0,1.0,0.0,,0.0
2020-12-16,desktop,google,cpc,google / cpc,Paid Search,156,22,6,2,2,0.14102564102564102,0.2727272727272727,0.3333333333333333,1.0,0.01282051282051282
2020-12-16,desktop,<Other>,referral,<Other> / referral,Referral,320,75,24,11,6,0.234375,0.32,0.4583333333333333,0.5454545454545454,0.01875
2020-12-16,desktop,shop.googlemerchandisestore.com,referral,shop.googlemerchandisestore.com / referral,Referral,300,82,25,18,10,0.2733333333333333,0.3048780487804878,0.72,0.5555555555555556,0.03333333333333333
2020-12-16,mobile,(direct),(none),(direct) / (none),Direct,506,107,37,19,13,0.21146245059288538,0.34579439252336447,0.5135135135135135,0.6842105263157895,0.025691699604743084
2020-12-16,mobile,<Other>,organic,<Other> / organic,Organic Search,53,14,2,1,1,0.2641509433962264,0.14285714285714285,0.5,1.0,0.018867924528301886
2020-12-16,mobile,google,organic,google / organic,Organic Search,718,138,34,22,12,0.19220055710306408,0.2463768115942029,0.6470588235294118,0.5454545454545454,0.016713091922005572
2020-12-16,mobile,(data deleted),(data deleted),(data deleted) / (data deleted),Other,128,36,18,13,9,0.28125,0.5,0.7222222222222222,0.6923076923076923,0.0703125
2020-12-16,mobile,<Other>,(data deleted),<Other> / (data deleted),Other,4,0,0,0,0,0.0,,,,0.0
2020-12-16,mobile,<Other>,<Other>,<Other> / <Other>,Other,309,48,15,6,3,0.1553398058252427,0.3125,0.4,0.5,0.009708737864077669
2020-12-16,mobile,google,cpc,google / cpc,Paid Search,80,12,2,1,1,0.15,0.16666666666666666,0.5,1.0,0.0125
2020-12-16,mobile,<Other>,referral,<Other> / referral,Referral,198,45,5,5,3,0.22727272727272727,0.1111111111111111,1.0,0.6,0.015151515151515152
2020-12-16,mobile,shop.googlemerchandisestore.com,referral,shop.googlemerchandisestore.com / referral,Referral,170,42,20,7,5,0.24705882352941178,0.47619047619047616,0.35,0.7142857142857143,0.029411764705882353
2020-12-16,tablet,(direct),(none),(direct) / (none),Direct,26,6,1,1,0,0.23076923076923078,0.16666666666666666,1.0,0.0,0.0
2020-12-16,tablet,<Other>,organic,<Other> / organic,Organic Search,3,0,0,0,0,0.0,,,,0.0
2020-12-16,tablet,google,organic,google / organic,Organic Search,28,3,0,0,0,0.10714285714285714,0.0,,,0.0
2020-12-16,tablet,(data deleted),(data deleted),(data deleted) / (data deleted),Other,4,3,1,1,1,0.75,0.3333333333333333,1.0,1.0,0.25
2020-12-16,tablet,<Other>,<Other>,<Other> / <Other>,Other,24,5,1,0,0,0.20833333333333334,0.2,0.0,,0.0
2020-12-16,tablet,google,cpc,google / cpc,Paid Search,8,2,2,2,0,0.25,1.0,1.0,0.0,0.0
2020-12-16,tablet,<Other>,referral,<Other> / referral,Referral,15,3,1,0,0,0.2,0.3333333333333333,0.0,,0.0
2020-12-16,tablet,shop.googlemerchandisestore.com,referral,shop.googlemerchandisestore.com / referral,Referral,9,3,1,1,1,0.3333333333333333,0.3333333333333333,1.0,1.0,0.1111111111111111
2020-12-17,desktop,(direct),(none),(direct) / (none),Direct,727,154,47,18,9,0.21182943603851445,0.3051948051948052,0.3829787234042553,0.5,0.012379642365887207
2020-12-17,desktop,<Other>,organic,<Other> / organic,Organic Search,81,23,4,4,1,0.2839506172839506,0.17391304347826086,1.0,0.25,0.012345679012345678
2020-12-17,desktop,google,organic,google / organic,Organic Search,955,218,58,23,15,0.22827225130890053,0.26605504587155965,0.39655172413793105,0.6521739130434783,0.015706806282722512
2020-12-17,desktop,(data deleted),(data deleted),(data deleted) / (data deleted),Other,199,68,28,18,13,0.3417085427135678,0.4117647058823529,0.6428571428571429,0.7222222222222222,0.06532663316582915
2020-12-17,desktop,<Other>,(data deleted),<Other> / (data deleted),Other,5,3,1,0,0,0.6,0.3333333333333333,0.0,,0.0
2020-12-17,desktop,<Other>,<Other>,<Other> / <Other>,Other,447,82,20,6,1,0.18344519015659955,0.24390243902439024,0.3,0.16666666666666666,0.0022371364653243847
2020-12-17,desktop,google,cpc,google / cpc,Paid Search,149,33,11,6,3,0.2214765100671141,0.3333333333333333,0.5454545454545454,0.5,0.020134228187919462
2020-12-17,desktop,<Other>,referral,<Other> / referral,Referral,308,68,12,6,5,0.22077922077922077,0.17647058823529413,0.5,0.8333333333333334,0.016233766233766232
2020-12-17,desktop,shop.googlemerchandisestore.com,referral,shop.googlemerchandisestore.com / referral,Referral,238,63,21,10,5,0.2647058823529412,0.3333333333333333,0.47619047619047616,0.5,0.02100840336134454
2020-12-17,mobile,(direct),(none),(direct) / (none),Direct,490,121,29,14,10,0.24693877551020407,0.2396694214876033,0.4827586206896552,0.7142857142857143,0.02040816326530612
2020-12-17,mobile,<Other>,organic,<Other> / organic,Organic Search,49,16,7,2,2,0.32653061224489793,0.4375,0.2857142857142857,1.0,0.04081632653061224
2020-12-17,mobile,google,organic,google / organic,Organic Search,685,160,48,21,11,0.23357664233576642,0.3,0.4375,0.5238095238095238,0.016058394160583942
2020-12-17,mobile,(data deleted),(data deleted),(data deleted) / (data deleted),Other,141,39,10,3,2,0.2765957446808511,0.2564102564102564,0.3,0.6666666666666666,0.014184397163120567
2020-12-17,mobile,<Other>,(data deleted),<Other> / (data deleted),Other,4,2,0,1,0,0.5,0.0,,0.0,0.0
2020-12-17,mobile,<Other>,<Other>,<Other> / <Other>,Other,309,74,12,10,3,0.23948220064724918,0.16216216216216217,0.8333333333333334,0.3,0.009708737864077669
2020-12-17,mobile,google,cpc,google / cpc,Paid Search,98,21,3,1,1,0.21428571428571427,0.14285714285714285,0.3333333333333333,1.0,0.01020408163265306
2020-12-17,mobile,<Other>,referral,<Other> / referral,Referral,209,48,15,5,3,0.22966507177033493,0.3125,0.3333333333333333,0.6,0.014354066985645933
2020-12-17,mobile,shop.googlemerchandisestore.com,referral,shop.googlemerchandisestore.com / referral,Referral,164,40,12,6,6,0.24390243902439024,0.3,0.5,1.0,0.036585365853658534
2020-12-17,tablet,(direct),(none),(direct) / (none),Direct,31,6,2,1,1,0.1935483870967742,0.3333333333333333,0.5,1.0,0.03225806451612903
2020-12-17,tablet,<Other>,organic,<Other> / organic,Organic Search,3,2,0,0,0,0.6666666666666666,0.0,,,0.0
2020-12-17,tablet,google,organic,google / organic,Organic Search,23,4,1,1,0,0.17391304347826086,0.25,1.0,0.0,0.0
2020-12-17,tablet,(data deleted),(data deleted),(data deleted) / (data deleted),Other,7,3,1,0,0,0.42857142857142855,0.3333333333333333,0.0,,0.0
2020-12-17,tablet,<Other>,<Other>,<Other> / <Other>,Other,15,1,1,0,0,0.06666666666666667,1.0,0.0,,0.0
2020-12-17,tablet,google,cpc,google / cpc,Paid Search,6,1,0,0,0,0.16666666666666666,0.0,,,0.0
2020-12-17,tablet,<Other>,referral,<Other> / referral,Referral,11,1,1,0,0,0.09090909090909091,1.0,0.0,,0.0
2020-12-17,tablet,shop.googlemerchandisestore.com,referral,shop.googlemerchandisestore.com / referral,Referral,2,0,0,0,0,0.0,,,,0.0
2020-12-18,desktop,(direct),(none),(direct) / (none),Direct,680,137,46,18,13,0.20147058823529412,0.3357664233576642,0.391304347826087,0.7222222222222222,0.01911764705882353
2020-12-18,desktop,<Other>,organic,<Other> / organic,Organic Search,61,14,2,0,0,0.22950819672131148,0.14285714285714285,0.0,,0.0
2020-12-18,desktop,google,organic,google / organic,Organic Search,892,205,43,26,12,0.22982062780269058,0.2097560975609756,0.6046511627906976,0.46153846153846156,0.013452914798206279
2020-12-18,desktop,(data deleted),(data deleted),(data deleted) / (data deleted),Other,129,42,21,14,9,0.32558139534883723,0.5,0.6666666666666666,0.6428571428571429,0.06976744186046512
2020-12-18,desktop,<Other>,(data deleted),<Other> / (data deleted),Other,2,1,0,0,0,0.5,0.0,,,0.0
2020-12-18,desktop,<Other>,<Other>,<Other> / <Other>,Other,414,87,24,8,4,0.21014492753623187,0.27586206896551724,0.3333333333333333,0.5,0.00966183574879227
2020-12-18,desktop,google,cpc,google / cpc,Paid Search,103,18,4,4,3,0.17475728155339806,0.2222222222222222,1.0,0.75,0.02912621359223301
2020-12-18,desktop,<Other>,referral,<Other> / referral,Referral,269,74,21,8,2,0.275092936802974,0.28378378378378377,0.38095238095238093,0.25,0.007434944237918215
2020-12-18,desktop,shop.googlemerchandisestore.com,referral,shop.googlemerchandisestore.com / referral,Referral,224,50,19,9,5,0.22321428571428573,0.38,0.47368421052631576,0.5555555555555556,0.022321428571428572
2020-12-18,mobile,(direct),(none),(direct) / (none),Direct,454,98,27,12,7,0.21585903083700442,0.2755102040816326,0.4444444444444444,0.5833333333333334,0.015418502202643172
2020-12-18,mobile,<Other>,organic,<Other> / organic,Organic Search,58,11,4,1,1,0.1896551724137931,0.36363636363636365,0.25,1.0,0.017241379310344827
2020-12-18,mobile,google,organic,google / organic,Organic Search,614,126,41,22,9,0.20521172638436483,0.3253968253968254,0.5365853658536586,0.4090909090909091,0.014657980456026058
2020-12-18,mobile,(data deleted),(data deleted),(data deleted) / (data deleted),Other,117,38,16,8,4,0.3247863247863248,0.42105263157894735,0.5,0.5,0.03418803418803419
2020-12-18,mobile,<Other>,(data deleted),<Other> / (data deleted),Other,2,1,1,0,0,0.5,1.0,0.0,,0.0
2020-12-18,mobile,<Other>,<Other>,<Other> / <Other>,Other,290,68,18,12,5,0.23448275862068965,0.2647058823529412,0.6666666666666666,0.4166666666666667,0.017241379310344827
2020-12-18,mobile,google,cpc,google / cpc,Paid Search,85,9,0,0,0,0.10588235294117647,0.0,,,0.0
2020-12-18,mobile,<Other>,referral,<Other> / referral,Referral,180,31,14,3,1,0.17222222222222222,0.45161290322580644,0.21428571428571427,0.3333333333333333,0.005555555555555556
2020-12-18,mobile,shop.googlemerchandisestore.com,referral,shop.googlemerchandisestore.com / referral,Referral,159,39,16,5,3,0.24528301886792453,0.41025641025641024,0.3125,0.6,0.018867924528301886
2020-12-18,tablet,(direct),(none),(direct) / (none),Direct,29,6,2,3,1,0.20689655172413793,0.3333333333333333,1.5,0.3333333333333333,0.034482758620689655
2020-12-18,tablet,<Other>,organic,<Other> / organic,Organic Search,11,0,0,0,0,0.0,,,,0.0
2020-12-18,tablet,google,organic,google / organic,Organic Search,31,5,0,0,0,0.16129032258064516,0.0,,,0.0
2020-12-18,tablet,(data deleted),(data deleted),(data deleted) / (data deleted),Other,2,0,0,0,0,0.0,,,,0.0
2020-12-18,tablet,<Other>,<Other>,<Other> / <Other>,Other,20,6,3,1,0,0.3,0.5,0.3333333333333333,0.0,0.0
2020-12-18,tablet,google,cpc,google / cpc,Paid Search,1,0,0,0,0,0.0,,,,0.0
2020-12-18,tablet,<Other>,referral,<Other> / referral,Referral,7,0,0,0,0,0.0,,,,0.0
2020-12-18,tablet,shop.googlemerchandisestore.com,referral,shop.googlemerchandisestore.com / referral,Referral,9,0,0,0,0,0.0,,,,0.0
2020-12-19,desktop,(direct),(none),(direct) / (none),Direct,509,98,24,16,7,0.1925343811394892,0.24489795918367346,0.6666666666666666,0.4375,0.0137524557956778
2020-12-19,desktop,<Other>,organic,<Other> / organic,Organic Search,53,13,0,0,0,0.24528301886792453,0.0,,,0.0
2020-12-19,desktop,google,organic,google / organic,Organic Search,639,126,33,14,8,0.19718309859154928,0.2619047619047619,0.42424242424242425,0.5714285714285714,0.012519561815336464
2020-12-19,desktop,(data deleted),(data deleted),(data deleted) / (data deleted),Other,105,27,9,5,3,0.2571428571428571,0.3333333333333333,0.5555555555555556,0.6,0.02857142857142857
2020-12-19,desktop,<Other>,(data deleted),<Other> / (data deleted),Other,1,0,0,0,0,0.0,,,,0.0
2020-12-19,desktop,<Other>,<Other>,<Other> / <Other>,Other,309,58,16,8,2,0.18770226537216828,0.27586206896551724,0.5,0.25,0.006472491909385114
2020-12-19,desktop,google,cpc,google / cpc,Paid Search,100,26,7,4,2,0.26,0.2692307692307692,0.5714285714285714,0.5,0.02
2020-12-19,desktop,<Other>,referral,<Other> / referral,Referral,195,33,4,1,0,0.16923076923076924,0.12121212121212122,0.25,0.0,0.0
2020-12-19,desktop,shop.googlemerchandisestore.com,referral,shop.googlemerchandisestore.com / referral,Referral,126,22,3,4,1,0.1746031746031746,0.13636363636363635,1.3333333333333333,0.25,0.007936507936507936
2020-12-19,mobile,(direct),(none),(direct) / (none),Direct,367,85,22,9,5,0.23160762942779292,0.25882352941176473,0.4090909090909091,0.5555555555555556,0.013623978201634877
2020-12-19,mobile,<Other>,organic,<Other> / organic,Organic Search,36,7,1,1,0,0.19444444444444445,0.14285714285714285,1.0,0.0,0.0
2020-12-19,mobile,google,organic,google / organic,Organic Search,448,94,25,12,4,0.20982142857142858,0.26595744680851063,0.48,0.3333333333333333,0.008928571428571428
2020-12-19,mobile,(data deleted),(data deleted),(data deleted) / (data deleted),Other,75,18,10,5,4,0.24,0.5555555555555556,0.5,0.8,0.05333333333333334
2020-12-19,mobile,<Other>,(data deleted),<Other> / (data deleted),Other,1,1,1,1,0,1.0,1.0,1.0,0.0,0.0
2020-12-19,mobile,<Other>,<Other>,<Other> / <Other>,Other,216,42,10,1,0,0.19444444444444445,0.23809523809523808,0.1,0.0,0.0
2020-12-19,mobile,google,cpc,google / cpc,Paid Search,73,10,4,1,0,0.136986301369863,0.4,0.25,0.0,0.0
2020-12-19,mobile,<Other>,referral,<Other> / referral,Referral,154,31,9,5,3,0.2012987012987013,0.2903225806451613,0.5555555555555556,0.6,0.01948051948051948
2020-12-19,mobile,shop.googlemerchandisestore.com,referral,shop.googlemerchandisestore.com / referral,Referral,116,24,5,3,1,0.20689655172413793,0.20833333333333334,0.6,0.3333333333333333,0.008620689655172414
2020-12-19,tablet,(direct),(none),(direct) / (none),Direct,20,3,1,1,0,0.15,0.3333333333333333,1.0,0.0,0.0
2020-12-19,tablet,<Other>,organic,<Other> / organic,Organic Search,4,0,0,0,0,0.0,,,,0.0
2020-12-19,tablet,google,organic,google / organic,Organic Search,18,2,0,0,0,0.1111111111111111,0.0,,,0.0
2020-12-19,tablet,(data deleted),(data deleted),(data deleted) / (data deleted),Other,2,1,0,0,0,0.5,0.0,,,0.0
2020-12-19,tablet,<Other>,<Other>,<Other> / <Other>,Other,11,3,0,0,0,0.2727272727272727,0.0,,,0.0
2020-12-19,tablet,google,cpc,google / cpc,Paid Search,4,1,0,0,0,0.25,0.0,,,0.0
2020-12-19,tablet,<Other>,referral,<Other> / referral,Referral,5,0,0,0,0,0.0,,,,0.0
2020-12-19,tablet,shop.googlemerchandisestore.com,referral,shop.googlemerchandisestore.com / referral,Referral,8,2,0,0,0,0.25,0.0,,,0.0
2020-12-20,desktop,(direct),(none),(direct) / (none),Direct,444,81,21,6,1,0.18243243243243243,0.25925925925925924,0.2857142857142857,0.16666666666666666,0.0022522522522522522
2020-12-20,desktop,<Other>,organic,<Other> / organic,Organic Search,59,5,1,0,0,0.0847457627118644,0.2,0.0,,0.0
2020-12-20,desktop,google,organic,google / organic,Organic Search,648,114,28,10,6,0.17592592592592593,0.24561403508771928,0.35714285714285715,0.6,0.009259259259259259
2020-12-20,desktop,(data deleted),(data deleted),(data deleted) / (data deleted),Other,93,19,5,4,0,0.20430107526881722,0.2631578947368421,0.8,0.0,0.0
2020-12-20,desktop,<Other>,(data deleted),<Other> / (data deleted),Other,3,1,0,0,0,0.3333333333333333,0.0,,,0.0
2020-12-20,desktop,<Other>,<Other>,<Other> / <Other>,Other,297,52,11,6,1,0.1750841750841751,0.21153846153846154,0.5454545454545454,0.16666666666666666,0.003367003367003367
2020-12-20,desktop,google,cpc,google / cpc,Paid Search,76,6,2,0,0,0.07894736842105263,0.3333333333333333,0.0,,0.0
2020-12-20,desktop,<Other>,referral,<Other> / referral,Referral,167,29,5,3,1,0.17365269461077845,0.1724137931034483,0.6,0.3333333333333333,0.005988023952095809
2020-12-20,desktop,shop.googlemerchandisestore.com,referral,shop.googlemerchandisestore.com / referral,Referral,166,32,8,5,2,0.1927710843373494,0.25,0.625,0.4,0.012048192771084338
2020-12-20,mobile,(direct),(none),(direct) / (none),Direct,306,47,6,2,1,0.15359477124183007,0.1276595744680851,0.3333333333333333,0.5,0.0032679738562091504
2020-12-20,mobile,<Other>,organic,<Other> / organic,Organic Search,37,5,0,0,0,0.13513513513513514,0.0,,,0.0
2020-12-20,mobile,google,organic,google / organic,Organic Search,406,65,16,8,3,0.16009852216748768,0.24615384615384617,0.5,0.375,0.007389162561576354
2020-12-20,mobile,(data deleted),(data deleted),(data deleted) / (data deleted),Other,69,18,3,2,2,0.2608695652173913,0.16666666666666666,0.6666666666666666,1.0,0.028985507246376812
2020-12-20,mobile,<Other>,<Other>,<Other> / <Other>,Other,201,31,5,1,0,0.15422885572139303,0.16129032258064516,0.2,0.0,0.0
2020-12-20,mobile,google,cpc,google / cpc,Paid Search,61,8,0,0,0,0.13114754098360656,0.0,,,0.0
2020-12-20,mobile,<Other>,referral,<Other> / referral,Referral,126,19,3,3,2,0.15079365079365079,0.15789473684210525,1.0,0.6666666666666666,0.015873015873015872
2020-12-20,mobile,shop.googlemerchandisestore.com,referral,shop.googlemerchandisestore.com / referral,Referral,73,17,10,1,0,0.2328767123287671,0.5882352941176471,0.1,0.0,0.0
2020-12-20,tablet,(direct),(none),(direct) / (none),Direct,17,2,0,0,0,0.11764705882352941,0.0,,,0.0
2020-12-20,tablet,google,organic,google / organic,Organic Search,18,1,0,0,0,0.05555555555555555,0.0,,,0.0
2020-12-20,tablet,(data deleted),(data deleted),(data deleted) / (data deleted),Other,4,2,1,0,0,0.5,0.5,0.0,,0.0
2020-12-20,tablet,<Other>,<Other>,<Other> / <Other>,Other,12,3,1,0,0,0.25,0.3333333333333333,0.0,,0.0
2020-12-20,tablet,google,cpc,google / cpc,Paid Search,3,0,0,0,0,0.0,,,,0.0
2020-12-20,tablet,<Other>,referral,<Other> / referral,Referral,6,1,0,0,0,0.16666666666666666,0.0,,,0.0
2020-12-20,tablet,shop.googlemerchandisestore.com,referral,shop.googlemerchandisestore.com / referral,Referral,4,0,0,0,0,0.0,,,,0.0
2020-12-21,desktop,(direct),(none),(direct) / (none),Direct,507,109,30,18,11,0.21499013806706113,0.27522935779816515,0.6,0.6111111111111112,0.021696252465483234
2020-12-21,desktop,<Other>,organic,<Other> / organic,Organic Search,56,15,7,3,3,0.26785714285714285,0.4666666666666667,0.42857142857142855,1.0,0.05357142857142857
2020-12-21,desktop,google,organic,google / organic,Organic Search,732,147,33,12,6,0.20081967213114754,0.22448979591836735,0.36363636363636365,0.5,0.00819672131147541
2020-12-21,desktop,(data deleted),(data deleted),(data deleted) / (data deleted),Other,144,40,14,7,2,0.2777777777777778,0.35,0.5,0.2857142857142857,0.013888888888888888
2020-12-21,desktop,<Other>,(data deleted),<Other> / (data deleted),Other,3,0,0,0,0,0.0,,,,0.0
2020-12-21,desktop,<Other>,<Other>,<Other> / <Other>,Other,342,64,8,3,2,0.1871345029239766,0.125,0.375,0.6666666666666666,0.005847953216374269
2020-12-21,desktop,google,cpc,google / cpc,Paid Search,105,15,1,0,0,0.14285714285714285,0.06666666666666667,0.0,,0.0
2020-12-21,desktop,<Other>,referral,<Other> / referral,Referral,235,45,13,7,4,0.19148936170212766,0.28888888888888886,0.5384615384615384,0.5714285714285714,0.01702127659574468
2020-12-21,desktop,shop.googlemerchandisestore.com,referral,shop.googlemerchandisestore.com / referral,Referral,198,40,10,1,0,0.20202020202020202,0.25,0.1,0.0,0.0
2020-12-21,mobile,(direct),(none),(direct) / (none),Direct,386,85,18,9,6,0.22020725388601037,0.21176470588235294,0.5,0.6666666666666666,0.015544041450777202
2020-12-21,mobile,<Other>,organic,<Other> / organic,Organic Search,42,10,3,1,1,0.23809523809523808,0.3,0.3333333333333333,1.0,0.023809523809523808
2020-12-21,mobile,google,organic,google / organic,Organic Search,492,104,22,9,3,0.21138211382113822,0.21153846153846154,0.4090909090909091,0.3333333333333333,0.006097560975609756
2020-12-21,mobile,(data deleted),(data deleted),(data deleted) / (data deleted),Other,100,26,10,2,1,0.26,0.38461538461538464,0.2,0.5,0.01
2020-12-21,mobile,<Other>,(data deleted),<Other> / (data deleted),Other,1,0,0,0,0,0.0,,,,0.0
2020-12-21,mobile,<Other>,<Other>,<Other> / <Other>,Other,237,39,9,4,2,0.16455696202531644,0.23076923076923078,0.4444444444444444,0.5,0.008438818565400843
2020-12-21,mobile,google,cpc,google / cpc,Paid Search,54,6,1,1,1,0.1111111111111111,0.16666666666666666,1.0,1.0,0.018518518518518517
2020-12-21,mobile,<Other>,referral,<Other> / referral,Referral,163,25,8,3,1,0.15337423312883436,0.32,0.375,0.3333333333333333,0.006134969325153374
2020-12-21,mobile,shop.googlemerchandisestore.com,referral,shop.googlemerchandisestore.com / referral,Referral,120,33,10,4,1,0.275,0.30303030303030304,0.4,0.25,0.008333333333333333
2020-12-21,tablet,(direct),(none),(direct) / (none),Direct,22,5,2,2,1,0.22727272727272727,0.4,1.0,0.5,0.045454545454545456
2020-12-21,tablet,<Other>,organic,<Other> / organic,Organic Search,4,2,0,0,0,0.5,0.0,,,0.0
2020-12-21,tablet,google,organic,google / organic,Organic Search,35,7,2,2,2,0.2,0.2857142857142857,1.0,1.0,0.05714285714285714
2020-12-21,tablet,(data deleted),(data deleted),(data deleted) / (data deleted),Other,3,0,0,0,0,0.0,,,,0.0
2020-12-21,tablet,<Other>,(data deleted),<Other> / (data deleted),Other,1,0,0,0,0,0.0,,,,0.0
2020-12-21,tablet,<Other>,<Other>,<Other> / <Other>,Other,13,2,0,0,0,0.15384615384615385,0.0,,,0.0
2020-12-21,tablet,google,cpc,google / cpc,Paid Search,3,1,0,0,0,0.3333333333333333,0.0,,,0.0
2020-12-21,tablet,<Other>,referral,<Other> / referral,Referral,12,1,1,1,1,0.08333333333333333,1.0,1.0,1.0,0.08333333333333333
2020-12-21,tablet,shop.googlemerchandisestore.com,referral,shop.googlemerchandisestore.com / referral,Referral,7,2,1,1,0,0.2857142857142857,0.5,1.0,0.0,0.0
2020-12-22,desktop,(direct),(none),(direct) / (none),Direct,480,106,28,13,8,0.22083333333333333,0.2641509433962264,0.4642857142857143,0.6153846153846154,0.016666666666666666
2020-12-22,desktop,<Other>,organic,<Other> / organic,Organic Search,67,14,3,1,0,0.208955223880597,0.21428571428571427,0.3333333333333333,0.0,0.0
2020-12-22,desktop,google,organic,google / organic,Organic Search,686,155,30,16,7,0.2259475218658892,0.1935483870967742,0.5333333333333333,0.4375,0.01020408163265306
2020-12-22,desktop,(data deleted),(data deleted),(data deleted) / (data deleted),Other,145,38,10,4,4,0.2620689655172414,0.2631578947368421,0.4,1.0,0.027586206896551724
2020-12-22,desktop,<Other>,(data deleted),<Other> / (data deleted),Other,7,2,0,0,0,0.2857142857142857,0.0,,,0.0
2020-12-22,desktop,<Other>,<Other>,<Other> / <Other>,Other,327,84,24,9,5,0.25688073394495414,0.2857142857142857,0.375,0.5555555555555556,0.01529051987767584
2020-12-22,desktop,google,cpc,google / cpc,Paid Search,101,26,5,3,1,0.25742574257425743,0.19230769230769232,0.6,0.3333333333333333,0.009900990099009901
2020-12-22,desktop,<Other>,referral,<Other> / referral,Referral,197,39,11,5,4,0.19796954314720813,0.28205128205128205,0.45454545454545453,0.8,0.02030456852791878
2020-12-22,desktop,shop.googlemerchandisestore.com,referral,shop.googlemerchandisestore.com / referral,Referral,177,40,6,5,4,0.22598870056497175,0.15,0.8333333333333334,0.8,0.022598870056497175
2020-12-22,mobile,(direct),(none),(direct) / (none),Direct,353,74,20,11,5,0.2096317280453258,0.2702702702702703,0.55,0.45454545454545453,0.014164305949008499
2020-12-22,mobile,<Other>,organic,<Other> / organic,Organic Search,47,9,3,1,0,0.19148936170212766,0.3333333333333333,0.3333333333333333,0.0,0.0
2020-12-22,mobile,google,organic,google / organic,Organic Search,498,117,26,8,4,0.23493975903614459,0.2222222222222222,0.3076923076923077,0.5,0.008032128514056224
2020-12-22,mobile,(data deleted),(data deleted),(data deleted) / (data deleted),Other,104,37,11,5,3,0.3557692307692308,0.2972972972972973,0.45454545454545453,0.6,0.028846153846153848
2020-12-22,mobile,<Other>,(data deleted),<Other> / (data deleted),Other,2,1,1,0,0,0.5,1.0,0.0,,0.0
2020-12-22,mobile,<Other>,<Other>,<Other> / <Other>,Other,235,61,16,5,4,0.25957446808510637,0.26229508196721313,0.3125,0.8,0.01702127659574468
2020-12-22,mobile,google,cpc,google / cpc,Paid Search,56,15,2,0,0,0.26785714285714285,0.13333333333333333,0.0,,0.0
2020-12-22,mobile,<Other>,referral,<Other> / referral,Referral,151,40,12,2,2,0.26490066225165565,0.3,0.16666666666666666,1.0,0.013245033112582781
2020-12-22,mobile,shop.googlemerchandisestore.com,referral,shop.googlemerchandisestore.com / referral,Referral,130,32,8,5,5,0.24615384615384617,0.25,0.625,1.0,0.038461538461538464
2020-12-22,tablet,(direct),(none),(direct) / (none),Direct,16,2,0,0,0,0.125,0.0,,,0.0
2020-12-22,tablet,<Other>,organic,<Other> / organic,Organic Search,5,2,0,0,0,0.4,0.0,,,0.0
2020-12-22,tablet,google,organic,google / organic,Organic Search,24,9,2,1,0,0.375,0.2222222222222222,0.5,0.0,0.0
2020-12-22,tablet,(data deleted),(data deleted),(data deleted) / (data deleted),Other,5,1,1,1,1,0.2,1.0,1.0,1.0,0.2
2020-12-22,tablet,<Other>,<Other>,<Other> / <Other>,Other,9,2,0,0,0,0.2222222222222222,0.0,,,0.0
2020-12-22,tablet,google,cpc,google / cpc,Paid Search,2,1,0,0,0,0.5,0.0,,,0.0
2020-12-22,tablet,<Other>,referral,<Other> / referral,Referral,12,5,2,2,0,0.4166666666666667,0.4,1.0,0.0,0.0
2020-12-22,tablet,shop.googlemerchandisestore.com,referral,shop.googlemerchandisestore.com / referral,Referral,12,2,0,0,0,0.16666666666666666,0.0,,,0.0
2020-12-23,desktop,(direct),(none),(direct) / (none),Direct,445,105,29,9,4,0.23595505617977527,0.2761904761904762,0.3103448275862069,0.4444444444444444,0.008988764044943821
2020-12-23,desktop,<Other>,organic,<Other> / organic,Organic Search,63,13,3,3,1,0.20634920634920634,0.23076923076923078,1.0,0.3333333333333333,0.015873015873015872
2020-12-23,desktop,google,organic,google / organic,Organic Search,610,123,33,12,8,0.20163934426229507,0.2682926829268293,0.36363636363636365,0.6666666666666666,0.013114754098360656
2020-12-23,desktop,(data deleted),(data deleted),(data deleted) / (data deleted),Other,111,39,23,10,5,0.35135135135135137,0.5897435897435898,0.43478260869565216,0.5,0.04504504504504504
2020-12-23,desktop,<Other>,(data deleted),<Other> / (data deleted),Other,1,0,0,0,0,0.0,,,,0.0
2020-12-23,desktop,<Other>,<Other>,<Other> / <Other>,Other,318,69,22,5,2,0.2169811320754717,0.3188405797101449,0.22727272727272727,0.4,0.006289308176100629
2020-12-23,desktop,google,cpc,google / cpc,Paid Search,72,11,1,1,1,0.1527777777777778,0.09090909090909091,1.0,1.0,0.013888888888888888
2020-12-23,desktop,<Other>,referral,<Other> / referral,Referral,191,40,7,3,2,0.2094240837696335,0.175,0.42857142857142855,0.6666666666666666,0.010471204188481676
2020-12-23,desktop,shop.googlemerchandisestore.com,referral,shop.googlemerchandisestore.com / referral,Referral,145,31,10,3,2,0.21379310344827587,0.3225806451612903,0.3,0.6666666666666666,0.013793103448275862
2020-12-23,mobile,(direct),(none),(direct) / (none),Direct,322,67,18,11,6,0.2080745341614907,0.26865671641791045,0.6111111111111112,0.5454545454545454,0.018633540372670808
2020-12-23,mobile,<Other>,organic,<Other> / organic,Organic Search,39,9,1,1,0,0.23076923076923078,0.1111111111111111,1.0,0.0,0.0
2020-12-23,mobile,google,organic,google / organic,Organic Search,451,79,23,13,8,0.17516629711751663,0.2911392405063291,0.5652173913043478,0.6153846153846154,0.017738359201773836
2020-12-23,mobile,(data deleted),(data deleted),(data deleted) / (data deleted),Other,91,19,9,6,5,0.2087912087912088,0.47368421052631576,0.6666666666666666,0.8333333333333334,0.054945054945054944
2020-12-23,mobile,<Other>,(data deleted),<Other> / (data deleted),Other,1,1,1,1,1,1.0,1.0,1.0,1.0,1.0
2020-12-23,mobile,<Other>,<Other>,<Other> / <Other>,Other,200,31,4,5,3,0.155,0.12903225806451613,1.25,0.6,0.015
2020-12-23,mobile,google,cpc,google / cpc,Paid Search,70,18,6,3,0,0.2571428571428571,0.3333333333333333,0.5,0.0,0.0
2020-12-23,mobile,<Other>,referral,<Other> / referral,Referral,132,33,9,2,1,0.25,0.2727272727272727,0.2222222222222222,0.5,0.007575757575757576
2020-12-23,mobile,shop.googlemerchandisestore.com,referral,shop.googlemerchandisestore.com / referral,Referral,117,26,9,5,4,0.2222222222222222,0.34615384615384615,0.5555555555555556,0.8,0.03418803418803419
2020-12-23,tablet,(direct),(none),(direct) / (none),Direct,19,7,1,0,0,0.3684210526315789,0.14285714285714285,0.0,,0.0
2020-12-23,tablet,<Other>,organic,<Other> / organic,Organic Search,2,0,0,0,0,0.0,,,,0.0
2020-12-23,tablet,google,organic,google / organic,Organic Search,23,4,1,0,0,0.17391304347826086,0.25,0.0,,0.0
2020-12-23,tablet,(data deleted),(data deleted),(data deleted) / (data deleted),Other,1,0,0,0,0,0.0,,,,0.0
2020-12-23,tablet,<Other>,<Other>,<Other> / <Other>,Other,12,2,0,0,0,0.16666666666666666,0.0,,,0.0
2020-12-23,tablet,google,cpc,google / cpc,Paid Search,2,0,0,0,0,0.0,,,,0.0
2020-12-23,tablet,<Other>,referral,<Other> / referral,Referral,5,2,0,0,0,0.4,0.0,,,0.0
2020-12-23,tablet,shop.googlemerchandisestore.com,referral,shop.googlemerchandisestore.com / referral,Referral,5,0,0,0,0,0.0,,,,0.0
2020-12-24,desktop,(direct),(none),(direct) / (none),Direct,366,71,15,4,1,0.19398907103825136,0.2112676056338028,0.26666666666666666,0.25,0.00273224043715847
2020-12-24,desktop,<Other>,organic,<Other> / organic,Organic Search,55,7,1,0,0,0.12727272727272726,0.14285714285714285,0.0,,0.0
2020-12-24,desktop,google,organic,google / organic,Organic Search,499,68,9,2,1,0.13627254509018036,0.1323529411764706,0.2222222222222222,0.5,0.002004008016032064
2020-12-24,desktop,(data deleted),(data deleted),(data deleted) / (data deleted),Other,63,16,6,4,4,0.25396825396825395,0.375,0.6666666666666666,1.0,0.06349206349206349
2020-12-24,desktop,<Other>,<Other>,<Other> / <Other>,Other,259,32,4,1,1,0.12355212355212356,0.125,0.25,1.0,0.003861003861003861
2020-12-24,desktop,google,cpc,google / cpc,Paid Search,76,14,5,2,2,0.18421052631578946,0.35714285714285715,0.4,1.0,0.02631578947368421
2020-12-24,desktop,<Other>,referral,<Other> / referral,Referral,148,36,9,1,0,0.24324324324324326,0.25,0.1111111111111111,0.0,0.0
2020-12-24,desktop,shop.googlemerchandisestore.com,referral,shop.googlemerchandisestore.com / referral,Referral,121,29,5,2,1,0.2396694214876033,0.1724137931034483,0.4,0.5,0.008264462809917356
2020-12-24,mobile,(direct),(none),(direct) / (none),Direct,256,42,6,4,2,0.1640625,0.14285714285714285,0.6666666666666666,0.5,0.0078125
2020-12-24,mobile,<Other>,organic,<Other> / organic,Organic Search,32,6,3,1,0,0.1875,0.5,0.3333333333333333,0.0,0.0
2020-12-24,mobile,google,organic,google / organic,Organic Search,368,67,15,4,1,0.18206521739130435,0.22388059701492538,0.26666666666666666,0.25,0.002717391304347826
2020-12-24,mobile,(data deleted),(data deleted),(data deleted) / (data deleted),Other,52,11,4,4,2,0.21153846153846154,0.36363636363636365,1.0,0.5,0.038461538461538464
2020-12-24,mobile,<Other>,(data deleted),<Other> / (data deleted),Other,1,0,0,0,0,0.0,,,,0.0
2020-12-24,mobile,<Other>,<Other>,<Other> / <Other>,Other,185,27,4,4,3,0.14594594594594595,0.14814814814814814,1.0,0.75,0.016216216216216217
2020-12-24,mobile,google,cpc,google / cpc,Paid Search,66,8,4,0,0,0.12121212121212122,0.5,0.0,,0.0
2020-12-24,mobile,<Other>,referral,<Other> / referral,Referral,112,15,4,2,1,0.13392857142857142,0.26666666666666666,0.5,0.5,0.008928571428571428
2020-12-24,mobile,shop.googlemerchandisestore.com,referral,shop.googlemerchandisestore.com / referral,Referral,81,17,5,2,1,0.20987654320987653,0.29411764705882354,0.4,0.5,0.012345679012345678
2020-12-24,tablet,(direct),(none),(direct) / (none),Direct,15,2,0,0,0,0.13333333333333333,0.0,,,0.0
2020-12-24,tablet,<Other>,organic,<Other> / organic,Organic Search,2,0,0,0,0,0.0,,,,0.0
2020-12-24,tablet,google,organic,google / organic,Organic Search,16,6,1,1,1,0.375,0.16666666666666666,1.0,1.0,0.0625
2020-12-24,tablet,(data deleted),(data deleted),(data deleted) / (data deleted),Other,7,1,1,1,1,0.14285714285714285,1.0,1.0,1.0,0.14285714285714285
2020-12-24,tablet,<Other>,<Other>,<Other> / <Other>,Other,13,1,0,0,0,0.07692307692307693,0.0,,,0.0
2020-12-24,tablet,google,cpc,google / cpc,Paid Search,5,2,1,0,0,0.4,0.5,0.0,,0.0
2020-12-24,tablet,<Other>,referral,<Other> / referral,Referral,5,0,0,0,0,0.0,,,,0.0
2020-12-24,tablet,shop.googlemerchandisestore.com,referral,shop.googlemerchandisestore.com / referral,Referral,1,0,0,0,0,0.0,,,,0.0
2020-12-25,desktop,(direct),(none),(direct) / (none),Direct,339,43,7,4,1,0.12684365781710916,0.16279069767441862,0.5714285714285714,0.25,0.0029498525073746312
2020-12-25,desktop,<Other>,organic,<Other> / organic,Organic Search,39,7,2,1,1,0.1794871794871795,0.2857142857142857,0.5,1.0,0.02564102564102564
2020-12-25,desktop,google,organic,google / organic,Organic Search,506,71,11,6,3,0.14031620553359683,0.15492957746478872,0.5454545454545454,0.5,0.005928853754940711
2020-12-25,desktop,(data deleted),(data deleted),(data deleted) / (data deleted),Other,56,12,7,4,1,0.21428571428571427,0.5833333333333334,0.5714285714285714,0.25,0.017857142857142856
2020-12-25,desktop,<Other>,(data deleted),<Other> / (data deleted),Other,1,0,0,0,0,0.0,,,,0.0
2020-12-25,desktop,<Other>,<Other>,<Other> / <Other>,Other,237,28,6,1,0,0.11814345991561181,0.21428571428571427,0.16666666666666666,0.0,0.0
2020-12-25,desktop,google,cpc,google / cpc,Paid Search,87,12,1,0,0,0.13793103448275862,0.08333333333333333,0.0,,0.0
2020-12-25,desktop,<Other>,referral,<Other> / referral,Referral,174,21,9,3,1,0.1206896551724138,0.42857142857142855,0.3333333333333333,0.3333333333333333,0.005747126436781609
2020-12-25,desktop,shop.googlemerchandisestore.com,referral,shop.googlemerchandisestore.com / referral,Referral,112,14,1,1,0,0.125,0.07142857142857142,1.0,0.0,0.0
2020-12-25,mobile,(direct),(none),(direct) / (none),Direct,237,32,5,3,3,0.1350210970464135,0.15625,0.6,1.0,0.012658227848101266
2020-12-25,mobile,<Other>,organic,<Other> / organic,Organic Search,32,4,0,0,0,0.125,0.0,,,0.0
2020-12-25,mobile,google,organic,google / organic,Organic Search,349,42,4,2,1,0.12034383954154727,0.09523809523809523,0.5,0.5,0.0028653295128939827
2020-12-25,mobile,(data deleted),(data deleted),(data deleted) / (data deleted),Other,39,12,9,4,2,0.3076923076923077,0.75,0.4444444444444444,0.5,0.05128205128205128
2020-12-25,mobile,<Other>,<Other>,<Other> / <Other>,Other,162,25,6,2,0,0.15432098765432098,0.24,0.3333333333333333,0.0,0.0
2020-12-25,mobile,google,cpc,google / cpc,Paid Search,56,4,1,1,1,0.07142857142857142,0.25,1.0,1.0,0.017857142857142856
2020-12-25,mobile,<Other>,referral,<Other> / referral,Referral,90,11,5,1,1,0.12222222222222222,0.45454545454545453,0.2,1.0,0.011111111111111112
2020-12-25,mobile,shop.googlemerchandisestore.com,referral,shop.googlemerchandisestore.com / referral,Referral,74,12,5,2,2,0.16216216216216217,0.4166666666666667,0.4,1.0,0.02702702702702703
2020-12-25,tablet,(direct),(none),(direct) / (none),Direct,16,3,0,0,0,0.1875,0.0,,,0.0
2020-12-25,tablet,<Other>,organic,<Other> / organic,Organic Search,1,0,0,0,0,0.0,,,,0.0
2020-12-25,tablet,google,organic,google / organic,Organic Search,18,3,1,0,0,0.16666666666666666,0.3333333333333333,0.0,,0.0
2020-12-25,tablet,(data deleted),(data deleted),(data deleted) / (data deleted),Other,3,0,0,0,0,0.0,,,,0.0
2020-12-25,tablet,<Other>,<Other>,<Other> / <Other>,Other,11,3,0,1,0,0.2727272727272727,0.0,,0.0,0.0
2020-12-25,tablet,google,cpc,google / cpc,Paid Search,1,0,0,0,0,0.0,,,,0.0
2020-12-25,tablet,<Other>,referral,<Other> / referral,Referral,4,1,1,0,0,0.25,1.0,0.0,,0.0
2020-12-25,tablet,shop.googlemerchandisestore.com,referral,shop.googlemerchandisestore.com / referral,Referral,4,1,0,0,0,0.25,0.0,,,0.0
2020-12-26,desktop,(direct),(none),(direct) / (none),Direct,367,60,11,2,1,0.16348773841961853,0.18333333333333332,0.18181818181818182,0.5,0.0027247956403269754
2020-12-26,desktop,<Other>,organic,<Other> / organic,Organic Search,39,6,1,1,1,0.15384615384615385,0.16666666666666666,1.0,1.0,0.02564102564102564
2020-12-26,desktop,google,organic,google / organic,Organic Search,530,77,14,2,2,0.14528301886792452,0.18181818181818182,0.14285714285714285,1.0,0.0037735849056603774
2020-12-26,desktop,(data deleted),(data deleted),(data deleted) / (data deleted),Other,66,13,2,0,0,0.19696969696969696,0.15384615384615385,0.0,,0.0
2020-12-26,desktop,<Other>,(data deleted),<Other> / (data deleted),Other,1,0,0,0,0,0.0,,,,0.0
2020-12-26,desktop,<Other>,<Other>,<Other> / <Other>,Other,240,36,10,1,0,0.15,0.2777777777777778,0.1,0.0,0.0
2020-12-26,desktop,google,cpc,google / cpc,Paid Search,77,8,3,0,0,0.1038961038961039,0.375,0.0,,0.0
2020-12-26,desktop,<Other>,referral,<Other> / referral,Referral,139,28,5,1,1,0.2014388489208633,0.17857142857142858,0.2,1.0,0.007194244604316547
2020-12-26,desktop,shop.googlemerchandisestore.com,referral,shop.googlemerchandisestore.com / referral,Referral,96,12,1,1,0,0.125,0.08333333333333333,1.0,0.0,0.0
2020-12-26,mobile,(direct),(none),(direct) / (none),Direct,265,41,7,2,2,0.15471698113207547,0.17073170731707318,0.2857142857142857,1.0,0.007547169811320755
2020-12-26,mobile,<Other>,organic,<Other> / organic,Organic Search,35,3,0,0,0,0.08571428571428572,0.0,,,0.0
2020-12-26,mobile,google,organic,google / organic,Organic Search,344,55,9,7,4,0.15988372093023256,0.16363636363636364,0.7777777777777778,0.5714285714285714,0.011627906976744186
2020-12-26,mobile,(data deleted),(data deleted),(data deleted) / (data deleted),Other,32,8,3,3,2,0.25,0.375,1.0,0.6666666666666666,0.0625
2020-12-26,mobile,<Other>,(data deleted),<Other> / (data deleted),Other,1,0,0,0,0,0.0,,,,0.0
2020-12-26,mobile,<Other>,<Other>,<Other> / <Other>,Other,176,22,3,1,1,0.125,0.13636363636363635,0.3333333333333333,1.0,0.005681818181818182
2020-12-26,mobile,google,cpc,google / cpc,Paid Search,48,2,0,0,0,0.041666666666666664,0.0,,,0.0
2020-12-26,mobile,<Other>,referral,<Other> / referral,Referral,92,13,1,1,0,0.14130434782608695,0.07692307692307693,1.0,0.0,0.0
2020-12-26,mobile,shop.googlemerchandisestore.com,referral,shop.googlemerchandisestore.com / referral,Referral,73,18,5,3,2,0.2465753424657534,0.2777777777777778,0.6,0.6666666666666666,0.0273972602739726
2020-12-26,tablet,(direct),(none),(direct) / (none),Direct,15,2,0,0,0,0.13333333333333333,0.0,,,0.0
2020-12-26,tablet,<Other>,organic,<Other> / organic,Organic Search,1,0,0,0,0,0.0,,,,0.0
2020-12-26,tablet,google,organic,google / organic,Organic Search,17,4,0,0,0,0.23529411764705882,0.0,,,0.0
2020-12-26,tablet,(data deleted),(data deleted),(data deleted) / (data deleted),Other,2,1,0,0,0,0.5,0.0,,,0.0
2020-12-26,tablet,<Other>,<Other>,<Other> / <Other>,Other,10,0,0,0,0,0.0,,,,0.0
2020-12-26,tablet,google,cpc,google / cpc,Paid Search,1,0,0,0,0,0.0,,,,0.0
2020-12-26,tablet,<Other>,referral,<Other> / referral,Referral,6,0,0,0,0,0.0,,,,0.0
2020-12-26,tablet,shop.googlemerchandisestore.com,referral,shop.googlemerchandisestore.com / referral,Referral,4,0,0,0,0,0.0,,,,0.0
2020-12-27,desktop,(direct),(none),(direct) / (none),Direct,366,57,12,3,2,0.1557377049180328,0.21052631578947367,0.25,0.6666666666666666,0.00546448087431694
2020-12-27,desktop,<Other>,organic,<Other> / organic,Organic Search,40,7,3,0,0,0.175,0.42857142857142855,0.0,,0.0
2020-12-27,desktop,google,organic,google / organic,Organic Search,531,86,11,4,2,0.16195856873822975,0.12790697674418605,0.36363636363636365,0.5,0.003766478342749529
2020-12-27,desktop,(data deleted),(data deleted),(data deleted) / (data deleted),Other,65,17,8,6,3,0.26153846153846155,0.47058823529411764,0.75,0.5,0.046153846153846156
2020-12-27,desktop,<Other>,(data deleted),<Other> / (data deleted),Other,2,1,1,0,0,0.5,1.0,0.0,,0.0
2020-12-27,desktop,<Other>,<Other>,<Other> / <Other>,Other,227,30,6,1,1,0.13215859030837004,0.2,0.16666666666666666,1.0,0.004405286343612335
2020-12-27,desktop,google,cpc,google / cpc,Paid Search,67,8,0,0,0,0.11940298507462686,0.0,,,0.0
2020-12-27,desktop,<Other>,referral,<Other> / referral,Referral,141,20,8,2,1,0.14184397163120568,0.4,0.25,0.5,0.0070921985815602835
2020-12-27,desktop,shop.googlemerchandisestore.com,referral,shop.googlemerchandisestore.com / referral,Referral,116,16,3,3,2,0.13793103448275862,0.1875,1.0,0.6666666666666666,0.017241379310344827
2020-12-27,mobile,(direct),(none),(direct) / (none),Direct,233,36,11,5,1,0.15450643776824036,0.3055555555555556,0.45454545454545453,0.2,0.004291845493562232
2020-12-27,mobile,<Other>,organic,<Other> / organic,Organic Search,28,4,1,0,0,0.14285714285714285,0.25,0.0,,0.0
2020-12-27,mobile,google,organic,google / organic,Organic Search,356,56,17,6,3,0.15730337078651685,0.30357142857142855,0.35294117647058826,0.5,0.008426966292134831
2020-12-27,mobile,(data deleted),(data deleted),(data deleted) / (data deleted),Other,51,14,7,2,1,0.27450980392156865,0.5,0.2857142857142857,0.5,0.0196078431372549
2020-12-27,mobile,<Other>,<Other>,<Other> / <Other>,Other,165,22,3,1,0,0.13333333333333333,0.13636363636363635,0.3333333333333333,0.0,0.0
2020-12-27,mobile,google,cpc,google / cpc,Paid Search,57,6,1,0,0,0.10526315789473684,0.16666666666666666,0.0,,0.0
2020-12-27,mobile,<Other>,referral,<Other> / referral,Referral,111,16,3,4,2,0.14414414414414414,0.1875,1.3333333333333333,0.5,0.018018018018018018
2020-12-27,mobile,shop.googlemerchandisestore.com,referral,shop.googlemerchandisestore.com / referral,Referral,65,8,2,1,1,0.12307692307692308,0.25,0.5,1.0,0.015384615384615385
2020-12-27,tablet,(direct),(none),(direct) / (none),Direct,13,3,1,1,1,0.23076923076923078,0.3333333333333333,1.0,1.0,0.07692307692307693
2020-12-27,tablet,google,organic,google / organic,Organic Search,21,3,0,0,0,0.14285714285714285,0.0,,,0.0
2020-12-27,tablet,(data deleted),(data deleted),(data deleted) / (data deleted),Other,2,0,0,0,0,0.0,,,,0.0
2020-12-27,tablet,<Other>,<Other>,<Other> / <Other>,Other,12,1,0,0,0,0.08333333333333333,0.0,,,0.0
2020-12-27,tablet,google,cpc,google / cpc,Paid Search,1,0,0,0,0,0.0,,,,0.0
2020-12-27,tablet,<Other>,referral,<Other> / referral,Referral,8,2,1,0,0,0.25,0.5,0.0,,0.0
2020-12-27,tablet,shop.googlemerchandisestore.com,referral,shop.googlemerchandisestore.com / referral,Referral,2,0,0,0,0,0.0,,,,0.0
2020-12-28,desktop,(direct),(none),(direct) / (none),Direct,478,78,27,13,7,0.16317991631799164,0.34615384615384615,0.48148148148148145,0.5384615384615384,0.014644351464435146
2020-12-28,desktop,<Other>,organic,<Other> / organic,Organic Search,76,10,1,1,1,0.13157894736842105,0.1,1.0,1.0,0.013157894736842105
2020-12-28,desktop,google,organic,google / organic,Organic Search,607,100,27,12,7,0.16474464579901152,0.27,0.4444444444444444,0.5833333333333334,0.011532125205930808
2020-12-28,desktop,(data deleted),(data deleted),(data deleted) / (data deleted),Other,87,21,8,3,3,0.2413793103448276,0.38095238095238093,0.375,1.0,0.034482758620689655
2020-12-28,desktop,<Other>,(data deleted),<Other> / (data deleted),Other,2,0,0,0,0,0.0,,,,0.0
2020-12-28,desktop,<Other>,<Other>,<Other> / <Other>,Other,301,41,8,1,1,0.1362126245847176,0.1951219512195122,0.125,1.0,0.0033222591362126247
2020-12-28,desktop,google,cpc,google / cpc,Paid Search,93,15,6,2,1,0.16129032258064516,0.4,0.3333333333333333,0.5,0.010752688172043012
2020-12-28,desktop,<Other>,referral,<Other> / referral,Referral,181,25,3,0,0,0.13812154696132597,0.12,0.0,,0.0
2020-12-28,desktop,shop.googlemerchandisestore.com,referral,shop.googlemerchandisestore.com / referral,Referral,142,21,3,0,0,0.14788732394366197,0.14285714285714285,0.0,,0.0
2020-12-28,mobile,(direct),(none),(direct) / (none),Direct,296,40,7,3,1,0.13513513513513514,0.175,0.42857142857142855,0.3333333333333333,0.0033783783783783786
2020-12-28,mobile,<Other>,organic,<Other> / organic,Organic Search,42,5,1,1,0,0.11904761904761904,0.2,1.0,0.0,0.0
2020-12-28,mobile,google,organic,google / organic,Organic Search,427,84,15,4,4,0.19672131147540983,0.17857142857142858,0.26666666666666666,1.0,0.00936768149882904
2020-12-28,mobile,(data deleted),(data deleted),(data deleted) / (data deleted),Other,76,17,5,3,3,0.2236842105263158,0.29411764705882354,0.6,1.0,0.039473684210526314
2020-12-28,mobile,<Other>,(data deleted),<Other> / (data deleted),Other,1,1,1,0,0,1.0,1.0,0.0,,0.0
2020-12-28,mobile,<Other>,<Other>,<Other> / <Other>,Other,182,27,3,1,1,0.14835164835164835,0.1111111111111111,0.3333333333333333,1.0,0.005494505494505495
2020-12-28,mobile,google,cpc,google / cpc,Paid Search,54,6,2,0,0,0.1111111111111111,0.3333333333333333,0.0,,0.0
2020-12-28,mobile,<Other>,referral,<Other> / referral,Referral,140,29,7,0,0,0.20714285714285716,0.2413793103448276,0.0,,0.0
2020-12-28,mobile,shop.googlemerchandisestore.com,referral,shop.googlemerchandisestore.com / referral,Referral,95,12,5,2,2,0.12631578947368421,0.4166666666666667,0.4,1.0,0.021052631578947368
2020-12-28,tablet,(direct),(none),(direct) / (none),Direct,13,1,1,1,1,0.07692307692307693,1.0,1.0,1.0,0.07692307692307693
2020-12-28,tablet,<Other>,organic,<Other> / organic,Organic Search,2,0,0,0,0,0.0,,,,0.0
2020-12-28,tablet,google,organic,google / organic,Organic Search,30,3,0,0,0,0.1,0.0,,,0.0
2020-12-28,tablet,(data deleted),(data deleted),(data deleted) / (data deleted),Other,3,0,0,0,0,0.0,,,,0.0
2020-12-28,tablet,<Other>,<Other>,<Other> / <Other>,Other,11,1,0,0,0,0.09090909090909091,0.0,,,0.0
2020-12-28,tablet,google,cpc,google / cpc,Paid Search,5,0,0,0,0,0.0,,,,0.0
2020-12-28,tablet,<Other>,referral,<Other> / referral,Referral,5,0,0,0,0,0.0,,,,0.0
2020-12-28,tablet,shop.googlemerchandisestore.com,referral,shop.googlemerchandisestore.com / referral,Referral,9,1,0,0,0,0.1111111111111111,0.0,,,0.0
2020-12-29,desktop,(direct),(none),(direct) / (none),Direct,478,83,22,10,5,0.17364016736401675,0.26506024096385544,0.45454545454545453,0.5,0.010460251046025104
2020-12-29,desktop,<Other>,organic,<Other> / organic,Organic Search,60,3,2,0,0,0.05,0.6666666666666666,0.0,,0.0
2020-12-29,desktop,google,organic,google / organic,Organic Search,631,84,14,2,1,0.13312202852614896,0.16666666666666666,0.14285714285714285,0.5,0.001584786053882726
2020-12-29,desktop,(data deleted),(data deleted),(data deleted) / (data deleted),Other,97,24,4,3,1,0.24742268041237114,0.16666666666666666,0.75,0.3333333333333333,0.010309278350515464
2020-12-29,desktop,<Other>,<Other>,<Other> / <Other>,Other,311,42,12,4,3,0.13504823151125403,0.2857142857142857,0.3333333333333333,0.75,0.00964630225080386
2020-12-29,desktop,google,cpc,google / cpc,Paid Search,89,15,1,0,0,0.16853932584269662,0.06666666666666667,0.0,,0.0
2020-12-29,desktop,<Other>,referral,<Other> / referral,Referral,175,28,9,2,0,0.16,0.32142857142857145,0.2222222222222222,0.0,0.0
2020-12-29,desktop,shop.googlemerchandisestore.com,referral,shop.googlemerchandisestore.com / referral,Referral,137,24,9,6,3,0.17518248175182483,0.375,0.6666666666666666,0.5,0.021897810218978103
2020-12-29,mobile,(direct),(none),(direct) / (none),Direct,335,42,7,2,1,0.1253731343283582,0.16666666666666666,0.2857142857142857,0.5,0.0029850746268656717
2020-12-29,mobile,<Other>,organic,<Other> / organic,Organic Search,45,7,3,0,0,0.15555555555555556,0.42857142857142855,0.0,,0.0
2020-12-29,mobile,google,organic,google / organic,Organic Search,438,70,14,6,3,0.1598173515981735,0.2,0.42857142857142855,0.5,0.00684931506849315
2020-12-29,mobile,(data deleted),(data deleted),(data deleted) / (data deleted),Other,76,18,7,2,1,0.23684210526315788,0.3888888888888889,0.2857142857142857,0.5,0.013157894736842105
2020-12-29,mobile,<Other>,(data deleted),<Other> / (data deleted),Other,2,0,0,0,0,0.0,,,,0.0
2020-12-29,mobile,<Other>,<Other>,<Other> / <Other>,Other,202,23,5,2,1,0.11386138613861387,0.21739130434782608,0.4,0.5,0.0049504950495049506
2020-12-29,mobile,google,cpc,google / cpc,Paid Search,63,14,2,0,0,0.2222222222222222,0.14285714285714285,0.0,,0.0
2020-12-29,mobile,<Other>,referral,<Other> / referral,Referral,127,19,4,1,1,0.14960629921259844,0.21052631578947367,0.25,1.0,0.007874015748031496
2020-12-29,mobile,shop.googlemerchandisestore.com,referral,shop.googlemerchandisestore.com / referral,Referral,85,15,7,2,1,0.17647058823529413,0.4666666666666667,0.2857142857142857,0.5,0.011764705882352941
2020-12-29,tablet,(direct),(none),(direct) / (none),Direct,16,2,0,0,0,0.125,0.0,,,0.0
2020-12-29,tablet,<Other>,organic,<Other> / organic,Organic Search,2,1,0,0,0,0.5,0.0,,,0.0
2020-12-29,tablet,google,organic,google / organic,Organic Search,32,10,2,1,1,0.3125,0.2,0.5,1.0,0.03125
2020-12-29,tablet,(data deleted),(data deleted),(data deleted) / (data deleted),Other,1,0,0,0,0,0.0,,,,0.0
2020-12-29,tablet,<Other>,<Other>,<Other> / <Other>,Other,13,1,1,0,0,0.07692307692307693,1.0,0.0,,0.0
2020-12-29,tablet,google,cpc,google / cpc,Paid Search,4,2,0,0,0,0.5,0.0,,,0.0
2020-12-29,tablet,<Other>,referral,<Other> / referral,Referral,7,1,0,0,0,0.14285714285714285,0.0,,,0.0
2020-12-29,tablet,shop.googlemerchandisestore.com,referral,shop.googlemerchandisestore.com / referral,Referral,13,4,2,0,0,0.3076923076923077,0.5,0.0,,0.0
2020-12-30,desktop,(direct),(none),(direct) / (none),Direct,438,54,9,2,1,0.1232876712328767,0.16666666666666666,0.2222222222222222,0.5,0.00228310502283105
2020-12-30,desktop,<Other>,organic,<Other> / organic,Organic Search,53,5,1,1,0,0.09433962264150944,0.2,1.0,0.0,0.0
2020-12-30,desktop,google,organic,google / organic,Organic Search,577,85,14,5,2,0.14731369150779897,0.16470588235294117,0.35714285714285715,0.4,0.0034662045060658577
2020-12-30,desktop,(data deleted),(data deleted),(data deleted) / (data deleted),Other,81,19,6,3,3,0.2345679012345679,0.3157894736842105,0.5,1.0,0.037037037037037035
2020-12-30,desktop,<Other>,(data deleted),<Other> / (data deleted),Other,1,1,0,0,0,1.0,0.0,,,0.0
2020-12-30,desktop,<Other>,<Other>,<Other> / <Other>,Other,273,48,7,2,1,0.17582417582417584,0.14583333333333334,0.2857142857142857,0.5,0.003663003663003663
2020-12-30,desktop,google,<Other>,google / <Other>,Other,1,0,0,0,0,0.0,,,,0.0
2020-12-30,desktop,google,cpc,google / cpc,Paid Search,85,17,2,0,0,0.2,0.11764705882352941,0.0,,0.0
2020-12-30,desktop,<Other>,referral,<Other> / referral,Referral,212,27,7,0,0,0.12735849056603774,0.25925925925925924,0.0,,0.0
2020-12-30,desktop,shop.googlemerchandisestore.com,referral,shop.googlemerchandisestore.com / referral,Referral,156,27,8,5,3,0.17307692307692307,0.2962962962962963,0.625,0.6,0.019230769230769232
2020-12-30,mobile,(direct),(none),(direct) / (none),Direct,303,51,14,4,2,0.16831683168316833,0.27450980392156865,0.2857142857142857,0.5,0.006600660066006601
2020-12-30,mobile,<Other>,organic,<Other> / organic,Organic Search,39,8,3,0,0,0.20512820512820512,0.375,0.0,,0.0
2020-12-30,mobile,google,organic,google / organic,Organic Search,421,62,20,6,4,0.14726840855106887,0.3225806451612903,0.3,0.6666666666666666,0.009501187648456057
2020-12-30,mobile,(data deleted),(data deleted),(data deleted) / (data deleted),Other,55,18,9,3,2,0.32727272727272727,0.5,0.3333333333333333,0.6666666666666666,0.03636363636363636
2020-12-30,mobile,<Other>,<Other>,<Other> / <Other>,Other,176,26,3,2,1,0.14772727272727273,0.11538461538461539,0.6666666666666666,0.5,0.005681818181818182
2020-12-30,mobile,google,cpc,google / cpc,Paid Search,44,3,1,0,0,0.06818181818181818,0.3333333333333333,0.0,,0.0
2020-12-30,mobile,<Other>,referral,<Other> / referral,Referral,118,25,2,1,0,0.211864406779661,0.08,0.5,0.0,0.0
2020-12-30,mobile,shop.googlemerchandisestore.com,referral,shop.googlemerchandisestore.com / referral,Referral,102,20,4,2,1,0.19607843137254902,0.2,0.5,0.5,0.00980392156862745
2020-12-30,tablet,(direct),(none),(direct) / (none),Direct,14,1,0,0,0,0.07142857142857142,0.0,,,0.0
2020-12-30,tablet,<Other>,organic,<Other> / organic,Organic Search,6,2,0,0,0,0.3333333333333333,0.0,,,0.0
2020-12-30,tablet,google,organic,google / organic,Organic Search,28,3,2,1,1,0.10714285714285714,0.6666666666666666,0.5,1.0,0.03571428571428571
2020-12-30,tablet,(data deleted),(data deleted),(data deleted) / (data deleted),Other,6,3,0,0,0,0.5,0.0,,,0.0
2020-12-30,tablet,<Other>,<Other>,<Other> / <Other>,Other,13,3,1,0,0,0.23076923076923078,0.3333333333333333,0.0,,0.0
2020-12-30,tablet,google,cpc,google / cpc,Paid Search,6,2,0,0,0,0.3333333333333333,0.0,,,0.0
2020-12-30,tablet,<Other>,referral,<Other> / referral,Referral,7,2,0,0,0,0.2857142857142857,0.0,,,0.0
2020-12-31,desktop,(direct),(none),(direct) / (none),Direct,349,56,8,1,1,0.16045845272206305,0.14285714285714285,0.125,1.0,0.0028653295128939827
2020-12-31,desktop,<Other>,organic,<Other> / organic,Organic Search,58,6,1,1,0,0.10344827586206896,0.16666666666666666,1.0,0.0,0.0
2020-12-31,desktop,google,organic,google / organic,Organic Search,505,73,13,7,3,0.14455445544554454,0.1780821917808219,0.5384615384615384,0.42857142857142855,0.005940594059405941
2020-12-31,desktop,(data deleted),(data deleted),(data deleted) / (data deleted),Other,63,10,5,6,3,0.15873015873015872,0.5,1.2,0.5,0.047619047619047616
2020-12-31,desktop,<Other>,(data deleted),<Other> / (data deleted),Other,1,0,0,0,0,0.0,,,,0.0
2020-12-31,desktop,<Other>,<Other>,<Other> / <Other>,Other,221,32,9,5,1,0.14479638009049775,0.28125,0.5555555555555556,0.2,0.004524886877828055
2020-12-31,desktop,google,cpc,google / cpc,Paid Search,71,12,4,2,1,0.16901408450704225,0.3333333333333333,0.5,0.5,0.014084507042253521
2020-12-31,desktop,<Other>,referral,<Other> / referral,Referral,142,22,9,4,3,0.15492957746478872,0.4090909090909091,0.4444444444444444,0.75,0.02112676056338028
2020-12-31,desktop,shop.googlemerchandisestore.com,referral,shop.googlemerchandisestore.com / referral,Referral,111,20,8,3,2,0.18018018018018017,0.4,0.375,0.6666666666666666,0.018018018018018018
2020-12-31,mobile,(direct),(none),(direct) / (none),Direct,248,32,9,3,1,0.12903225806451613,0.28125,0.3333333333333333,0.3333333333333333,0.004032258064516129
2020-12-31,mobile,<Other>,organic,<Other> / organic,Organic Search,31,8,3,1,0,0.25806451612903225,0.375,0.3333333333333333,0.0,0.0
2020-12-31,mobile,google,organic,google / organic,Organic Search,343,43,9,3,2,0.12536443148688048,0.20930232558139536,0.3333333333333333,0.6666666666666666,0.0058309037900874635
2020-12-31,mobile,(data deleted),(data deleted),(data deleted) / (data deleted),Other,56,14,4,0,0,0.25,0.2857142857142857,0.0,,0.0
2020-12-31,mobile,<Other>,<Other>,<Other> / <Other>,Other,158,18,1,2,1,0.11392405063291139,0.05555555555555555,2.0,0.5,0.006329113924050633
2020-12-31,mobile,google,cpc,google / cpc,Paid Search,43,7,2,0,0,0.16279069767441862,0.2857142857142857,0.0,,0.0
2020-12-31,mobile,<Other>,referral,<Other> / referral,Referral,85,15,2,2,2,0.17647058823529413,0.13333333333333333,1.0,1.0,0.023529411764705882
2020-12-31,mobile,shop.googlemerchandisestore.com,referral,shop.googlemerchandisestore.com / referral,Referral,63,8,5,2,1,0.12698412698412698,0.625,0.4,0.5,0.015873015873015872
2020-12-31,tablet,(direct),(none),(direct) / (none),Direct,19,3,0,0,0,0.15789473684210525,0.0,,,0.0
2020-12-31,tablet,<Other>,organic,<Other> / organic,Organic Search,2,1,0,0,0,0.5,0.0,,,0.0
2020-12-31,tablet,google,organic,google / organic,Organic Search,27,4,2,0,0,0.14814814814814814,0.5,0.0,,0.0
2020-12-31,tablet,(data deleted),(data deleted),(data deleted) / (data deleted),Other,3,1,1,1,1,0.3333333333333333,1.0,1.0,1.0,0.3333333333333333
2020-12-31,tablet,<Other>,<Other>,<Other> / <Other>,Other,12,2,0,0,0,0.16666666666666666,0.0,,,0.0
2020-12-31,tablet,google,cpc,google / cpc,Paid Search,6,0,0,0,0,0.0,,,,0.0
2020-12-31,tablet,<Other>,referral,<Other> / referral,Referral,5,0,0,0,0,0.0,,,,0.0
2020-12-31,tablet,shop.googlemerchandisestore.com,referral,shop.googlemerchandisestore.com / referral,Referral,7,1,0,0,0,0.14285714285714285,0.0,,,0.0
2021-01-01,desktop,(direct),(none),(direct) / (none),Direct,337,55,15,4,1,0.1632047477744807,0.2727272727272727,0.26666666666666666,0.25,0.002967359050445104
2021-01-01,desktop,<Other>,organic,<Other> / organic,Organic Search,41,6,1,0,0,0.14634146341463414,0.16666666666666666,0.0,,0.0
2021-01-01,desktop,google,organic,google / organic,Organic Search,451,58,10,3,2,0.1286031042128603,0.1724137931034483,0.3,0.6666666666666666,0.004434589800443459
2021-01-01,desktop,(data deleted),(data deleted),(data deleted) / (data deleted),Other,52,9,1,1,1,0.17307692307692307,0.1111111111111111,1.0,1.0,0.019230769230769232
2021-01-01,desktop,<Other>,(data deleted),<Other> / (data deleted),Other,1,1,0,0,0,1.0,0.0,,,0.0
2021-01-01,desktop,<Other>,<Other>,<Other> / <Other>,Other,214,23,3,3,0,0.10747663551401869,0.13043478260869565,1.0,0.0,0.0
2021-01-01,desktop,google,cpc,google / cpc,Paid Search,64,6,1,0,0,0.09375,0.16666666666666666,0.0,,0.0
2021-01-01,desktop,<Other>,referral,<Other> / referral,Referral,125,19,2,0,0,0.152,0.10526315789473684,0.0,,0.0
2021-01-01,desktop,shop.googlemerchandisestore.com,referral,shop.googlemerchandisestore.com / referral,Referral,77,12,2,0,0,0.15584415584415584,0.16666666666666666,0.0,,0.0
2021-01-01,mobile,(direct),(none),(direct) / (none),Direct,221,36,9,5,4,0.16289592760180996,0.25,0.5555555555555556,0.8,0.01809954751131222
2021-01-01,mobile,<Other>,organic,<Other> / organic,Organic Search,21,2,0,0,0,0.09523809523809523,0.0,,,0.0
2021-01-01,mobile,google,organic,google / organic,Organic Search,293,37,10,5,1,0.12627986348122866,0.2702702702702703,0.5,0.2,0.0034129692832764505
2021-01-01,mobile,(data deleted),(data deleted),(data deleted) / (data deleted),Other,36,7,4,1,1,0.19444444444444445,0.5714285714285714,0.25,1.0,0.027777777777777776
2021-01-01,mobile,<Other>,(data deleted),<Other> / (data deleted),Other,1,1,0,0,0,1.0,0.0,,,0.0
2021-01-01,mobile,<Other>,<Other>,<Other> / <Other>,Other,153,20,4,3,0,0.13071895424836602,0.2,0.75,0.0,0.0
2021-01-01,mobile,google,cpc,google / cpc,Paid Search,38,1,0,0,0,0.02631578947368421,0.0,,,0.0
2021-01-01,mobile,<Other>,referral,<Other> / referral,Referral,79,11,4,1,1,0.13924050632911392,0.36363636363636365,0.25,1.0,0.012658227848101266
2021-01-01,mobile,shop.googlemerchandisestore.com,referral,shop.googlemerchandisestore.com / referral,Referral,56,10,1,0,0,0.17857142857142858,0.1,0.0,,0.0
2021-01-01,tablet,(direct),(none),(direct) / (none),Direct,13,2,0,0,0,0.15384615384615385,0.0,,,0.0
2021-01-01,tablet,<Other>,organic,<Other> / organic,Organic Search,2,0,0,0,0,0.0,,,,0.0
2021-01-01,tablet,google,organic,google / organic,Organic Search,7,1,0,0,0,0.14285714285714285,0.0,,,0.0
2021-01-01,tablet,<Other>,<Other>,<Other> / <Other>,Other,13,1,0,0,0,0.07692307692307693,0.0,,,0.0
2021-01-01,tablet,google,cpc,google / cpc,Paid Search,2,1,1,1,1,0.5,1.0,1.0,1.0,0.5
2021-01-01,tablet,<Other>,referral,<Other> / referral,Referral,9,2,0,0,0,0.2222222222222222,0.0,,,0.0
2021-01-01,tablet,shop.googlemerchandisestore.com,referral,shop.googlemerchandisestore.com / referral,Referral,5,0,0,0,0,0.0,,,,0.0
2021-01-02,desktop,(direct),(none),(direct) / (none),Direct,398,62,8,3,1,0.15577889447236182,0.12903225806451613,0.375,0.3333333333333333,0.002512562814070352
2021-01-02,desktop,<Other>,organic,<Other> / organic,Organic Search,48,9,0,0,0,0.1875,0.0,,,0.0
2021-01-02,desktop,google,organic,google / organic,Organic Search,542,76,8,6,3,0.14022140221402213,0.10526315789473684,0.75,0.5,0.005535055350553505
2021-01-02,desktop,(data deleted),(data deleted),(data deleted) / (data deleted),Other,68,18,4,5,1,0.2647058823529412,0.2222222222222222,1.25,0.2,0.014705882352941176
2021-01-02,desktop,<Other>,<Other>,<Other> / <Other>,Other,258,46,12,4,1,0.17829457364341086,0.2608695652173913,0.3333333333333333,0.25,0.003875968992248062
2021-01-02,desktop,google,cpc,google / cpc,Paid Search,94,9,0,0,0,0.09574468085106383,0.0,,,0.0
2021-01-02,desktop,<Other>,referral,<Other> / referral,Referral,160,18,4,1,0,0.1125,0.2222222222222222,0.25,0.0,0.0
2021-01-02,desktop,shop.googlemerchandisestore.com,referral,shop.googlemerchandisestore.com / referral,Referral,96,11,2,0,0,0.11458333333333333,0.18181818181818182,0.0,,0.0
2021-01-02,mobile,(direct),(none),(direct) / (none),Direct,233,33,7,2,1,0.14163090128755365,0.21212121212121213,0.2857142857142857,0.5,0.004291845493562232
2021-01-02,mobile,<Other>,organic,<Other> / organic,Organic Search,23,1,0,0,0,0.043478260869565216,0.0,,,0.0
2021-01-02,mobile,google,organic,google / organic,Organic Search,337,53,9,4,2,0.1572700296735905,0.16981132075471697,0.4444444444444444,0.5,0.005934718100890208
2021-01-02,mobile,(data deleted),(data deleted),(data deleted) / (data deleted),Other,34,5,0,0,0,0.14705882352941177,0.0,,,0.0
2021-01-02,mobile,<Other>,<Other>,<Other> / <Other>,Other,163,27,5,1,1,0.1656441717791411,0.18518518518518517,0.2,1.0,0.006134969325153374
2021-01-02,mobile,google,cpc,google / cpc,Paid Search,43,6,1,0,0,0.13953488372093023,0.16666666666666666,0.0,,0.0
2021-01-02,mobile,<Other>,referral,<Other> / referral,Referral,117,17,2,2,2,0.1452991452991453,0.11764705882352941,1.0,1.0,0.017094017094017096
2021-01-02,mobile,shop.googlemerchandisestore.com,referral,shop.googlemerchandisestore.com / referral,Referral,55,2,1,1,1,0.03636363636363636,0.5,1.0,1.0,0.01818181818181818
2021-01-02,tablet,(direct),(none),(direct) / (none),Direct,11,1,0,0,0,0.09090909090909091,0.0,,,0.0
2021-01-02,tablet,<Other>,organic,<Other> / organic,Organic Search,1,0,0,0,0,0.0,,,,0.0
2021-01-02,tablet,google,organic,google / organic,Organic Search,23,7,2,2,1,0.30434782608695654,0.2857142857142857,1.0,0.5,0.043478260869565216
2021-01-02,tablet,<Other>,<Other>,<Other> / <Other>,Other,11,4,0,0,0,0.36363636363636365,0.0,,,0.0
2021-01-02,tablet,google,cpc,google / cpc,Paid Search,10,0,0,0,0,0.0,,,,0.0
2021-01-02,tablet,<Other>,referral,<Other> / referral,Referral,6,2,0,0,0,0.3333333333333333,0.0,,,0.0
2021-01-02,tablet,shop.googlemerchandisestore.com,referral,shop.googlemerchandisestore.com / referral,Referral,3,0,0,0,0,0.0,,,,0.0
2021-01-03,desktop,(direct),(none),(direct) / (none),Direct,385,50,8,3,1,0.12987012987012986,0.16,0.375,0.3333333333333333,0.0025974025974025974
2021-01-03,desktop,<Other>,organic,<Other> / organic,Organic Search,50,9,1,0,0,0.18,0.1111111111111111,0.0,,0.0
2021-01-03,desktop,google,organic,google / organic,Organic Search,532,77,7,4,0,0.14473684210526316,0.09090909090909091,0.5714285714285714,0.0,0.0
2021-01-03,desktop,(data deleted),(data deleted),(data deleted) / (data deleted),Other,67,11,6,2,2,0.16417910447761194,0.5454545454545454,0.3333333333333333,1.0,0.029850746268656716
2021-01-03,desktop,<Other>,(data deleted),<Other> / (data deleted),Other,2,0,0,0,0,0.0,,,,0.0
2021-01-03,desktop,<Other>,<Other>,<Other> / <Other>,Other,288,47,9,6,2,0.16319444444444445,0.19148936170212766,0.6666666666666666,0.3333333333333333,0.006944444444444444
2021-01-03,desktop,google,cpc,google / cpc,Paid Search,60,9,0,2,1,0.15,0.0,,0.5,0.016666666666666666
2021-01-03,desktop,<Other>,referral,<Other> / referral,Referral,164,18,1,0,0,0.10975609756097561,0.05555555555555555,0.0,,0.0
2021-01-03,desktop,shop.googlemerchandisestore.com,referral,shop.googlemerchandisestore.com / referral,Referral,98,20,3,2,1,0.20408163265306123,0.15,0.6666666666666666,0.5,0.01020408163265306
2021-01-03,mobile,(direct),(none),(direct) / (none),Direct,243,42,2,2,1,0.1728395061728395,0.047619047619047616,1.0,0.5,0.00411522633744856
2021-01-03,mobile,<Other>,organic,<Other> / organic,Organic Search,40,8,0,0,0,0.2,0.0,,,0.0
2021-01-03,mobile,google,organic,google / organic,Organic Search,352,50,9,3,1,0.14204545454545456,0.18,0.3333333333333333,0.3333333333333333,0.002840909090909091
2021-01-03,mobile,(data deleted),(data deleted),(data deleted) / (data deleted),Other,38,9,2,2,1,0.23684210526315788,0.2222222222222222,1.0,0.5,0.02631578947368421
2021-01-03,mobile,<Other>,<Other>,<Other> / <Other>,Other,185,28,3,3,2,0.15135135135135136,0.10714285714285714,1.0,0.6666666666666666,0.010810810810810811
2021-01-03,mobile,google,cpc,google / cpc,Paid Search,48,8,1,0,0,0.16666666666666666,0.125,0.0,,0.0
2021-01-03,mobile,<Other>,referral,<Other> / referral,Referral,112,12,2,1,1,0.10714285714285714,0.16666666666666666,0.5,1.0,0.008928571428571428
2021-01-03,mobile,shop.googlemerchandisestore.com,referral,shop.googlemerchandisestore.com / referral,Referral,79,17,3,2,1,0.21518987341772153,0.17647058823529413,0.6666666666666666,0.5,0.012658227848101266
2021-01-03,tablet,(direct),(none),(direct) / (none),Direct,12,2,1,0,0,0.16666666666666666,0.5,0.0,,0.0
2021-01-03,tablet,<Other>,organic,<Other> / organic,Organic Search,1,1,0,0,0,1.0,0.0,,,0.0
2021-01-03,tablet,google,organic,google / organic,Organic Search,21,2,0,0,0,0.09523809523809523,0.0,,,0.0
2021-01-03,tablet,<Other>,<Other>,<Other> / <Other>,Other,7,2,1,0,0,0.2857142857142857,0.5,0.0,,0.0
2021-01-03,tablet,google,cpc,google / cpc,Paid Search,1,0,0,0,0,0.0,,,,0.0
2021-01-03,tablet,<Other>,referral,<Other> / referral,Referral,5,0,0,0,0,0.0,,,,0.0
2021-01-03,tablet,shop.googlemerchandisestore.com,referral,shop.googlemerchandisestore.com / referral,Referral,1,0,0,0,0,0.0,,,,0.0
2021-01-04,desktop,(direct),(none),(direct) / (none),Direct,486,87,9,4,2,0.17901234567901234,0.10344827586206896,0.4444444444444444,0.5,0.00411522633744856
2021-01-04,desktop,<Other>,organic,<Other> / organic,Organic Search,55,6,2,1,0,0.10909090909090909,0.3333333333333333,0.5,0.0,0.0
2021-01-04,desktop,google,organic,google / organic,Organic Search,630,94,22,6,3,0.1492063492063492,0.23404255319148937,0.2727272727272727,0.5,0.004761904761904762
2021-01-04,desktop,(data deleted),(data deleted),(data deleted) / (data deleted),Other,96,16,6,2,2,0.16666666666666666,0.375,0.3333333333333333,1.0,0.020833333333333332
2021-01-04,desktop,<Other>,(data deleted),<Other> / (data deleted),Other,3,1,0,0,0,0.3333333333333333,0.0,,,0.0
2021-01-04,desktop,<Other>,<Other>,<Other> / <Other>,Other,284,34,4,1,0,0.11971830985915492,0.11764705882352941,0.25,0.0,0.0
2021-01-04,desktop,google,cpc,google / cpc,Paid Search,101,19,1,0,0,0.18811881188118812,0.05263157894736842,0.0,,0.0
2021-01-04,desktop,<Other>,referral,<Other> / referral,Referral,188,23,8,3,1,0.12234042553191489,0.34782608695652173,0.375,0.3333333333333333,0.005319148936170213
2021-01-04,desktop,shop.googlemerchandisestore.com,referral,shop.googlemerchandisestore.com / referral,Referral,139,15,2,1,1,0.1079136690647482,0.13333333333333333,0.5,1.0,0.007194244604316547
2021-01-04,mobile,(direct),(none),(direct) / (none),Direct,289,38,7,2,1,0.1314878892733564,0.18421052631578946,0.2857142857142857,0.5,0.0034602076124567475
2021-01-04,mobile,<Other>,organic,<Other> / organic,Organic Search,37,4,0,0,0,0.10810810810810811,0.0,,,0.0
2021-01-04,mobile,google,organic,google / organic,Organic Search,424,73,17,4,2,0.1721698113207547,0.2328767123287671,0.23529411764705882,0.5,0.0047169811320754715
2021-01-04,mobile,(data deleted),(data deleted),(data deleted) / (data deleted),Other,59,13,2,2,1,0.22033898305084745,0.15384615384615385,1.0,0.5,0.01694915254237288
2021-01-04,mobile,<Other>,<Other>,<Other> / <Other>,Other,215,30,7,3,1,0.13953488372093023,0.23333333333333334,0.42857142857142855,0.3333333333333333,0.004651162790697674
2021-01-04,mobile,google,cpc,google / cpc,Paid Search,63,11,1,1,1,0.1746031746031746,0.09090909090909091,1.0,1.0,0.015873015873015872
2021-01-04,mobile,<Other>,referral,<Other> / referral,Referral,130,25,6,0,0,0.19230769230769232,0.24,0.0,,0.0
2021-01-04,mobile,shop.googlemerchandisestore.com,referral,shop.googlemerchandisestore.com / referral,Referral,94,17,3,0,0,0.18085106382978725,0.17647058823529413,0.0,,0.0
2021-01-04,tablet,(direct),(none),(direct) / (none),Direct,23,3,1,1,1,0.13043478260869565,0.3333333333333333,1.0,1.0,0.043478260869565216
2021-01-04,tablet,<Other>,organic,<Other> / organic,Organic Search,2,0,0,0,0,0.0,,,,0.0
2021-01-04,tablet,google,organic,google / organic,Organic Search,24,6,1,0,0,0.25,0.16666666666666666,0.0,,0.0
2021-01-04,tablet,(data deleted),(data deleted),(data deleted) / (data deleted),Other,3,0,0,0,0,0.0,,,,0.0
2021-01-04,tablet,<Other>,<Other>,<Other> / <Other>,Other,15,4,0,0,0,0.26666666666666666,0.0,,,0.0
2021-01-04,tablet,google,cpc,google / cpc,Paid Search,1,1,0,0,0,1.0,0.0,,,0.0
2021-01-04,tablet,<Other>,referral,<Other> / referral,Referral,9,4,1,0,0,0.4444444444444444,0.25,0.0,,0.0
2021-01-04,tablet,shop.googlemerchandisestore.com,referral,shop.googlemerchandisestore.com / referral,Referral,3,1,1,0,0,0.3333333333333333,1.0,0.0,,0.0
2021-01-05,desktop,(direct),(none),(direct) / (none),Direct,578,98,15,5,3,0.1695501730103806,0.15306122448979592,0.3333333333333333,0.6,0.005190311418685121
2021-01-05,desktop,<Other>,organic,<Other> / organic,Organic Search,86,11,2,0,0,0.12790697674418605,0.18181818181818182,0.0,,0.0
2021-01-05,desktop,google,organic,google / organic,Organic Search,827,140,28,14,9,0.16928657799274485,0.2,0.5,0.6428571428571429,0.010882708585247884
2021-01-05,desktop,(data deleted),(data deleted),(data deleted) / (data deleted),Other,117,23,6,2,2,0.19658119658119658,0.2608695652173913,0.3333333333333333,1.0,0.017094017094017096
2021-01-05,desktop,<Other>,(data deleted),<Other> / (data deleted),Other,1,0,0,0,0,0.0,,,,0.0
2021-01-05,desktop,<Other>,<Other>,<Other> / <Other>,Other,387,54,13,2,1,0.13953488372093023,0.24074074074074073,0.15384615384615385,0.5,0.002583979328165375
2021-01-05,desktop,google,cpc,google / cpc,Paid Search,116,21,4,0,0,0.1810344827586207,0.19047619047619047,0.0,,0.0
2021-01-05,desktop,<Other>,referral,<Other> / referral,Referral,260,40,14,9,1,0.15384615384615385,0.35,0.6428571428571429,0.1111111111111111,0.0038461538461538464
2021-01-05,desktop,shop.googlemerchandisestore.com,referral,shop.googlemerchandisestore.com / referral,Referral,166,29,12,4,1,0.1746987951807229,0.41379310344827586,0.3333333333333333,0.25,0.006024096385542169
2021-01-05,mobile,(direct),(none),(direct) / (none),Direct,438,63,13,2,1,0.14383561643835616,0.20634920634920634,0.15384615384615385,0.5,0.00228310502283105
2021-01-05,mobile,<Other>,organic,<Other> / organic,Organic Search,45,7,2,0,0,0.15555555555555556,0.2857142857142857,0.0,,0.0
2021-01-05,mobile,google,organic,google / organic,Organic Search,641,85,18,6,4,0.13260530421216848,0.21176470588235294,0.3333333333333333,0.6666666666666666,0.0062402496099844
2021-01-05,mobile,(data deleted),(data deleted),(data deleted) / (data deleted),Other,71,15,3,3,3,0.2112676056338028,0.2,1.0,1.0,0.04225352112676056
2021-01-05,mobile,<Other>,(data deleted),<Other> / (data deleted),Other,1,0,0,0,0,0.0,,,,0.0
2021-01-05,mobile,<Other>,<Other>,<Other> / <Other>,Other,266,32,5,1,0,0.12030075187969924,0.15625,0.2,0.0,0.0
2021-01-05,mobile,google,cpc,google / cpc,Paid Search,76,13,5,2,1,0.17105263157894737,0.38461538461538464,0.4,0.5,0.013157894736842105
2021-01-05,mobile,<Other>,referral,<Other> / referral,Referral,172,24,3,0,0,0.13953488372093023,0.125,0.0,,0.0
2021-01-05,mobile,shop.googlemerchandisestore.com,referral,shop.googlemerchandisestore.com / referral,Referral,144,30,8,4,1,0.20833333333333334,0.26666666666666666,0.5,0.25,0.006944444444444444
2021-01-05,tablet,(direct),(none),(direct) / (none),Direct,21,2,0,0,0,0.09523809523809523,0.0,,,0.0
2021-01-05,tablet,<Other>,organic,<Other> / organic,Organic Search,2,1,0,0,0,0.5,0.0,,,0.0
2021-01-05,tablet,google,organic,google / organic,Organic Search,33,4,0,0,0,0.12121212121212122,0.0,,,0.0
2021-01-05,tablet,(data deleted),(data deleted),(data deleted) / (data deleted),Other,4,1,0,0,0,0.25,0.0,,,0.0
2021-01-05,tablet,<Other>,<Other>,<Other> / <Other>,Other,18,2,1,0,0,0.1111111111111111,0.5,0.0,,0.0
2021-01-05,tablet,google,cpc,google / cpc,Paid Search,5,0,0,0,0,0.0,,,,0.0
2021-01-05,tablet,<Other>,referral,<Other> / referral,Referral,14,7,0,0,0,0.5,0.0,,,0.0
2021-01-05,tablet,shop.googlemerchandisestore.com,referral,shop.googlemerchandisestore.com / referral,Referral,6,0,0,0,0,0.0,,,,0.0
2021-01-06,desktop,(direct),(none),(direct) / (none),Direct,821,117,25,10,5,0.1425091352009744,0.21367521367521367,0.4,0.5,0.0060901339829476245
2021-01-06,desktop,<Other>,organic,<Other> / organic,Organic Search,124,15,4,1,1,0.12096774193548387,0.26666666666666666,0.25,1.0,0.008064516129032258
2021-01-06,desktop,google,organic,google / organic,Organic Search,1128,150,36,13,2,0.13297872340425532,0.24,0.3611111111111111,0.15384615384615385,0.0017730496453900709
2021-01-06,desktop,(data deleted),(data deleted),(data deleted) / (data deleted),Other,177,31,9,6,1,0.1751412429378531,0.2903225806451613,0.6666666666666666,0.16666666666666666,0.005649717514124294
2021-01-06,desktop,<Other>,(data deleted),<Other> / (data deleted),Other,2,0,0,0,0,0.0,,,,0.0
2021-01-06,desktop,<Other>,<Other>,<Other> / <Other>,Other,521,65,14,5,2,0.12476007677543186,0.2153846153846154,0.35714285714285715,0.4,0.003838771593090211
2021-01-06,desktop,google,cpc,google / cpc,Paid Search,157,21,7,1,1,0.1337579617834395,0.3333333333333333,0.14285714285714285,1.0,0.006369426751592357
2021-01-06,desktop,<Other>,referral,<Other> / referral,Referral,354,46,13,3,2,0.12994350282485875,0.2826086956521739,0.23076923076923078,0.6666666666666666,0.005649717514124294
2021-01-06,desktop,shop.googlemerchandisestore.com,referral,shop.googlemerchandisestore.com / referral,Referral,257,36,11,3,2,0.14007782101167315,0.3055555555555556,0.2727272727272727,0.6666666666666666,0.007782101167315175
2021-01-06,mobile,(direct),(none),(direct) / (none),Direct,556,65,12,4,3,0.11690647482014388,0.18461538461538463,0.3333333333333333,0.75,0.00539568345323741
2021-01-06,mobile,<Other>,organic,<Other> / organic,Organic Search,65,7,2,1,0,0.1076923076923077,0.2857142857142857,0.5,0.0,0.0
2021-01-06,mobile,google,organic,google / organic,Organic Search,776,96,17,5,2,0.12371134020618557,0.17708333333333334,0.29411764705882354,0.4,0.002577319587628866
2021-01-06,mobile,(data deleted),(data deleted),(data deleted) / (data deleted),Other,99,21,7,2,1,0.21212121212121213,0.3333333333333333,0.2857142857142857,0.5,0.010101010101010102
2021-01-06,mobile,<Other>,(data deleted),<Other> / (data deleted),Other,2,0,0,0,0,0.0,,,,0.0
2021-01-06,mobile,<Other>,<Other>,<Other> / <Other>,Other,358,51,11,2,1,0.1424581005586592,0.21568627450980393,0.18181818181818182,0.5,0.002793296089385475
2021-01-06,mobile,google,cpc,google / cpc,Paid Search,101,13,2,0,0,0.12871287128712872,0.15384615384615385,0.0,,0.0
2021-01-06,mobile,<Other>,referral,<Other> / referral,Referral,210,33,7,5,4,0.15714285714285714,0.21212121212121213,0.7142857142857143,0.8,0.01904761904761905
2021-01-06,mobile,shop.googlemerchandisestore.com,referral,shop.googlemerchandisestore.com / referral,Referral,170,20,2,1,0,0.11764705882352941,0.1,0.5,0.0,0.0
2021-01-06,tablet,(direct),(none),(direct) / (none),Direct,40,5,0,0,0,0.125,0.0,,,0.0
2021-01-06,tablet,<Other>,organic,<Other> / organic,Organic Search,2,0,0,0,0,0.0,,,,0.0
2021-01-06,tablet,google,organic,google / organic,Organic Search,35,3,1,0,0,0.08571428571428572,0.3333333333333333,0.0,,0.0
2021-01-06,tablet,(data deleted),(data deleted),(data deleted) / (data deleted),Other,6,2,1,1,1,0.3333333333333333,0.5,1.0,1.0,0.16666666666666666
2021-01-06,tablet,<Other>,<Other>,<Other> / <Other>,Other,25,2,1,0,0,0.08,0.5,0.0,,0.0
2021-01-06,tablet,google,cpc,google / cpc,Paid Search,3,1,1,1,0,0.3333333333333333,1.0,1.0,0.0,0.0
2021-01-06,tablet,<Other>,referral,<Other> / referral,Referral,9,1,0,1,0,0.1111111111111111,0.0,,0.0,0.0
2021-01-06,tablet,shop.googlemerchandisestore.com,referral,shop.googlemerchandisestore.com / referral,Referral,4,0,0,0,0,0.0,,,,0.0
2021-01-07,desktop,(direct),(none),(direct) / (none),Direct,619,112,20,6,5,0.18093699515347333,0.17857142857142858,0.3,0.8333333333333334,0.008077544426494346
2021-01-07,desktop,<Other>,organic,<Other> / organic,Organic Search,79,11,2,0,0,0.13924050632911392,0.18181818181818182,0.0,,0.0
2021-01-07,desktop,google,organic,google / organic,Organic Search,925,157,35,12,7,0.16972972972972972,0.2229299363057325,0.34285714285714286,0.5833333333333334,0.0075675675675675675
2021-01-07,desktop,(data deleted),(data deleted),(data deleted) / (data deleted),Other,157,41,9,5,3,0.2611464968152866,0.21951219512195122,0.5555555555555556,0.6,0.01910828025477707
2021-01-07,desktop,<Other>,(data deleted),<Other> / (data deleted),Other,2,0,0,0,0,0.0,,,,0.0
2021-01-07,desktop,<Other>,<Other>,<Other> / <Other>,Other,388,45,17,3,1,0.11597938144329897,0.37777777777777777,0.17647058823529413,0.3333333333333333,0.002577319587628866
2021-01-07,desktop,google,cpc,google / cpc,Paid Search,118,13,1,0,0,0.11016949152542373,0.07692307692307693,0.0,,0.0
2021-01-07,desktop,<Other>,referral,<Other> / referral,Referral,217,37,7,2,1,0.17050691244239632,0.1891891891891892,0.2857142857142857,0.5,0.004608294930875576
2021-01-07,desktop,shop.googlemerchandisestore.com,referral,shop.googlemerchandisestore.com / referral,Referral,191,37,12,3,0,0.193717277486911,0.32432432432432434,0.25,0.0,0.0
2021-01-07,mobile,(direct),(none),(direct) / (none),Direct,418,66,21,7,2,0.15789473684210525,0.3181818181818182,0.3333333333333333,0.2857142857142857,0.004784688995215311
2021-01-07,mobile,<Other>,organic,<Other> / organic,Organic Search,56,9,1,1,1,0.16071428571428573,0.1111111111111111,1.0,1.0,0.017857142857142856
2021-01-07,mobile,google,organic,google / organic,Organic Search,596,96,15,9,4,0.1610738255033557,0.15625,0.6,0.4444444444444444,0.006711409395973154
2021-01-07,mobile,(data deleted),(data deleted),(data deleted) / (data deleted),Other,96,23,9,5,1,0.23958333333333334,0.391304347826087,0.5555555555555556,0.2,0.010416666666666666
2021-01-07,mobile,<Other>,(data deleted),<Other> / (data deleted),Other,1,0,0,0,0,0.0,,,,0.0
2021-01-07,mobile,<Other>,<Other>,<Other> / <Other>,Other,275,36,6,2,0,0.13090909090909092,0.16666666666666666,0.3333333333333333,0.0,0.0
2021-01-07,mobile,google,cpc,google / cpc,Paid Search,83,13,5,0,0,0.1566265060240964,0.38461538461538464,0.0,,0.0
2021-01-07,mobile,<Other>,referral,<Other> / referral,Referral,182,26,3,1,0,0.14285714285714285,0.11538461538461539,0.3333333333333333,0.0,0.0
2021-01-07,mobile,shop.googlemerchandisestore.com,referral,shop.googlemerchandisestore.com / referral,Referral,140,21,9,3,0,0.15,0.42857142857142855,0.3333333333333333,0.0,0.0
2021-01-07,tablet,(direct),(none),(direct) / (none),Direct,34,8,2,0,0,0.23529411764705882,0.25,0.0,,0.0
2021-01-07,tablet,<Other>,organic,<Other> / organic,Organic Search,1,0,0,0,0,0.0,,,,0.0
2021-01-07,tablet,google,organic,google / organic,Organic Search,36,6,1,1,0,0.16666666666666666,0.16666666666666666,1.0,0.0,0.0
2021-01-07,tablet,(data deleted),(data deleted),(data deleted) / (data deleted),Other,6,2,0,0,0,0.3333333333333333,0.0,,,0.0
2021-01-07,tablet,<Other>,<Other>,<Other> / <Other>,Other,19,5,1,0,0,0.2631578947368421,0.2,0.0,,0.0
2021-01-07,tablet,google,cpc,google / cpc,Paid Search,6,4,0,1,0,0.6666666666666666,0.0,,0.0,0.0
2021-01-07,tablet,<Other>,referral,<Other> / referral,Referral,12,3,0,0,0,0.25,0.0,,,0.0
2021-01-07,tablet,shop.googlemerchandisestore.com,referral,shop.googlemerchandisestore.com / referral,Referral,11,2,0,0,0,0.18181818181818182,0.0,,,0.0
2021-01-08,desktop,(direct),(none),(direct) / (none),Direct,568,82,20,12,9,0.1443661971830986,0.24390243902439024,0.6,0.75,0.01584507042253521
2021-01-08,desktop,<Other>,organic,<Other> / organic,Organic Search,74,9,5,1,0,0.12162162162162163,0.5555555555555556,0.2,0.0,0.0
2021-01-08,desktop,google,organic,google / organic,Organic Search,761,125,24,6,3,0.164257555847569,0.192,0.25,0.5,0.003942181340341655
2021-01-08,desktop,(data deleted),(data deleted),(data deleted) / (data deleted),Other,135,34,11,3,1,0.2518518518518518,0.3235294117647059,0.2727272727272727,0.3333333333333333,0.007407407407407408
2021-01-08,desktop,<Other>,(data deleted),<Other> / (data deleted),Other,2,1,0,0,0,0.5,0.0,,,0.0
2021-01-08,desktop,<Other>,<Other>,<Other> / <Other>,Other,379,55,11,5,4,0.14511873350923482,0.2,0.45454545454545453,0.8,0.010554089709762533
2021-01-08,desktop,google,cpc,google / cpc,Paid Search,111,20,5,3,3,0.18018018018018017,0.25,0.6,1.0,0.02702702702702703
2021-01-08,desktop,<Other>,referral,<Other> / referral,Referral,237,36,6,5,1,0.1518987341772152,0.16666666666666666,0.8333333333333334,0.2,0.004219409282700422
2021-01-08,desktop,shop.googlemerchandisestore.com,referral,shop.googlemerchandisestore.com / referral,Referral,185,34,13,5,1,0.1837837837837838,0.38235294117647056,0.38461538461538464,0.2,0.005405405405405406
2021-01-08,mobile,(direct),(none),(direct) / (none),Direct,420,55,16,6,4,0.13095238095238096,0.2909090909090909,0.375,0.6666666666666666,0.009523809523809525
2021-01-08,mobile,<Other>,organic,<Other> / organic,Organic Search,60,10,0,1,1,0.16666666666666666,0.0,,1.0,0.016666666666666666
2021-01-08,mobile,google,organic,google / organic,Organic Search,553,80,14,3,0,0.14466546112115733,0.175,0.21428571428571427,0.0,0.0
2021-01-08,mobile,(data deleted),(data deleted),(data deleted) / (data deleted),Other,86,21,6,4,2,0.2441860465116279,0.2857142857142857,0.6666666666666666,0.5,0.023255813953488372
2021-01-08,mobile,<Other>,(data deleted),<Other> / (data deleted),Other,1,0,0,0,0,0.0,,,,0.0
2021-01-08,mobile,<Other>,<Other>,<Other> / <Other>,Other,230,27,5,2,1,0.11739130434782609,0.18518518518518517,0.4,0.5,0.004347826086956522
2021-01-08,mobile,google,cpc,google / cpc,Paid Search,66,14,3,0,0,0.21212121212121213,0.21428571428571427,0.0,,0.0
2021-01-08,mobile,<Other>,referral,<Other> / referral,Referral,161,31,8,2,2,0.19254658385093168,0.25806451612903225,0.25,1.0,0.012422360248447204
2021-01-08,mobile,shop.googlemerchandisestore.com,referral,shop.googlemerchandisestore.com / referral,Referral,123,20,5,2,1,0.16260162601626016,0.25,0.4,0.5,0.008130081300813009
2021-01-08,tablet,(direct),(none),(direct) / (none),Direct,28,3,1,1,0,0.10714285714285714,0.3333333333333333,1.0,0.0,0.0
2021-01-08,tablet,<Other>,organic,<Other> / organic,Organic Search,4,1,1,1,1,0.25,1.0,1.0,1.0,0.25
2021-01-08,tablet,google,organic,google / organic,Organic Search,33,4,0,0,0,0.12121212121212122,0.0,,,0.0
2021-01-08,tablet,(data deleted),(data deleted),(data deleted) / (data deleted),Other,8,3,1,1,0,0.375,0.3333333333333333,1.0,0.0,0.0
2021-01-08,tablet,<Other>,<Other>,<Other> / <Other>,Other,12,3,0,0,0,0.25,0.0,,,0.0
2021-01-08,tablet,google,cpc,google / cpc,Paid Search,6,0,0,0,0,0.0,,,,0.0
2021-01-08,tablet,<Other>,referral,<Other> / referral,Referral,10,2,0,0,0,0.2,0.0,,,0.0
2021-01-08,tablet,shop.googlemerchandisestore.com,referral,shop.googlemerchandisestore.com / referral,Referral,13,1,0,0,0,0.07692307692307693,0.0,,,0.0
2021-01-09,desktop,(direct),(none),(direct) / (none),Direct,430,68,16,6,1,0.15813953488372093,0.23529411764705882,0.375,0.16666666666666666,0.002325581395348837
2021-01-09,desktop,<Other>,organic,<Other> / organic,Organic Search,62,9,0,0,0,0.14516129032258066,0.0,,,0.0
2021-01-09,desktop,google,organic,google / organic,Organic Search,618,108,14,4,3,0.17475728155339806,0.12962962962962962,0.2857142857142857,0.75,0.0048543689320388345
2021-01-09,desktop,(data deleted),(data deleted),(data deleted) / (data deleted),Other,86,19,6,1,1,0.22093023255813954,0.3157894736842105,0.16666666666666666,1.0,0.011627906976744186
2021-01-09,desktop,<Other>,<Other>,<Other> / <Other>,Other,268,44,11,4,1,0.16417910447761194,0.25,0.36363636363636365,0.25,0.0037313432835820895
2021-01-09,desktop,google,cpc,google / cpc,Paid Search,78,16,3,1,1,0.20512820512820512,0.1875,0.3333333333333333,1.0,0.01282051282051282
2021-01-09,desktop,<Other>,referral,<Other> / referral,Referral,177,30,4,4,1,0.1694915254237288,0.13333333333333333,1.0,0.25,0.005649717514124294
2021-01-09,desktop,shop.googlemerchandisestore.com,referral,shop.googlemerchandisestore.com / referral,Referral,142,23,5,2,1,0.1619718309859155,0.21739130434782608,0.4,0.5,0.007042253521126761
2021-01-09,mobile,(direct),(none),(direct) / (none),Direct,317,50,12,2,1,0.15772870662460567,0.24,0.16666666666666666,0.5,0.0031545741324921135
2021-01-09,mobile,<Other>,organic,<Other> / organic,Organic Search,41,3,2,1,1,0.07317073170731707,0.6666666666666666,0.5,1.0,0.024390243902439025
2021-01-09,mobile,google,organic,google / organic,Organic Search,437,54,13,2,0,0.12356979405034325,0.24074074074074073,0.15384615384615385,0.0,0.0
2021-01-09,mobile,(data deleted),(data deleted),(data deleted) / (data deleted),Other,62,11,5,2,2,0.1774193548387097,0.45454545454545453,0.4,1.0,0.03225806451612903
2021-01-09,mobile,<Other>,<Other>,<Other> / <Other>,Other,203,27,6,1,0,0.1330049261083744,0.2222222222222222,0.16666666666666666,0.0,0.0
2021-01-09,mobile,google,cpc,google / cpc,Paid Search,55,7,1,1,0,0.12727272727272726,0.14285714285714285,1.0,0.0,0.0
2021-01-09,mobile,<Other>,referral,<Other> / referral,Referral,123,22,5,5,4,0.17886178861788618,0.22727272727272727,1.0,0.8,0.032520325203252036
2021-01-09,mobile,shop.googlemerchandisestore.com,referral,shop.googlemerchandisestore.com / referral,Referral,104,20,5,2,1,0.19230769230769232,0.25,0.4,0.5,0.009615384615384616
2021-01-09,tablet,(direct),(none),(direct) / (none),Direct,16,3,1,0,0,0.1875,0.3333333333333333,0.0,,0.0
2021-01-09,tablet,<Other>,organic,<Other> / organic,Organic Search,1,0,0,0,0,0.0,,,,0.0
2021-01-09,tablet,google,organic,google / organic,Organic Search,18,5,1,0,0,0.2777777777777778,0.2,0.0,,0.0
2021-01-09,tablet,(data deleted),(data deleted),(data deleted) / (data deleted),Other,2,0,0,0,0,0.0,,,,0.0
2021-01-09,tablet,<Other>,<Other>,<Other> / <Other>,Other,15,1,0,0,0,0.06666666666666667,0.0,,,0.0
2021-01-09,tablet,google,cpc,google / cpc,Paid Search,3,0,0,0,0,0.0,,,,0.0
2021-01-09,tablet,<Other>,referral,<Other> / referral,Referral,8,2,0,0,0,0.25,0.0,,,0.0
2021-01-09,tablet,shop.googlemerchandisestore.com,referral,shop.googlemerchandisestore.com / referral,Referral,2,0,0,0,0,0.0,,,,0.0
2021-01-10,desktop,(direct),(none),(direct) / (none),Direct,399,54,8,4,3,0.13533834586466165,0.14814814814814814,0.5,0.75,0.007518796992481203
2021-01-10,desktop,<Other>,organic,<Other> / organic,Organic Search,53,6,1,0,0,0.11320754716981132,0.16666666666666666,0.0,,0.0
2021-01-10,desktop,google,organic,google / organic,Organic Search,568,76,10,5,1,0.13380281690140844,0.13157894736842105,0.5,0.2,0.0017605633802816902
2021-01-10,desktop,(data deleted),(data deleted),(data deleted) / (data deleted),Other,73,12,3,1,1,0.1643835616438356,0.25,0.3333333333333333,1.0,0.0136986301369863
2021-01-10,desktop,<Other>,(data deleted),<Other> / (data deleted),Other,1,1,1,0,0,1.0,1.0,0.0,,0.0
2021-01-10,desktop,<Other>,<Other>,<Other> / <Other>,Other,249,45,11,4,1,0.18072289156626506,0.24444444444444444,0.36363636363636365,0.25,0.004016064257028112
2021-01-10,desktop,google,cpc,google / cpc,Paid Search,91,12,1,0,0,0.13186813186813187,0.08333333333333333,0.0,,0.0
2021-01-10,desktop,<Other>,referral,<Other> / referral,Referral,145,22,6,1,0,0.15172413793103448,0.2727272727272727,0.16666666666666666,0.0,0.0
2021-01-10,desktop,shop.googlemerchandisestore.com,referral,shop.googlemerchandisestore.com / referral,Referral,111,19,6,6,3,0.17117117117117117,0.3157894736842105,1.0,0.5,0.02702702702702703
2021-01-10,mobile,(direct),(none),(direct) / (none),Direct,294,46,8,3,1,0.1564625850340136,0.17391304347826086,0.375,0.3333333333333333,0.003401360544217687
2021-01-10,mobile,<Other>,organic,<Other> / organic,Organic Search,42,7,1,1,0,0.16666666666666666,0.14285714285714285,1.0,0.0,0.0
2021-01-10,mobile,google,organic,google / organic,Organic Search,390,54,12,3,2,0.13846153846153847,0.2222222222222222,0.25,0.6666666666666666,0.005128205128205128
2021-01-10,mobile,(data deleted),(data deleted),(data deleted) / (data deleted),Other,57,10,1,1,0,0.17543859649122806,0.1,1.0,0.0,0.0
2021-01-10,mobile,<Other>,(data deleted),<Other> / (data deleted),Other,3,0,0,0,0,0.0,,,,0.0
2021-01-10,mobile,<Other>,<Other>,<Other> / <Other>,Other,223,30,4,3,2,0.13452914798206278,0.13333333333333333,0.75,0.6666666666666666,0.008968609865470852
2021-01-10,mobile,google,cpc,google / cpc,Paid Search,55,9,0,0,0,0.16363636363636364,0.0,,,0.0
2021-01-10,mobile,<Other>,referral,<Other> / referral,Referral,97,20,6,1,0,0.20618556701030927,0.3,0.16666666666666666,0.0,0.0
2021-01-10,mobile,shop.googlemerchandisestore.com,referral,shop.googlemerchandisestore.com / referral,Referral,90,13,1,0,0,0.14444444444444443,0.07692307692307693,0.0,,0.0
2021-01-10,tablet,(direct),(none),(direct) / (none),Direct,11,3,0,0,0,0.2727272727272727,0.0,,,0.0
2021-01-10,tablet,<Other>,organic,<Other> / organic,Organic Search,5,2,1,1,0,0.4,0.5,1.0,0.0,0.0
2021-01-10,tablet,google,organic,google / organic,Organic Search,20,6,2,0,0,0.3,0.3333333333333333,0.0,,0.0
2021-01-10,tablet,(data deleted),(data deleted),(data deleted) / (data deleted),Other,1,0,0,0,0,0.0,,,,0.0
2021-01-10,tablet,<Other>,<Other>,<Other> / <Other>,Other,12,1,0,0,0,0.08333333333333333,0.0,,,0.0
2021-01-10,tablet,google,cpc,google / cpc,Paid Search,7,2,1,0,0,0.2857142857142857,0.5,0.0,,0.0
2021-01-10,tablet,<Other>,referral,<Other> / referral,Referral,6,1,1,0,0,0.16666666666666666,1.0,0.0,,0.0
2021-01-10,tablet,shop.googlemerchandisestore.com,referral,shop.googlemerchandisestore.com / referral,Referral,2,0,0,0,0,0.0,,,,0.0
2021-01-11,desktop,(direct),(none),(direct) / (none),Direct,515,85,19,9,5,0.1650485436893204,0.2235294117647059,0.47368421052631576,0.5555555555555556,0.009708737864077669
2021-01-11,desktop,<Other>,organic,<Other> / organic,Organic Search,74,12,3,2,1,0.16216216216216217,0.25,0.6666666666666666,0.5,0.013513513513513514
2021-01-11,desktop,google,organic,google / organic,Organic Search,719,99,25,7,4,0.1376912378303199,0.25252525252525254,0.28,0.5714285714285714,0.005563282336578581
2021-01-11,desktop,(data deleted),(data deleted),(data deleted) / (data deleted),Other,121,21,5,2,0,0.17355371900826447,0.23809523809523808,0.4,0.0,0.0
2021-01-11,desktop,<Other>,<Other>,<Other> / <Other>,Other,368,67,11,7,2,0.18206521739130435,0.16417910447761194,0.6363636363636364,0.2857142857142857,0.005434782608695652
2021-01-11,desktop,google,cpc,google / cpc,Paid Search,86,19,4,3,2,0.22093023255813954,0.21052631578947367,0.75,0.6666666666666666,0.023255813953488372
2021-01-11,desktop,<Other>,referral,<Other> / referral,Referral,211,40,12,4,3,0.1895734597156398,0.3,0.3333333333333333,0.75,0.014218009478672985
2021-01-11,desktop,shop.googlemerchandisestore.com,referral,shop.googlemerchandisestore.com / referral,Referral,146,36,9,2,1,0.2465753424657534,0.25,0.2222222222222222,0.5,0.00684931506849315
2021-01-11,mobile,(direct),(none),(direct) / (none),Direct,369,63,13,3,4,0.17073170731707318,0.20634920634920634,0.23076923076923078,1.3333333333333333,0.01084010840108401
2021-01-11,mobile,<Other>,organic,<Other> / organic,Organic Search,42,5,2,1,0,0.11904761904761904,0.4,0.5,0.0,0.0
2021-01-11,mobile,google,organic,google / organic,Organic Search,527,91,21,4,1,0.17267552182163187,0.23076923076923078,0.19047619047619047,0.25,0.0018975332068311196
2021-01-11,mobile,(data deleted),(data deleted),(data deleted) / (data deleted),Other,86,13,6,3,2,0.1511627906976744,0.46153846153846156,0.5,0.6666666666666666,0.023255813953488372
2021-01-11,mobile,<Other>,<Other>,<Other> / <Other>,Other,246,51,13,2,0,0.2073170731707317,0.2549019607843137,0.15384615384615385,0.0,0.0
2021-01-11,mobile,google,cpc,google / cpc,Paid Search,72,12,2,1,0,0.16666666666666666,0.16666666666666666,0.5,0.0,0.0
2021-01-11,mobile,<Other>,referral,<Other> / referral,Referral,159,28,6,1,0,0.1761006289308176,0.21428571428571427,0.16666666666666666,0.0,0.0
2021-01-11,mobile,shop.googlemerchandisestore.com,referral,shop.googlemerchandisestore.com / referral,Referral,123,25,7,3,1,0.2032520325203252,0.28,0.42857142857142855,0.3333333333333333,0.008130081300813009
2021-01-11,tablet,(direct),(none),(direct) / (none),Direct,20,2,0,0,0,0.1,0.0,,,0.0
2021-01-11,tablet,<Other>,organic,<Other> / organic,Organic Search,1,0,0,0,0,0.0,,,,0.0
2021-01-11,tablet,google,organic,google / organic,Organic Search,33,6,0,0,0,0.18181818181818182,0.0,,,0.0
2021-01-11,tablet,(data deleted),(data deleted),(data deleted) / (data deleted),Other,6,1,0,0,0,0.16666666666666666,0.0,,,0.0
2021-01-11,tablet,<Other>,<Other>,<Other> / <Other>,Other,13,4,2,2,1,0.3076923076923077,0.5,1.0,0.5,0.07692307692307693
2021-01-11,tablet,google,cpc,google / cpc,Paid Search,5,0,0,0,0,0.0,,,,0.0
2021-01-11,tablet,<Other>,referral,<Other> / referral,Referral,7,0,0,0,0,0.0,,,,0.0
2021-01-11,tablet,shop.googlemerchandisestore.com,referral,shop.googlemerchandisestore.com / referral,Referral,9,2,0,0,0,0.2222222222222222,0.0,,,0.0
2021-01-12,desktop,(direct),(none),(direct) / (none),Direct,625,117,21,9,6,0.1872,0.1794871794871795,0.42857142857142855,0.6666666666666666,0.0096
2021-01-12,desktop,<Other>,organic,<Other> / organic,Organic Search,71,17,4,2,0,0.23943661971830985,0.23529411764705882,0.5,0.0,0.0
2021-01-12,desktop,google,organic,google / organic,Organic Search,855,159,37,13,5,0.18596491228070175,0.23270440251572327,0.35135135135135137,0.38461538461538464,0.005847953216374269
2021-01-12,desktop,(data deleted),(data deleted),(data deleted) / (data deleted),Other,155,31,6,6,4,0.2,0.1935483870967742,1.0,0.6666666666666666,0.025806451612903226
2021-01-12,desktop,<Other>,(data deleted),<Other> / (data deleted),Other,3,0,0,0,0,0.0,,,,0.0
2021-01-12,desktop,<Other>,<Other>,<Other> / <Other>,Other,420,66,16,7,5,0.15714285714285714,0.24242424242424243,0.4375,0.7142857142857143,0.011904761904761904
2021-01-12,desktop,google,cpc,google / cpc,Paid Search,113,17,1,1,0,0.1504424778761062,0.058823529411764705,1.0,0.0,0.0
2021-01-12,desktop,<Other>,referral,<Other> / referral,Referral,254,56,16,4,2,0.2204724409448819,0.2857142857142857,0.25,0.5,0.007874015748031496
2021-01-12,desktop,shop.googlemerchandisestore.com,referral,shop.googlemerchandisestore.com / referral,Referral,191,35,7,3,3,0.18324607329842932,0.2,0.42857142857142855,1.0,0.015706806282722512
2021-01-12,mobile,(direct),(none),(direct) / (none),Direct,440,66,12,7,6,0.15,0.18181818181818182,0.5833333333333334,0.8571428571428571,0.013636363636363636
2021-01-12,mobile,<Other>,organic,<Other> / organic,Organic Search,63,11,3,2,1,0.1746031746031746,0.2727272727272727,0.6666666666666666,0.5,0.015873015873015872
2021-01-12,mobile,google,organic,google / organic,Organic Search,610,105,19,10,4,0.1721311475409836,0.18095238095238095,0.5263157894736842,0.4,0.006557377049180328
2021-01-12,mobile,(data deleted),(data deleted),(data deleted) / (data deleted),Other,103,24,6,4,1,0.23300970873786409,0.25,0.6666666666666666,0.25,0.009708737864077669
2021-01-12,mobile,<Other>,(data deleted),<Other> / (data deleted),Other,2,0,0,0,0,0.0,,,,0.0
2021-01-12,mobile,<Other>,<Other>,<Other> / <Other>,Other,288,46,8,3,1,0.1597222222222222,0.17391304347826086,0.375,0.3333333333333333,0.003472222222222222
2021-01-12,mobile,google,cpc,google / cpc,Paid Search,85,12,1,1,1,0.1411764705882353,0.08333333333333333,1.0,1.0,0.011764705882352941
2021-01-12,mobile,<Other>,referral,<Other> / referral,Referral,200,41,4,1,0,0.205,0.0975609756097561,0.25,0.0,0.0
2021-01-12,mobile,shop.googlemerchandisestore.com,referral,shop.googlemerchandisestore.com / referral,Referral,149,25,6,3,2,0.16778523489932887,0.24,0.5,0.6666666666666666,0.013422818791946308
2021-01-12,tablet,(direct),(none),(direct) / (none),Direct,27,6,2,0,0,0.2222222222222222,0.3333333333333333,0.0,,0.0
2021-01-12,tablet,<Other>,organic,<Other> / organic,Organic Search,5,1,0,0,0,0.2,0.0,,,0.0
2021-01-12,tablet,google,organic,google / organic,Organic Search,27,4,1,1,1,0.14814814814814814,0.25,1.0,1.0,0.037037037037037035
2021-01-12,tablet,(data deleted),(data deleted),(data deleted) / (data deleted),Other,5,1,0,0,0,0.2,0.0,,,0.0
2021-01-12,tablet,<Other>,<Other>,<Other> / <Other>,Other,15,3,0,0,0,0.2,0.0,,,0.0
2021-01-12,tablet,google,cpc,google / cpc,Paid Search,4,0,0,0,0,0.0,,,,0.0
2021-01-12,tablet,<Other>,referral,<Other> / referral,Referral,13,2,1,1,0,0.15384615384615385,0.5,1.0,0.0,0.0
2021-01-12,tablet,shop.googlemerchandisestore.com,referral,shop.googlemerchandisestore.com / referral,Referral,7,2,1,1,1,0.2857142857142857,0.5,1.0,1.0,0.14285714285714285
2021-01-13,desktop,(direct),(none),(direct) / (none),Direct,630,92,21,5,2,0.14603174603174604,0.22826086956521738,0.23809523809523808,0.4,0.0031746031746031746
2021-01-13,desktop,<Other>,organic,<Other> / organic,Organic Search,89,9,3,0,0,0.10112359550561797,0.3333333333333333,0.0,,0.0
2021-01-13,desktop,google,organic,google / organic,Organic Search,796,144,35,17,4,0.18090452261306533,0.24305555555555555,0.4857142857142857,0.23529411764705882,0.005025125628140704
2021-01-13,desktop,(data deleted),(data deleted),(data deleted) / (data deleted),Other,137,36,10,6,5,0.26277372262773724,0.2777777777777778,0.6,0.8333333333333334,0.0364963503649635
2021-01-13,desktop,<Other>,(data deleted),<Other> / (data deleted),Other,3,1,0,0,0,0.3333333333333333,0.0,,,0.0
2021-01-13,desktop,<Other>,<Other>,<Other> / <Other>,Other,388,70,15,6,2,0.18041237113402062,0.21428571428571427,0.4,0.3333333333333333,0.005154639175257732
2021-01-13,desktop,google,cpc,google / cpc,Paid Search,136,25,6,2,2,0.18382352941176472,0.24,0.3333333333333333,1.0,0.014705882352941176
2021-01-13,desktop,<Other>,referral,<Other> / referral,Referral,259,44,11,8,4,0.16988416988416988,0.25,0.7272727272727273,0.5,0.015444015444015444
2021-01-13,desktop,shop.googlemerchandisestore.com,referral,shop.googlemerchandisestore.com / referral,Referral,187,33,7,3,1,0.17647058823529413,0.21212121212121213,0.42857142857142855,0.3333333333333333,0.0053475935828877
2021-01-13,mobile,(direct),(none),(direct) / (none),Direct,447,72,17,5,3,0.1610738255033557,0.2361111111111111,0.29411764705882354,0.6,0.006711409395973154
2021-01-13,mobile,<Other>,organic,<Other> / organic,Organic Search,58,10,3,1,0,0.1724137931034483,0.3,0.3333333333333333,0.0,0.0
2021-01-13,mobile,google,organic,google / organic,Organic Search,579,89,24,16,4,0.153713298791019,0.2696629213483146,0.6666666666666666,0.25,0.0069084628670120895
2021-01-13,mobile,(data deleted),(data deleted),(data deleted) / (data deleted),Other,106,21,10,7,3,0.19811320754716982,0.47619047619047616,0.7,0.42857142857142855,0.02830188679245283
2021-01-13,mobile,<Other>,(data deleted),<Other> / (data deleted),Other,1,1,0,0,0,1.0,0.0,,,0.0
2021-01-13,mobile,<Other>,<Other>,<Other> / <Other>,Other,289,42,7,3,2,0.1453287197231834,0.16666666666666666,0.42857142857142855,0.6666666666666666,0.006920415224913495
2021-01-13,mobile,google,cpc,google / cpc,Paid Search,77,12,0,0,0,0.15584415584415584,0.0,,,0.0
2021-01-13,mobile,<Other>,referral,<Other> / referral,Referral,168,27,4,1,1,0.16071428571428573,0.14814814814814814,0.25,1.0,0.005952380952380952
2021-01-13,mobile,shop.googlemerchandisestore.com,referral,shop.googlemerchandisestore.com / referral,Referral,139,34,5,4,2,0.2446043165467626,0.14705882352941177,0.8,0.5,0.014388489208633094
2021-01-13,tablet,(direct),(none),(direct) / (none),Direct,25,3,1,0,0,0.12,0.3333333333333333,0.0,,0.0
2021-01-13,tablet,<Other>,organic,<Other> / organic,Organic Search,1,0,0,0,0,0.0,,,,0.0
2021-01-13,tablet,google,organic,google / organic,Organic Search,24,2,0,0,0,0.08333333333333333,0.0,,,0.0
2021-01-13,tablet,(data deleted),(data deleted),(data deleted) / (data deleted),Other,8,1,0,0,0,0.125,0.0,,,0.0
2021-01-13,tablet,<Other>,<Other>,<Other> / <Other>,Other,11,1,0,0,0,0.09090909090909091,0.0,,,0.0
2021-01-13,tablet,google,cpc,google / cpc,Paid Search,5,0,0,0,0,0.0,,,,0.0
2021-01-13,tablet,<Other>,referral,<Other> / referral,Referral,6,1,0,0,0,0.16666666666666666,0.0,,,0.0
2021-01-13,tablet,shop.googlemerchandisestore.com,referral,shop.googlemerchandisestore.com / referral,Referral,8,1,0,0,0,0.125,0.0,,,0.0
2021-01-14,desktop,(direct),(none),(direct) / (none),Direct,608,118,33,12,6,0.19407894736842105,0.2796610169491525,0.36363636363636365,0.5,0.009868421052631578
2021-01-14,desktop,<Other>,organic,<Other> / organic,Organic Search,85,14,3,1,0,0.16470588235294117,0.21428571428571427,0.3333333333333333,0.0,0.0
2021-01-14,desktop,google,organic,google / organic,Organic Search,813,150,28,12,5,0.18450184501845018,0.18666666666666668,0.42857142857142855,0.4166666666666667,0.006150061500615006
2021-01-14,desktop,(data deleted),(data deleted),(data deleted) / (data deleted),Other,126,39,11,6,4,0.30952380952380953,0.28205128205128205,0.5454545454545454,0.6666666666666666,0.031746031746031744
2021-01-14,desktop,<Other>,(data deleted),<Other> / (data deleted),Other,5,1,0,0,0,0.2,0.0,,,0.0
2021-01-14,desktop,<Other>,<Other>,<Other> / <Other>,Other,370,64,13,3,3,0.17297297297297298,0.203125,0.23076923076923078,1.0,0.008108108108108109
2021-01-14,desktop,google,cpc,google / cpc,Paid Search,108,22,7,0,0,0.2037037037037037,0.3181818181818182,0.0,,0.0
2021-01-14,desktop,<Other>,referral,<Other> / referral,Referral,215,49,10,4,3,0.22790697674418606,0.20408163265306123,0.4,0.75,0.013953488372093023
2021-01-14,desktop,shop.googlemerchandisestore.com,referral,shop.googlemerchandisestore.com / referral,Referral,196,51,16,6,5,0.2602040816326531,0.3137254901960784,0.375,0.8333333333333334,0.025510204081632654
2021-01-14,mobile,(direct),(none),(direct) / (none),Direct,420,77,19,11,3,0.18333333333333332,0.24675324675324675,0.5789473684210527,0.2727272727272727,0.007142857142857143
2021-01-14,mobile,<Other>,organic,<Other> / organic,Organic Search,50,9,3,0,0,0.18,0.3333333333333333,0.0,,0.0
2021-01-14,mobile,google,organic,google / organic,Organic Search,529,95,24,11,8,0.17958412098298676,0.25263157894736843,0.4583333333333333,0.7272727272727273,0.015122873345935728
2021-01-14,mobile,(data deleted),(data deleted),(data deleted) / (data deleted),Other,99,21,4,2,1,0.21212121212121213,0.19047619047619047,0.5,0.5,0.010101010101010102
2021-01-14,mobile,<Other>,<Other>,<Other> / <Other>,Other,246,38,5,3,2,0.15447154471544716,0.13157894736842105,0.6,0.6666666666666666,0.008130081300813009
2021-01-14,mobile,google,cpc,google / cpc,Paid Search,77,10,1,0,0,0.12987012987012986,0.1,0.0,,0.0
2021-01-14,mobile,<Other>,referral,<Other> / referral,Referral,176,32,9,3,2,0.18181818181818182,0.28125,0.3333333333333333,0.6666666666666666,0.011363636363636364
2021-01-14,mobile,shop.googlemerchandisestore.com,referral,shop.googlemerchandisestore.com / referral,Referral,149,36,11,8,5,0.24161073825503357,0.3055555555555556,0.7272727272727273,0.625,0.03355704697986577
2021-01-14,tablet,(direct),(none),(direct) / (none),Direct,23,8,0,0,0,0.34782608695652173,0.0,,,0.0
2021-01-14,tablet,<Other>,organic,<Other> / organic,Organic Search,1,0,0,0,0,0.0,,,,0.0
2021-01-14,tablet,google,organic,google / organic,Organic Search,35,8,3,0,0,0.22857142857142856,0.375,0.0,,0.0
2021-01-14,tablet,(data deleted),(data deleted),(data deleted) / (data deleted),Other,9,1,1,0,0,0.1111111111111111,1.0,0.0,,0.0
2021-01-14,tablet,<Other>,(data deleted),<Other> / (data deleted),Other,1,0,0,0,0,0.0,,,,0.0
2021-01-14,tablet,<Other>,<Other>,<Other> / <Other>,Other,12,3,1,0,0,0.25,0.3333333333333333,0.0,,0.0
2021-01-14,tablet,google,cpc,google / cpc,Paid Search,3,0,0,0,0,0.0,,,,0.0
2021-01-14,tablet,<Other>,referral,<Other> / referral,Referral,10,2,0,0,0,0.2,0.0,,,0.0
2021-01-14,tablet,shop.googlemerchandisestore.com,referral,shop.googlemerchandisestore.com / referral,Referral,8,2,0,0,0,0.25,0.0,,,0.0
2021-01-15,desktop,(direct),(none),(direct) / (none),Direct,578,102,20,8,5,0.17647058823529413,0.19607843137254902,0.4,0.625,0.00865051903114187
2021-01-15,desktop,<Other>,organic,<Other> / organic,Organic Search,67,13,6,2,1,0.19402985074626866,0.46153846153846156,0.3333333333333333,0.5,0.014925373134328358
2021-01-15,desktop,google,organic,google / organic,Organic Search,711,120,22,11,5,0.16877637130801687,0.18333333333333332,0.5,0.45454545454545453,0.007032348804500703
2021-01-15,desktop,(data deleted),(data deleted),(data deleted) / (data deleted),Other,124,26,11,5,3,0.20967741935483872,0.4230769230769231,0.45454545454545453,0.6,0.024193548387096774
2021-01-15,desktop,<Other>,(data deleted),<Other> / (data deleted),Other,2,0,0,0,0,0.0,,,,0.0
2021-01-15,desktop,<Other>,<Other>,<Other> / <Other>,Other,330,48,13,6,2,0.14545454545454545,0.2708333333333333,0.46153846153846156,0.3333333333333333,0.006060606060606061
2021-01-15,desktop,google,cpc,google / cpc,Paid Search,93,20,5,1,0,0.21505376344086022,0.25,0.2,0.0,0.0
2021-01-15,desktop,<Other>,referral,<Other> / referral,Referral,244,46,12,3,2,0.1885245901639344,0.2608695652173913,0.25,0.6666666666666666,0.00819672131147541
2021-01-15,desktop,shop.googlemerchandisestore.com,referral,shop.googlemerchandisestore.com / referral,Referral,134,26,4,1,1,0.19402985074626866,0.15384615384615385,0.25,1.0,0.007462686567164179
2021-01-15,mobile,(direct),(none),(direct) / (none),Direct,352,62,15,8,5,0.17613636363636365,0.24193548387096775,0.5333333333333333,0.625,0.014204545454545454
2021-01-15,mobile,<Other>,organic,<Other> / organic,Organic Search,38,8,0,0,0,0.21052631578947367,0.0,,,0.0
2021-01-15,mobile,google,organic,google / organic,Organic Search,518,105,30,14,9,0.20270270270270271,0.2857142857142857,0.4666666666666667,0.6428571428571429,0.017374517374517374
2021-01-15,mobile,(data deleted),(data deleted),(data deleted) / (data deleted),Other,79,15,1,0,0,0.189873417721519,0.06666666666666667,0.0,,0.0
2021-01-15,mobile,<Other>,<Other>,<Other> / <Other>,Other,253,46,5,2,1,0.18181818181818182,0.10869565217391304,0.4,0.5,0.003952569169960474
2021-01-15,mobile,google,cpc,google / cpc,Paid Search,65,10,3,1,1,0.15384615384615385,0.3,0.3333333333333333,1.0,0.015384615384615385
2021-01-15,mobile,<Other>,referral,<Other> / referral,Referral,135,20,8,4,1,0.14814814814814814,0.4,0.5,0.25,0.007407407407407408
2021-01-15,mobile,shop.googlemerchandisestore.com,referral,shop.googlemerchandisestore.com / referral,Referral,134,32,10,2,0,0.23880597014925373,0.3125,0.2,0.0,0.0
2021-01-15,tablet,(direct),(none),(direct) / (none),Direct,20,5,0,1,0,0.25,0.0,,0.0,0.0
2021-01-15,tablet,<Other>,organic,<Other> / organic,Organic Search,3,0,0,0,0,0.0,,,,0.0
2021-01-15,tablet,google,organic,google / organic,Organic Search,29,8,0,0,0,0.27586206896551724,0.0,,,0.0
2021-01-15,tablet,(data deleted),(data deleted),(data deleted) / (data deleted),Other,2,1,0,0,0,0.5,0.0,,,0.0
2021-01-15,tablet,<Other>,<Other>,<Other> / <Other>,Other,13,3,1,1,1,0.23076923076923078,0.3333333333333333,1.0,1.0,0.07692307692307693
2021-01-15,tablet,google,cpc,google / cpc,Paid Search,3,1,0,0,0,0.3333333333333333,0.0,,,0.0
2021-01-15,tablet,<Other>,referral,<Other> / referral,Referral,7,1,0,0,0,0.14285714285714285,0.0,,,0.0
2021-01-15,tablet,shop.googlemerchandisestore.com,referral,shop.googlemerchandisestore.com / referral,Referral,7,1,1,1,1,0.14285714285714285,1.0,1.0,1.0,0.14285714285714285
2021-01-16,desktop,(direct),(none),(direct) / (none),Direct,440,77,22,11,2,0.175,0.2857142857142857,0.5,0.18181818181818182,0.004545454545454545
2021-01-16,desktop,<Other>,organic,<Other> / organic,Organic Search,51,6,1,0,0,0.11764705882352941,0.16666666666666666,0.0,,0.0
2021-01-16,desktop,google,organic,google / organic,Organic Search,564,89,18,9,3,0.15780141843971632,0.20224719101123595,0.5,0.3333333333333333,0.005319148936170213
2021-01-16,desktop,(data deleted),(data deleted),(data deleted) / (data deleted),Other,86,21,6,4,1,0.2441860465116279,0.2857142857142857,0.6666666666666666,0.25,0.011627906976744186
2021-01-16,desktop,<Other>,(data deleted),<Other> / (data deleted),Other,2,0,0,0,0,0.0,,,,0.0
2021-01-16,desktop,<Other>,<Other>,<Other> / <Other>,Other,259,39,9,1,1,0.15057915057915058,0.23076923076923078,0.1111111111111111,1.0,0.003861003861003861
2021-01-16,desktop,google,cpc,google / cpc,Paid Search,67,12,3,2,1,0.1791044776119403,0.25,0.6666666666666666,0.5,0.014925373134328358
2021-01-16,desktop,<Other>,referral,<Other> / referral,Referral,197,30,8,3,2,0.15228426395939088,0.26666666666666666,0.375,0.6666666666666666,0.01015228426395939
2021-01-16,desktop,shop.googlemerchandisestore.com,referral,shop.googlemerchandisestore.com / referral,Referral,120,19,1,1,1,0.15833333333333333,0.05263157894736842,1.0,1.0,0.008333333333333333
2021-01-16,mobile,(direct),(none),(direct) / (none),Direct,318,53,11,4,2,0.16666666666666666,0.20754716981132076,0.36363636363636365,0.5,0.006289308176100629
2021-01-16,mobile,<Other>,organic,<Other> / organic,Organic Search,43,4,1,0,0,0.09302325581395349,0.25,0.0,,0.0
2021-01-16,mobile,google,organic,google / organic,Organic Search,417,70,13,9,6,0.16786570743405277,0.18571428571428572,0.6923076923076923,0.6666666666666666,0.014388489208633094
2021-01-16,mobile,(data deleted),(data deleted),(data deleted) / (data deleted),Other,51,19,7,3,2,0.37254901960784315,0.3684210526315789,0.42857142857142855,0.6666666666666666,0.0392156862745098
2021-01-16,mobile,<Other>,(data deleted),<Other> / (data deleted),Other,1,0,0,0,0,0.0,,,,0.0
2021-01-16,mobile,<Other>,<Other>,<Other> / <Other>,Other,210,33,9,1,1,0.15714285714285714,0.2727272727272727,0.1111111111111111,1.0,0.004761904761904762
2021-01-16,mobile,google,cpc,google / cpc,Paid Search,46,8,3,0,0,0.17391304347826086,0.375,0.0,,0.0
2021-01-16,mobile,<Other>,referral,<Other> / referral,Referral,131,23,5,2,1,0.17557251908396945,0.21739130434782608,0.4,0.5,0.007633587786259542
2021-01-16,mobile,shop.googlemerchandisestore.com,referral,shop.googlemerchandisestore.com / referral,Referral,94,19,2,2,1,0.20212765957446807,0.10526315789473684,1.0,0.5,0.010638297872340425
2021-01-16,tablet,(direct),(none),(direct) / (none),Direct,18,5,0,0,0,0.2777777777777778,0.0,,,0.0
2021-01-16,tablet,<Other>,organic,<Other> / organic,Organic Search,2,1,0,0,0,0.5,0.0,,,0.0
2021-01-16,tablet,google,organic,google / organic,Organic Search,27,2,0,0,0,0.07407407407407407,0.0,,,0.0
2021-01-16,tablet,(data deleted),(data deleted),(data deleted) / (data deleted),Other,2,0,0,0,0,0.0,,,,0.0
2021-01-16,tablet,<Other>,<Other>,<Other> / <Other>,Other,18,2,1,0,0,0.1111111111111111,0.5,0.0,,0.0
2021-01-16,tablet,google,cpc,google / cpc,Paid Search,4,0,0,0,0,0.0,,,,0.0
2021-01-16,tablet,<Other>,referral,<Other> / referral,Referral,8,1,0,0,0,0.125,0.0,,,0.0
2021-01-16,tablet,shop.googlemerchandisestore.com,referral,shop.googlemerchandisestore.com / referral,Referral,7,1,0,0,0,0.14285714285714285,0.0,,,0.0
2021-01-17,desktop,(direct),(none),(direct) / (none),Direct,416,69,10,7,0,0.1658653846153846,0.14492753623188406,0.7,0.0,0.0
2021-01-17,desktop,<Other>,organic,<Other> / organic,Organic Search,45,7,3,1,0,0.15555555555555556,0.42857142857142855,0.3333333333333333,0.0,0.0
2021-01-17,desktop,google,organic,google / organic,Organic Search,610,88,9,8,5,0.14426229508196722,0.10227272727272728,0.8888888888888888,0.625,0.00819672131147541
2021-01-17,desktop,(data deleted),(data deleted),(data deleted) / (data deleted),Other,94,13,5,4,1,0.13829787234042554,0.38461538461538464,0.8,0.25,0.010638297872340425
2021-01-17,desktop,<Other>,<Other>,<Other> / <Other>,Other,255,38,5,3,2,0.14901960784313725,0.13157894736842105,0.6,0.6666666666666666,0.00784313725490196
2021-01-17,desktop,google,cpc,google / cpc,Paid Search,70,5,1,0,0,0.07142857142857142,0.2,0.0,,0.0
2021-01-17,desktop,<Other>,referral,<Other> / referral,Referral,184,26,8,4,1,0.14130434782608695,0.3076923076923077,0.5,0.25,0.005434782608695652
2021-01-17,desktop,shop.googlemerchandisestore.com,referral,shop.googlemerchandisestore.com / referral,Referral,111,16,5,1,1,0.14414414414414414,0.3125,0.2,1.0,0.009009009009009009
2021-01-17,mobile,(direct),(none),(direct) / (none),Direct,262,36,6,0,0,0.13740458015267176,0.16666666666666666,0.0,,0.0
2021-01-17,mobile,<Other>,organic,<Other> / organic,Organic Search,34,6,2,0,0,0.17647058823529413,0.3333333333333333,0.0,,0.0
2021-01-17,mobile,google,organic,google / organic,Organic Search,378,67,14,2,1,0.17724867724867724,0.208955223880597,0.14285714285714285,0.5,0.0026455026455026454
2021-01-17,mobile,(data deleted),(data deleted),(data deleted) / (data deleted),Other,54,5,2,1,1,0.09259259259259259,0.4,0.5,1.0,0.018518518518518517
2021-01-17,mobile,<Other>,<Other>,<Other> / <Other>,Other,181,23,8,3,1,0.1270718232044199,0.34782608695652173,0.375,0.3333333333333333,0.0055248618784530384
2021-01-17,mobile,google,cpc,google / cpc,Paid Search,54,7,2,0,0,0.12962962962962962,0.2857142857142857,0.0,,0.0
2021-01-17,mobile,<Other>,referral,<Other> / referral,Referral,101,19,4,0,0,0.18811881188118812,0.21052631578947367,0.0,,0.0
2021-01-17,mobile,shop.googlemerchandisestore.com,referral,shop.googlemerchandisestore.com / referral,Referral,80,14,2,1,1,0.175,0.14285714285714285,0.5,1.0,0.0125
2021-01-17,tablet,(direct),(none),(direct) / (none),Direct,14,3,0,0,0,0.21428571428571427,0.0,,,0.0
2021-01-17,tablet,<Other>,organic,<Other> / organic,Organic Search,1,0,0,0,0,0.0,,,,0.0
2021-01-17,tablet,google,organic,google / organic,Organic Search,25,9,3,0,0,0.36,0.3333333333333333,0.0,,0.0
2021-01-17,tablet,<Other>,<Other>,<Other> / <Other>,Other,5,1,0,0,0,0.2,0.0,,,0.0
2021-01-17,tablet,google,cpc,google / cpc,Paid Search,6,1,0,0,0,0.16666666666666666,0.0,,,0.0
2021-01-17,tablet,<Other>,referral,<Other> / referral,Referral,6,1,0,0,0,0.16666666666666666,0.0,,,0.0
2021-01-17,tablet,shop.googlemerchandisestore.com,referral,shop.googlemerchandisestore.com / referral,Referral,5,1,1,0,0,0.2,1.0,0.0,,0.0
2021-01-18,desktop,(direct),(none),(direct) / (none),Direct,473,68,16,4,1,0.14376321353065538,0.23529411764705882,0.25,0.25,0.0021141649048625794
2021-01-18,desktop,<Other>,organic,<Other> / organic,Organic Search,54,3,0,0,0,0.05555555555555555,0.0,,,0.0
2021-01-18,desktop,google,organic,google / organic,Organic Search,705,97,20,10,3,0.1375886524822695,0.20618556701030927,0.5,0.3,0.00425531914893617
2021-01-18,desktop,(data deleted),(data deleted),(data deleted) / (data deleted),Other,121,26,10,4,1,0.21487603305785125,0.38461538461538464,0.4,0.25,0.008264462809917356
2021-01-18,desktop,<Other>,(data deleted),<Other> / (data deleted),Other,1,0,0,0,0,0.0,,,,0.0
2021-01-18,desktop,<Other>,<Other>,<Other> / <Other>,Other,330,48,8,1,1,0.14545454545454545,0.16666666666666666,0.125,1.0,0.0030303030303030303
2021-01-18,desktop,google,cpc,google / cpc,Paid Search,96,8,0,1,0,0.08333333333333333,0.0,,0.0,0.0
2021-01-18,desktop,<Other>,referral,<Other> / referral,Referral,169,30,3,2,1,0.17751479289940827,0.1,0.6666666666666666,0.5,0.005917159763313609
2021-01-18,desktop,shop.googlemerchandisestore.com,referral,shop.googlemerchandisestore.com / referral,Referral,163,26,6,1,1,0.15950920245398773,0.23076923076923078,0.16666666666666666,1.0,0.006134969325153374
2021-01-18,mobile,(direct),(none),(direct) / (none),Direct,326,40,7,5,2,0.12269938650306748,0.175,0.7142857142857143,0.4,0.006134969325153374
2021-01-18,mobile,<Other>,organic,<Other> / organic,Organic Search,30,1,0,0,0,0.03333333333333333,0.0,,,0.0
2021-01-18,mobile,google,organic,google / organic,Organic Search,472,61,16,6,4,0.1292372881355932,0.26229508196721313,0.375,0.6666666666666666,0.00847457627118644
2021-01-18,mobile,(data deleted),(data deleted),(data deleted) / (data deleted),Other,62,8,2,1,0,0.12903225806451613,0.25,0.5,0.0,0.0
2021-01-18,mobile,<Other>,(data deleted),<Other> / (data deleted),Other,1,0,0,0,0,0.0,,,,0.0
2021-01-18,mobile,<Other>,<Other>,<Other> / <Other>,Other,229,38,9,3,2,0.16593886462882096,0.23684210526315788,0.3333333333333333,0.6666666666666666,0.008733624454148471
2021-01-18,mobile,google,cpc,google / cpc,Paid Search,57,13,4,2,0,0.22807017543859648,0.3076923076923077,0.5,0.0,0.0
2021-01-18,mobile,<Other>,referral,<Other> / referral,Referral,140,21,2,2,1,0.15,0.09523809523809523,1.0,0.5,0.007142857142857143
2021-01-18,mobile,shop.googlemerchandisestore.com,referral,shop.googlemerchandisestore.com / referral,Referral,114,20,7,5,1,0.17543859649122806,0.35,0.7142857142857143,0.2,0.008771929824561403
2021-01-18,tablet,(direct),(none),(direct) / (none),Direct,23,3,0,0,0,0.13043478260869565,0.0,,,0.0
2021-01-18,tablet,<Other>,organic,<Other> / organic,Organic Search,1,0,0,0,0,0.0,,,,0.0
2021-01-18,tablet,google,organic,google / organic,Organic Search,19,2,1,0,0,0.10526315789473684,0.5,0.0,,0.0
2021-01-18,tablet,(data deleted),(data deleted),(data deleted) / (data deleted),Other,4,1,1,0,0,0.25,1.0,0.0,,0.0
2021-01-18,tablet,<Other>,<Other>,<Other> / <Other>,Other,11,2,0,0,0,0.18181818181818182,0.0,,,0.0
2021-01-18,tablet,google,cpc,google / cpc,Paid Search,4,0,0,0,0,0.0,,,,0.0
2021-01-18,tablet,<Other>,referral,<Other> / referral,Referral,8,1,0,0,0,0.125,0.0,,,0.0
2021-01-18,tablet,shop.googlemerchandisestore.com,referral,shop.googlemerchandisestore.com / referral,Referral,3,1,0,0,0,0.3333333333333333,0.0,,,0.0
2021-01-19,desktop,(direct),(none),(direct) / (none),Direct,551,99,26,14,8,0.17967332123411978,0.26262626262626265,0.5384615384615384,0.5714285714285714,0.014519056261343012
2021-01-19,desktop,<Other>,organic,<Other> / organic,Organic Search,81,13,4,0,0,0.16049382716049382,0.3076923076923077,0.0,,0.0
2021-01-19,desktop,google,organic,google / organic,Organic Search,785,157,30,17,7,0.2,0.1910828025477707,0.5666666666666667,0.4117647058823529,0.008917197452229299
2021-01-19,desktop,(data deleted),(data deleted),(data deleted) / (data deleted),Other,120,27,9,6,4,0.225,0.3333333333333333,0.6666666666666666,0.6666666666666666,0.03333333333333333
2021-01-19,desktop,<Other>,(data deleted),<Other> / (data deleted),Other,2,1,0,0,0,0.5,0.0,,,0.0
2021-01-19,desktop,<Other>,<Other>,<Other> / <Other>,Other,341,59,5,3,2,0.17302052785923755,0.0847457627118644,0.6,0.6666666666666666,0.005865102639296188
2021-01-19,desktop,google,cpc,google / cpc,Paid Search,112,18,2,0,0,0.16071428571428573,0.1111111111111111,0.0,,0.0
2021-01-19,desktop,<Other>,referral,<Other> / referral,Referral,213,39,7,3,2,0.18309859154929578,0.1794871794871795,0.42857142857142855,0.6666666666666666,0.009389671361502348
2021-01-19,desktop,shop.googlemerchandisestore.com,referral,shop.googlemerchandisestore.com / referral,Referral,203,49,12,3,1,0.2413793103448276,0.24489795918367346,0.25,0.3333333333333333,0.0049261083743842365
2021-01-19,mobile,(direct),(none),(direct) / (none),Direct,382,66,19,8,5,0.17277486910994763,0.2878787878787879,0.42105263157894735,0.625,0.013089005235602094
2021-01-19,mobile,<Other>,organic,<Other> / organic,Organic Search,57,14,2,1,0,0.24561403508771928,0.14285714285714285,0.5,0.0,0.0
2021-01-19,mobile,google,organic,google / organic,Organic Search,503,112,22,11,6,0.22266401590457258,0.19642857142857142,0.5,0.5454545454545454,0.011928429423459244
2021-01-19,mobile,(data deleted),(data deleted),(data deleted) / (data deleted),Other,102,33,12,6,3,0.3235294117647059,0.36363636363636365,0.5,0.5,0.029411764705882353
2021-01-19,mobile,<Other>,<Other>,<Other> / <Other>,Other,248,52,11,2,1,0.20967741935483872,0.21153846153846154,0.18181818181818182,0.5,0.004032258064516129
2021-01-19,mobile,google,cpc,google / cpc,Paid Search,63,9,0,0,0,0.14285714285714285,0.0,,,0.0
2021-01-19,mobile,<Other>,referral,<Other> / referral,Referral,161,24,4,1,1,0.14906832298136646,0.16666666666666666,0.25,1.0,0.006211180124223602
2021-01-19,mobile,shop.googlemerchandisestore.com,referral,shop.googlemerchandisestore.com / referral,Referral,165,37,7,4,3,0.22424242424242424,0.1891891891891892,0.5714285714285714,0.75,0.01818181818181818
2021-01-19,tablet,(direct),(none),(direct) / (none),Direct,23,3,0,0,0,0.13043478260869565,0.0,,,0.0
2021-01-19,tablet,<Other>,organic,<Other> / organic,Organic Search,4,1,0,0,0,0.25,0.0,,,0.0
2021-01-19,tablet,google,organic,google / organic,Organic Search,32,13,3,1,1,0.40625,0.23076923076923078,0.3333333333333333,1.0,0.03125
2021-01-19,tablet,(data deleted),(data deleted),(data deleted) / (data deleted),Other,8,3,1,1,1,0.375,0.3333333333333333,1.0,1.0,0.125
2021-01-19,tablet,<Other>,<Other>,<Other> / <Other>,Other,15,2,0,0,0,0.13333333333333333,0.0,,,0.0
2021-01-19,tablet,google,cpc,google / cpc,Paid Search,2,0,0,0,0,0.0,,,,0.0
2021-01-19,tablet,<Other>,referral,<Other> / referral,Referral,9,5,3,2,2,0.5555555555555556,0.6,0.6666666666666666,1.0,0.2222222222222222
2021-01-19,tablet,shop.googlemerchandisestore.com,referral,shop.googlemerchandisestore.com / referral,Referral,8,2,0,0,0,0.25,0.0,,,0.0
2021-01-20,desktop,(direct),(none),(direct) / (none),Direct,655,143,27,16,9,0.2183206106870229,0.1888111888111888,0.5925925925925926,0.5625,0.013740458015267175
2021-01-20,desktop,<Other>,organic,<Other> / organic,Organic Search,79,22,8,6,3,0.27848101265822783,0.36363636363636365,0.75,0.5,0.0379746835443038
2021-01-20,desktop,google,organic,google / organic,Organic Search,875,228,45,24,15,0.26057142857142856,0.19736842105263158,0.5333333333333333,0.625,0.017142857142857144
2021-01-20,desktop,(data deleted),(data deleted),(data deleted) / (data deleted),Other,165,41,13,8,5,0.24848484848484848,0.3170731707317073,0.6153846153846154,0.625,0.030303030303030304
2021-01-20,desktop,<Other>,(data deleted),<Other> / (data deleted),Other,4,2,1,1,1,0.5,0.5,1.0,1.0,0.25
2021-01-20,desktop,<Other>,<Other>,<Other> / <Other>,Other,433,98,24,13,10,0.22632794457274827,0.24489795918367346,0.5416666666666666,0.7692307692307693,0.023094688221709007
2021-01-20,desktop,google,cpc,google / cpc,Paid Search,114,25,2,1,1,0.21929824561403508,0.08,0.5,1.0,0.008771929824561403
2021-01-20,desktop,<Other>,referral,<Other> / referral,Referral,268,73,15,9,6,0.27238805970149255,0.2054794520547945,0.6,0.6666666666666666,0.022388059701492536
2021-01-20,desktop,shop.googlemerchandisestore.com,referral,shop.googlemerchandisestore.com / referral,Referral,209,58,14,8,6,0.27751196172248804,0.2413793103448276,0.5714285714285714,0.75,0.028708133971291867
2021-01-20,mobile,(direct),(none),(direct) / (none),Direct,440,109,24,14,8,0.24772727272727274,0.22018348623853212,0.5833333333333334,0.5714285714285714,0.01818181818181818
2021-01-20,mobile,<Other>,organic,<Other> / organic,Organic Search,67,17,1,3,0,0.2537313432835821,0.058823529411764705,3.0,0.0,0.0
2021-01-20,mobile,google,organic,google / organic,Organic Search,593,141,27,8,7,0.23777403035413153,0.19148936170212766,0.2962962962962963,0.875,0.011804384485666104
2021-01-20,mobile,(data deleted),(data deleted),(data deleted) / (data deleted),Other,125,36,8,8,6,0.288,0.2222222222222222,1.0,0.75,0.048
2021-01-20,mobile,<Other>,(data deleted),<Other> / (data deleted),Other,1,1,0,0,0,1.0,0.0,,,0.0
2021-01-20,mobile,<Other>,<Other>,<Other> / <Other>,Other,267,74,10,8,6,0.27715355805243447,0.13513513513513514,0.8,0.75,0.02247191011235955
2021-01-20,mobile,google,cpc,google / cpc,Paid Search,79,15,2,2,1,0.189873417721519,0.13333333333333333,1.0,0.5,0.012658227848101266
2021-01-20,mobile,<Other>,referral,<Other> / referral,Referral,193,47,9,4,3,0.24352331606217617,0.19148936170212766,0.4444444444444444,0.75,0.015544041450777202
2021-01-20,mobile,shop.googlemerchandisestore.com,referral,shop.googlemerchandisestore.com / referral,Referral,153,41,12,8,6,0.2679738562091503,0.2926829268292683,0.6666666666666666,0.75,0.0392156862745098
2021-01-20,tablet,(direct),(none),(direct) / (none),Direct,24,6,0,1,0,0.25,0.0,,0.0,0.0
2021-01-20,tablet,google,organic,google / organic,Organic Search,40,6,2,2,1,0.15,0.3333333333333333,1.0,0.5,0.025
2021-01-20,tablet,(data deleted),(data deleted),(data deleted) / (data deleted),Other,5,1,0,0,0,0.2,0.0,,,0.0
2021-01-20,tablet,<Other>,<Other>,<Other> / <Other>,Other,10,6,0,0,0,0.6,0.0,,,0.0
2021-01-20,tablet,google,cpc,google / cpc,Paid Search,6,0,0,0,0,0.0,,,,0.0
2021-01-20,tablet,<Other>,referral,<Other> / referral,Referral,9,2,0,0,0,0.2222222222222222,0.0,,,0.0
2021-01-20,tablet,shop.googlemerchandisestore.com,referral,shop.googlemerchandisestore.com / referral,Referral,4,2,0,0,0,0.5,0.0,,,0.0
2021-01-21,desktop,(direct),(none),(direct) / (none),Direct,619,191,42,14,6,0.308562197092084,0.2198952879581152,0.3333333333333333,0.42857142857142855,0.009693053311793215
2021-01-21,desktop,<Other>,organic,<Other> / organic,Organic Search,82,26,5,1,1,0.3170731707317073,0.19230769230769232,0.2,1.0,0.012195121951219513
2021-01-21,desktop,google,organic,google / organic,Organic Search,820,234,29,17,10,0.28536585365853656,0.12393162393162394,0.5862068965517241,0.5882352941176471,0.012195121951219513
2021-01-21,desktop,(data deleted),(data deleted),(data deleted) / (data deleted),Other,155,49,9,7,4,0.3161290322580645,0.1836734693877551,0.7777777777777778,0.5714285714285714,0.025806451612903226
2021-01-21,desktop,<Other>,(data deleted),<Other> / (data deleted),Other,1,0,0,0,0,0.0,,,,0.0
2021-01-21,desktop,<Other>,<Other>,<Other> / <Other>,Other,408,132,18,8,1,0.3235294117647059,0.13636363636363635,0.4444444444444444,0.125,0.0024509803921568627
2021-01-21,desktop,google,cpc,google / cpc,Paid Search,135,40,1,0,0,0.2962962962962963,0.025,0.0,,0.0
2021-01-21,desktop,<Other>,referral,<Other> / referral,Referral,267,88,19,8,4,0.3295880149812734,0.2159090909090909,0.42105263157894735,0.5,0.0149812734082397
2021-01-21,desktop,shop.googlemerchandisestore.com,referral,shop.googlemerchandisestore.com / referral,Referral,213,64,17,12,6,0.3004694835680751,0.265625,0.7058823529411765,0.5,0.028169014084507043
2021-01-21,mobile,(direct),(none),(direct) / (none),Direct,418,123,17,6,4,0.2942583732057416,0.13821138211382114,0.35294117647058826,0.6666666666666666,0.009569377990430622
2021-01-21,mobile,<Other>,organic,<Other> / organic,Organic Search,53,12,1,0,0,0.22641509433962265,0.08333333333333333,0.0,,0.0
2021-01-21,mobile,google,organic,google / organic,Organic Search,610,187,20,11,5,0.30655737704918035,0.10695187165775401,0.55,0.45454545454545453,0.00819672131147541
2021-01-21,mobile,(data deleted),(data deleted),(data deleted) / (data deleted),Other,113,37,13,8,4,0.3274336283185841,0.35135135135135137,0.6153846153846154,0.5,0.035398230088495575
2021-01-21,mobile,<Other>,(data deleted),<Other> / (data deleted),Other,3,0,0,0,0,0.0,,,,0.0
2021-01-21,mobile,<Other>,<Other>,<Other> / <Other>,Other,269,80,3,3,0,0.29739776951672864,0.0375,1.0,0.0,0.0
2021-01-21,mobile,google,cpc,google / cpc,Paid Search,87,27,5,1,1,0.3103448275862069,0.18518518518518517,0.2,1.0,0.011494252873563218
2021-01-21,mobile,<Other>,referral,<Other> / referral,Referral,179,48,7,2,1,0.2681564245810056,0.14583333333333334,0.2857142857142857,0.5,0.00558659217877095
2021-01-21,mobile,shop.googlemerchandisestore.com,referral,shop.googlemerchandisestore.com / referral,Referral,150,47,7,5,1,0.31333333333333335,0.14893617021276595,0.7142857142857143,0.2,0.006666666666666667
2021-01-21,tablet,(direct),(none),(direct) / (none),Direct,28,6,1,0,0,0.21428571428571427,0.16666666666666666,0.0,,0.0
2021-01-21,tablet,<Other>,organic,<Other> / organic,Organic Search,3,1,0,0,0,0.3333333333333333,0.0,,,0.0
2021-01-21,tablet,google,organic,google / organic,Organic Search,38,9,2,1,0,0.23684210526315788,0.2222222222222222,0.5,0.0,0.0
2021-01-21,tablet,(data deleted),(data deleted),(data deleted) / (data deleted),Other,5,2,1,1,0,0.4,0.5,1.0,0.0,0.0
2021-01-21,tablet,<Other>,<Other>,<Other> / <Other>,Other,17,2,1,0,0,0.11764705882352941,0.5,0.0,,0.0
2021-01-21,tablet,google,cpc,google / cpc,Paid Search,3,1,0,0,0,0.3333333333333333,0.0,,,0.0
2021-01-21,tablet,<Other>,referral,<Other> / referral,Referral,13,5,0,1,1,0.38461538461538464,0.0,,1.0,0.07692307692307693
2021-01-21,tablet,shop.googlemerchandisestore.com,referral,shop.googlemerchandisestore.com / referral,Referral,8,0,0,0,0,0.0,,,,0.0
2021-01-22,desktop,(direct),(none),(direct) / (none),Direct,558,157,27,17,7,0.28136200716845877,0.17197452229299362,0.6296296296296297,0.4117647058823529,0.012544802867383513
2021-01-22,desktop,<Other>,organic,<Other> / organic,Organic Search,79,17,3,0,0,0.21518987341772153,0.17647058823529413,0.0,,0.0
2021-01-22,desktop,google,organic,google / organic,Organic Search,745,225,40,33,15,0.30201342281879195,0.17777777777777778,0.825,0.45454545454545453,0.020134228187919462
2021-01-22,desktop,(data deleted),(data deleted),(data deleted) / (data deleted),Other,150,44,10,9,6,0.29333333333333333,0.22727272727272727,0.9,0.6666666666666666,0.04
2021-01-22,desktop,<Other>,(data deleted),<Other> / (data deleted),Other,4,1,0,0,0,0.25,0.0,,,0.0
2021-01-22,desktop,<Other>,<Other>,<Other> / <Other>,Other,342,101,18,7,4,0.2953216374269006,0.1782178217821782,0.3888888888888889,0.5714285714285714,0.011695906432748537
2021-01-22,desktop,google,cpc,google / cpc,Paid Search,124,39,10,9,7,0.31451612903225806,0.2564102564102564,0.9,0.7777777777777778,0.056451612903225805
2021-01-22,desktop,<Other>,referral,<Other> / referral,Referral,230,59,10,8,4,0.2565217391304348,0.1694915254237288,0.8,0.5,0.017391304347826087
2021-01-22,desktop,shop.googlemerchandisestore.com,referral,shop.googlemerchandisestore.com / referral,Referral,201,55,12,11,7,0.2736318407960199,0.21818181818181817,0.9166666666666666,0.6363636363636364,0.03482587064676617
2021-01-22,mobile,(direct),(none),(direct) / (none),Direct,381,101,15,9,6,0.2650918635170604,0.1485148514851485,0.6,0.6666666666666666,0.015748031496062992
2021-01-22,mobile,<Other>,organic,<Other> / organic,Organic Search,44,13,2,2,2,0.29545454545454547,0.15384615384615385,1.0,1.0,0.045454545454545456
2021-01-22,mobile,google,organic,google / organic,Organic Search,470,134,24,21,12,0.2851063829787234,0.1791044776119403,0.875,0.5714285714285714,0.02553191489361702
2021-01-22,mobile,(data deleted),(data deleted),(data deleted) / (data deleted),Other,86,28,4,4,1,0.32558139534883723,0.14285714285714285,1.0,0.25,0.011627906976744186
2021-01-22,mobile,<Other>,(data deleted),<Other> / (data deleted),Other,1,0,0,0,0,0.0,,,,0.0
2021-01-22,mobile,<Other>,<Other>,<Other> / <Other>,Other,224,53,12,9,6,0.23660714285714285,0.22641509433962265,0.75,0.6666666666666666,0.026785714285714284
2021-01-22,mobile,google,cpc,google / cpc,Paid Search,72,19,5,3,1,0.2638888888888889,0.2631578947368421,0.6,0.3333333333333333,0.013888888888888888
2021-01-22,mobile,<Other>,referral,<Other> / referral,Referral,174,46,10,5,3,0.26436781609195403,0.21739130434782608,0.5,0.6,0.017241379310344827
2021-01-22,mobile,shop.googlemerchandisestore.com,referral,shop.googlemerchandisestore.com / referral,Referral,143,41,11,8,6,0.2867132867132867,0.2682926829268293,0.7272727272727273,0.75,0.04195804195804196
2021-01-22,tablet,(direct),(none),(direct) / (none),Direct,21,7,2,1,1,0.3333333333333333,0.2857142857142857,0.5,1.0,0.047619047619047616
2021-01-22,tablet,<Other>,organic,<Other> / organic,Organic Search,2,1,0,0,0,0.5,0.0,,,0.0
2021-01-22,tablet,google,organic,google / organic,Organic Search,18,3,0,0,0,0.16666666666666666,0.0,,,0.0
2021-01-22,tablet,(data deleted),(data deleted),(data deleted) / (data deleted),Other,4,2,0,0,0,0.5,0.0,,,0.0
2021-01-22,tablet,<Other>,<Other>,<Other> / <Other>,Other,17,4,0,0,0,0.23529411764705882,0.0,,,0.0
2021-01-22,tablet,google,cpc,google / cpc,Paid Search,3,1,1,0,0,0.3333333333333333,1.0,0.0,,0.0
2021-01-22,tablet,<Other>,referral,<Other> / referral,Referral,6,1,0,0,0,0.16666666666666666,0.0,,,0.0
2021-01-22,tablet,shop.googlemerchandisestore.com,referral,shop.googlemerchandisestore.com / referral,Referral,2,0,0,0,0,0.0,,,,0.0
2021-01-23,desktop,(direct),(none),(direct) / (none),Direct,417,80,15,9,1,0.19184652278177458,0.1875,0.6,0.1111111111111111,0.002398081534772182
2021-01-23,desktop,<Other>,organic,<Other> / organic,Organic Search,51,14,2,1,1,0.27450980392156865,0.14285714285714285,0.5,1.0,0.0196078431372549
2021-01-23,desktop,google,organic,google / organic,Organic Search,570,134,20,14,10,0.23508771929824562,0.14925373134328357,0.7,0.7142857142857143,0.017543859649122806
2021-01-23,desktop,(data deleted),(data deleted),(data deleted) / (data deleted),Other,80,19,7,6,5,0.2375,0.3684210526315789,0.8571428571428571,0.8333333333333334,0.0625
2021-01-23,desktop,<Other>,(data deleted),<Other> / (data deleted),Other,2,1,1,0,0,0.5,1.0,0.0,,0.0
2021-01-23,desktop,<Other>,<Other>,<Other> / <Other>,Other,291,75,13,7,3,0.25773195876288657,0.17333333333333334,0.5384615384615384,0.42857142857142855,0.010309278350515464
2021-01-23,desktop,google,cpc,google / cpc,Paid Search,83,19,0,0,0,0.2289156626506024,0.0,,,0.0
2021-01-23,desktop,<Other>,referral,<Other> / referral,Referral,156,32,9,6,4,0.20512820512820512,0.28125,0.6666666666666666,0.6666666666666666,0.02564102564102564
2021-01-23,desktop,shop.googlemerchandisestore.com,referral,shop.googlemerchandisestore.com / referral,Referral,146,42,7,4,2,0.2876712328767123,0.16666666666666666,0.5714285714285714,0.5,0.0136986301369863
2021-01-23,mobile,(direct),(none),(direct) / (none),Direct,300,74,16,9,5,0.24666666666666667,0.21621621621621623,0.5625,0.5555555555555556,0.016666666666666666
2021-01-23,mobile,<Other>,organic,<Other> / organic,Organic Search,35,6,0,0,0,0.17142857142857143,0.0,,,0.0
2021-01-23,mobile,google,organic,google / organic,Organic Search,363,79,9,6,3,0.21763085399449036,0.11392405063291139,0.6666666666666666,0.5,0.008264462809917356
2021-01-23,mobile,(data deleted),(data deleted),(data deleted) / (data deleted),Other,72,18,3,4,3,0.25,0.16666666666666666,1.3333333333333333,0.75,0.041666666666666664
2021-01-23,mobile,<Other>,(data deleted),<Other> / (data deleted),Other,1,0,0,0,0,0.0,,,,0.0
2021-01-23,mobile,<Other>,<Other>,<Other> / <Other>,Other,205,55,8,2,0,0.2682926829268293,0.14545454545454545,0.25,0.0,0.0
2021-01-23,mobile,google,cpc,google / cpc,Paid Search,60,8,1,0,0,0.13333333333333333,0.125,0.0,,0.0
2021-01-23,mobile,<Other>,referral,<Other> / referral,Referral,134,35,6,3,1,0.26119402985074625,0.17142857142857143,0.5,0.3333333333333333,0.007462686567164179
2021-01-23,mobile,shop.googlemerchandisestore.com,referral,shop.googlemerchandisestore.com / referral,Referral,108,27,6,5,3,0.25,0.2222222222222222,0.8333333333333334,0.6,0.027777777777777776
2021-01-23,tablet,(direct),(none),(direct) / (none),Direct,13,3,1,2,2,0.23076923076923078,0.3333333333333333,2.0,1.0,0.15384615384615385
2021-01-23,tablet,<Other>,organic,<Other> / organic,Organic Search,3,1,0,0,0,0.3333333333333333,0.0,,,0.0
2021-01-23,tablet,google,organic,google / organic,Organic Search,24,6,1,1,0,0.25,0.16666666666666666,1.0,0.0,0.0
2021-01-23,tablet,(data deleted),(data deleted),(data deleted) / (data deleted),Other,6,1,0,0,0,0.16666666666666666,0.0,,,0.0
2021-01-23,tablet,<Other>,<Other>,<Other> / <Other>,Other,11,5,2,0,0,0.45454545454545453,0.4,0.0,,0.0
2021-01-23,tablet,google,cpc,google / cpc,Paid Search,4,4,0,0,0,1.0,0.0,,,0.0
2021-01-23,tablet,<Other>,referral,<Other> / referral,Referral,5,0,0,0,0,0.0,,,,0.0
2021-01-23,tablet,shop.googlemerchandisestore.com,referral,shop.googlemerchandisestore.com / referral,Referral,4,2,1,0,0,0.5,0.5,0.0,,0.0
2021-01-24,desktop,(direct),(none),(direct) / (none),Direct,424,86,13,4,1,0.2028301886792453,0.1511627906976744,0.3076923076923077,0.25,0.0023584905660377358
2021-01-24,desktop,<Other>,organic,<Other> / organic,Organic Search,48,10,0,0,0,0.20833333333333334,0.0,,,0.0
2021-01-24,desktop,google,organic,google / organic,Organic Search,564,122,17,12,6,0.21631205673758866,0.13934426229508196,0.7058823529411765,0.5,0.010638297872340425
2021-01-24,desktop,(data deleted),(data deleted),(data deleted) / (data deleted),Other,94,22,7,3,2,0.23404255319148937,0.3181818181818182,0.42857142857142855,0.6666666666666666,0.02127659574468085
2021-01-24,desktop,<Other>,(data deleted),<Other> / (data deleted),Other,3,1,0,0,0,0.3333333333333333,0.0,,,0.0
2021-01-24,desktop,<Other>,<Other>,<Other> / <Other>,Other,247,55,10,4,3,0.22267206477732793,0.18181818181818182,0.4,0.75,0.012145748987854251
2021-01-24,desktop,google,cpc,google / cpc,Paid Search,85,11,0,0,0,0.12941176470588237,0.0,,,0.0
2021-01-24,desktop,<Other>,referral,<Other> / referral,Referral,176,34,6,6,2,0.19318181818181818,0.17647058823529413,1.0,0.3333333333333333,0.011363636363636364
2021-01-24,desktop,shop.googlemerchandisestore.com,referral,shop.googlemerchandisestore.com / referral,Referral,140,50,7,6,4,0.35714285714285715,0.14,0.8571428571428571,0.6666666666666666,0.02857142857142857
2021-01-24,mobile,(direct),(none),(direct) / (none),Direct,256,53,11,10,6,0.20703125,0.20754716981132076,0.9090909090909091,0.6,0.0234375
2021-01-24,mobile,<Other>,organic,<Other> / organic,Organic Search,32,10,1,0,0,0.3125,0.1,0.0,,0.0
2021-01-24,mobile,google,organic,google / organic,Organic Search,353,74,14,11,6,0.2096317280453258,0.1891891891891892,0.7857142857142857,0.5454545454545454,0.0169971671388102
2021-01-24,mobile,(data deleted),(data deleted),(data deleted) / (data deleted),Other,54,8,3,2,1,0.14814814814814814,0.375,0.6666666666666666,0.5,0.018518518518518517
2021-01-24,mobile,<Other>,<Other>,<Other> / <Other>,Other,167,29,3,2,0,0.17365269461077845,0.10344827586206896,0.6666666666666666,0.0,0.0
2021-01-24,mobile,google,cpc,google / cpc,Paid Search,57,18,3,2,2,0.3157894736842105,0.16666666666666666,0.6666666666666666,1.0,0.03508771929824561
2021-01-24,mobile,<Other>,referral,<Other> / referral,Referral,115,26,9,3,0,0.22608695652173913,0.34615384615384615,0.3333333333333333,0.0,0.0
2021-01-24,mobile,shop.googlemerchandisestore.com,referral,shop.googlemerchandisestore.com / referral,Referral,92,16,6,3,2,0.17391304347826086,0.375,0.5,0.6666666666666666,0.021739130434782608
2021-01-24,tablet,(direct),(none),(direct) / (none),Direct,18,3,0,0,0,0.16666666666666666,0.0,,,0.0
2021-01-24,tablet,<Other>,organic,<Other> / organic,Organic Search,3,0,0,0,0,0.0,,,,0.0
2021-01-24,tablet,google,organic,google / organic,Organic Search,20,3,1,0,0,0.15,0.3333333333333333,0.0,,0.0
2021-01-24,tablet,(data deleted),(data deleted),(data deleted) / (data deleted),Other,1,1,0,0,0,1.0,0.0,,,0.0
2021-01-24,tablet,<Other>,<Other>,<Other> / <Other>,Other,13,6,1,0,0,0.46153846153846156,0.16666666666666666,0.0,,0.0
2021-01-24,tablet,google,cpc,google / cpc,Paid Search,2,1,0,0,0,0.5,0.0,,,0.0
2021-01-24,tablet,<Other>,referral,<Other> / referral,Referral,8,3,1,0,0,0.375,0.3333333333333333,0.0,,0.0
2021-01-24,tablet,shop.googlemerchandisestore.com,referral,shop.googlemerchandisestore.com / referral,Referral,5,2,0,0,0,0.4,0.0,,,0.0
2021-01-25,desktop,(direct),(none),(direct) / (none),Direct,531,120,20,9,6,0.22598870056497175,0.16666666666666666,0.45,0.6666666666666666,0.011299435028248588
2021-01-25,desktop,<Other>,organic,<Other> / organic,Organic Search,61,17,0,0,0,0.2786885245901639,0.0,,,0.0
2021-01-25,desktop,google,organic,google / organic,Organic Search,717,158,24,12,8,0.2203626220362622,0.1518987341772152,0.5,0.6666666666666666,0.011157601115760111
2021-01-25,desktop,(data deleted),(data deleted),(data deleted) / (data deleted),Other,129,39,11,7,3,0.3023255813953488,0.28205128205128205,0.6363636363636364,0.42857142857142855,0.023255813953488372
2021-01-25,desktop,<Other>,(data deleted),<Other> / (data deleted),Other,2,0,0,0,0,0.0,,,,0.0
2021-01-25,desktop,<Other>,<Other>,<Other> / <Other>,Other,351,83,13,6,3,0.23646723646723647,0.1566265060240964,0.46153846153846156,0.5,0.008547008547008548
2021-01-25,desktop,google,cpc,google / cpc,Paid Search,104,31,4,1,1,0.2980769230769231,0.12903225806451613,0.25,1.0,0.009615384615384616
2021-01-25,desktop,<Other>,referral,<Other> / referral,Referral,206,55,9,9,8,0.2669902912621359,0.16363636363636364,1.0,0.8888888888888888,0.038834951456310676
2021-01-25,desktop,shop.googlemerchandisestore.com,referral,shop.googlemerchandisestore.com / referral,Referral,186,44,6,4,4,0.23655913978494625,0.13636363636363635,0.6666666666666666,1.0,0.021505376344086023
2021-01-25,mobile,(direct),(none),(direct) / (none),Direct,340,86,13,6,4,0.2529411764705882,0.1511627906976744,0.46153846153846156,0.6666666666666666,0.011764705882352941
2021-01-25,mobile,<Other>,organic,<Other> / organic,Organic Search,46,11,3,2,2,0.2391304347826087,0.2727272727272727,0.6666666666666666,1.0,0.043478260869565216
2021-01-25,mobile,google,organic,google / organic,Organic Search,518,127,20,9,6,0.24517374517374518,0.15748031496062992,0.45,0.6666666666666666,0.011583011583011582
2021-01-25,mobile,(data deleted),(data deleted),(data deleted) / (data deleted),Other,92,20,5,3,2,0.21739130434782608,0.25,0.6,0.6666666666666666,0.021739130434782608
2021-01-25,mobile,<Other>,<Other>,<Other> / <Other>,Other,223,51,7,5,3,0.22869955156950672,0.13725490196078433,0.7142857142857143,0.6,0.013452914798206279
2021-01-25,mobile,google,cpc,google / cpc,Paid Search,65,20,0,4,3,0.3076923076923077,0.0,,0.75,0.046153846153846156
2021-01-25,mobile,<Other>,referral,<Other> / referral,Referral,142,29,4,1,1,0.20422535211267606,0.13793103448275862,0.25,1.0,0.007042253521126761
2021-01-25,mobile,shop.googlemerchandisestore.com,referral,shop.googlemerchandisestore.com / referral,Referral,117,40,7,4,2,0.3418803418803419,0.175,0.5714285714285714,0.5,0.017094017094017096
2021-01-25,tablet,(direct),(none),(direct) / (none),Direct,23,3,2,2,2,0.13043478260869565,0.6666666666666666,1.0,1.0,0.08695652173913043
2021-01-25,tablet,<Other>,organic,<Other> / organic,Organic Search,3,0,0,0,0,0.0,,,,0.0
2021-01-25,tablet,google,organic,google / organic,Organic Search,26,6,0,0,0,0.23076923076923078,0.0,,,0.0
2021-01-25,tablet,(data deleted),(data deleted),(data deleted) / (data deleted),Other,7,0,0,0,0,0.0,,,,0.0
2021-01-25,tablet,<Other>,<Other>,<Other> / <Other>,Other,12,2,0,0,0,0.16666666666666666,0.0,,,0.0
2021-01-25,tablet,google,cpc,google / cpc,Paid Search,6,3,1,0,0,0.5,0.3333333333333333,0.0,,0.0
2021-01-25,tablet,<Other>,referral,<Other> / referral,Referral,7,2,0,0,0,0.2857142857142857,0.0,,,0.0
2021-01-25,tablet,shop.googlemerchandisestore.com,referral,shop.googlemerchandisestore.com / referral,Referral,5,1,1,1,0,0.2,1.0,1.0,0.0,0.0
2021-01-26,desktop,(direct),(none),(direct) / (none),Direct,541,117,18,14,6,0.21626617375231053,0.15384615384615385,0.7777777777777778,0.42857142857142855,0.011090573012939002
2021-01-26,desktop,<Other>,organic,<Other> / organic,Organic Search,70,20,2,2,1,0.2857142857142857,0.1,1.0,0.5,0.014285714285714285
2021-01-26,desktop,google,organic,google / organic,Organic Search,745,172,22,12,5,0.23087248322147652,0.12790697674418605,0.5454545454545454,0.4166666666666667,0.006711409395973154
2021-01-26,desktop,(data deleted),(data deleted),(data deleted) / (data deleted),Other,163,41,9,8,5,0.25153374233128833,0.21951219512195122,0.8888888888888888,0.625,0.03067484662576687
2021-01-26,desktop,<Other>,(data deleted),<Other> / (data deleted),Other,5,0,0,0,0,0.0,,,,0.0
2021-01-26,desktop,<Other>,<Other>,<Other> / <Other>,Other,353,79,9,4,1,0.2237960339943343,0.11392405063291139,0.4444444444444444,0.25,0.0028328611898017
2021-01-26,desktop,google,cpc,google / cpc,Paid Search,101,14,2,1,0,0.13861386138613863,0.14285714285714285,0.5,0.0,0.0
2021-01-26,desktop,<Other>,referral,<Other> / referral,Referral,231,56,7,3,1,0.24242424242424243,0.125,0.42857142857142855,0.3333333333333333,0.004329004329004329
2021-01-26,desktop,shop.googlemerchandisestore.com,referral,shop.googlemerchandisestore.com / referral,Referral,187,35,12,7,5,0.18716577540106952,0.34285714285714286,0.5833333333333334,0.7142857142857143,0.026737967914438502
2021-01-26,mobile,(direct),(none),(direct) / (none),Direct,344,94,15,14,7,0.27325581395348836,0.1595744680851064,0.9333333333333333,0.5,0.020348837209302327
2021-01-26,mobile,<Other>,organic,<Other> / organic,Organic Search,45,13,3,1,1,0.28888888888888886,0.23076923076923078,0.3333333333333333,1.0,0.022222222222222223
2021-01-26,mobile,google,organic,google / organic,Organic Search,515,128,22,7,6,0.24854368932038834,0.171875,0.3181818181818182,0.8571428571428571,0.011650485436893204
2021-01-26,mobile,(data deleted),(data deleted),(data deleted) / (data deleted),Other,107,23,5,5,5,0.21495327102803738,0.21739130434782608,1.0,1.0,0.04672897196261682
2021-01-26,mobile,<Other>,<Other>,<Other> / <Other>,Other,233,51,8,1,1,0.21888412017167383,0.1568627450980392,0.125,1.0,0.004291845493562232
2021-01-26,mobile,google,cpc,google / cpc,Paid Search,85,24,3,3,1,0.2823529411764706,0.125,1.0,0.3333333333333333,0.011764705882352941
2021-01-26,mobile,<Other>,referral,<Other> / referral,Referral,150,41,5,4,3,0.2733333333333333,0.12195121951219512,0.8,0.75,0.02
2021-01-26,mobile,shop.googlemerchandisestore.com,referral,shop.googlemerchandisestore.com / referral,Referral,133,36,2,2,2,0.2706766917293233,0.05555555555555555,1.0,1.0,0.015037593984962405
2021-01-26,tablet,(direct),(none),(direct) / (none),Direct,20,4,0,0,0,0.2,0.0,,,0.0
2021-01-26,tablet,<Other>,organic,<Other> / organic,Organic Search,3,1,0,0,0,0.3333333333333333,0.0,,,0.0
2021-01-26,tablet,google,organic,google / organic,Organic Search,30,10,1,0,0,0.3333333333333333,0.1,0.0,,0.0
2021-01-26,tablet,(data deleted),(data deleted),(data deleted) / (data deleted),Other,6,1,0,1,1,0.16666666666666666,0.0,,1.0,0.16666666666666666
2021-01-26,tablet,<Other>,<Other>,<Other> / <Other>,Other,14,2,0,0,0,0.14285714285714285,0.0,,,0.0
2021-01-26,tablet,google,cpc,google / cpc,Paid Search,6,1,0,0,0,0.16666666666666666,0.0,,,0.0
2021-01-26,tablet,<Other>,referral,<Other> / referral,Referral,5,0,0,0,0,0.0,,,,0.0
2021-01-26,tablet,shop.googlemerchandisestore.com,referral,shop.googlemerchandisestore.com / referral,Referral,7,4,0,0,0,0.5714285714285714,0.0,,,0.0
2021-01-27,desktop,(direct),(none),(direct) / (none),Direct,614,157,30,17,9,0.255700325732899,0.1910828025477707,0.5666666666666667,0.5294117647058824,0.014657980456026058
2021-01-27,desktop,<Other>,organic,<Other> / organic,Organic Search,76,23,6,3,1,0.3026315789473684,0.2608695652173913,0.5,0.3333333333333333,0.013157894736842105
2021-01-27,desktop,google,organic,google / organic,Organic Search,839,200,31,11,3,0.23837902264600716,0.155,0.3548387096774194,0.2727272727272727,0.003575685339690107
2021-01-27,desktop,(data deleted),(data deleted),(data deleted) / (data deleted),Other,219,73,15,10,2,0.3333333333333333,0.2054794520547945,0.6666666666666666,0.2,0.0091324200913242
2021-01-27,desktop,<Other>,(data deleted),<Other> / (data deleted),Other,6,2,0,0,0,0.3333333333333333,0.0,,,0.0
2021-01-27,desktop,<Other>,<Other>,<Other> / <Other>,Other,368,94,15,8,1,0.2554347826086957,0.1595744680851064,0.5333333333333333,0.125,0.002717391304347826
2021-01-27,desktop,google,cpc,google / cpc,Paid Search,110,18,3,0,0,0.16363636363636364,0.16666666666666666,0.0,,0.0
2021-01-27,desktop,<Other>,referral,<Other> / referral,Referral,266,77,13,2,1,0.2894736842105263,0.16883116883116883,0.15384615384615385,0.5,0.0037593984962406013
2021-01-27,desktop,shop.googlemerchandisestore.com,referral,shop.googlemerchandisestore.com / referral,Referral,221,43,10,5,1,0.19457013574660634,0.23255813953488372,0.5,0.2,0.004524886877828055
2021-01-27,mobile,(direct),(none),(direct) / (none),Direct,384,101,27,14,5,0.2630208333333333,0.26732673267326734,0.5185185185185185,0.35714285714285715,0.013020833333333334
2021-01-27,mobile,<Other>,organic,<Other> / organic,Organic Search,58,11,2,3,1,0.1896551724137931,0.18181818181818182,1.5,0.3333333333333333,0.017241379310344827
2021-01-27,mobile,google,organic,google / organic,Organic Search,552,144,20,9,4,0.2608695652173913,0.1388888888888889,0.45,0.4444444444444444,0.007246376811594203
2021-01-27,mobile,(data deleted),(data deleted),(data deleted) / (data deleted),Other,125,39,6,6,4,0.312,0.15384615384615385,1.0,0.6666666666666666,0.032
2021-01-27,mobile,<Other>,(data deleted),<Other> / (data deleted),Other,2,1,0,0,0,0.5,0.0,,,0.0
2021-01-27,mobile,<Other>,<Other>,<Other> / <Other>,Other,256,72,19,9,6,0.28125,0.2638888888888889,0.47368421052631576,0.6666666666666666,0.0234375
2021-01-27,mobile,google,cpc,google / cpc,Paid Search,69,21,3,0,0,0.30434782608695654,0.14285714285714285,0.0,,0.0
2021-01-27,mobile,<Other>,referral,<Other> / referral,Referral,180,41,13,9,6,0.22777777777777777,0.3170731707317073,0.6923076923076923,0.6666666666666666,0.03333333333333333
2021-01-27,mobile,shop.googlemerchandisestore.com,referral,shop.googlemerchandisestore.com / referral,Referral,159,49,16,11,5,0.3081761006289308,0.32653061224489793,0.6875,0.45454545454545453,0.031446540880503145
2021-01-27,tablet,(direct),(none),(direct) / (none),Direct,22,4,1,0,0,0.18181818181818182,0.25,0.0,,0.0
2021-01-27,tablet,<Other>,organic,<Other> / organic,Organic Search,2,0,0,0,0,0.0,,,,0.0
2021-01-27,tablet,google,organic,google / organic,Organic Search,41,7,3,0,0,0.17073170731707318,0.42857142857142855,0.0,,0.0
2021-01-27,tablet,(data deleted),(data deleted),(data deleted) / (data deleted),Other,7,1,0,0,0,0.14285714285714285,0.0,,,0.0
2021-01-27,tablet,<Other>,<Other>,<Other> / <Other>,Other,7,3,0,0,0,0.42857142857142855,0.0,,,0.0
2021-01-27,tablet,google,cpc,google / cpc,Paid Search,4,2,1,1,0,0.5,0.5,1.0,0.0,0.0
2021-01-27,tablet,<Other>,referral,<Other> / referral,Referral,11,3,0,0,0,0.2727272727272727,0.0,,,0.0
2021-01-27,tablet,shop.googlemerchandisestore.com,referral,shop.googlemerchandisestore.com / referral,Referral,8,4,0,1,1,0.5,0.0,,1.0,0.125
2021-01-28,desktop,(direct),(none),(direct) / (none),Direct,612,152,31,11,7,0.24836601307189543,0.20394736842105263,0.3548387096774194,0.6363636363636364,0.011437908496732025
2021-01-28,desktop,<Other>,organic,<Other> / organic,Organic Search,67,11,1,0,0,0.16417910447761194,0.09090909090909091,0.0,,0.0
2021-01-28,desktop,google,organic,google / organic,Organic Search,712,171,22,8,4,0.2401685393258427,0.1286549707602339,0.36363636363636365,0.5,0.0056179775280898875
2021-01-28,desktop,(data deleted),(data deleted),(data deleted) / (data deleted),Other,164,53,18,7,6,0.3231707317073171,0.33962264150943394,0.3888888888888889,0.8571428571428571,0.036585365853658534
2021-01-28,desktop,<Other>,(data deleted),<Other> / (data deleted),Other,3,0,0,0,0,0.0,,,,0.0
2021-01-28,desktop,<Other>,<Other>,<Other> / <Other>,Other,344,84,16,7,6,0.2441860465116279,0.19047619047619047,0.4375,0.8571428571428571,0.01744186046511628
2021-01-28,desktop,google,cpc,google / cpc,Paid Search,97,25,4,3,1,0.25773195876288657,0.16,0.75,0.3333333333333333,0.010309278350515464
2021-01-28,desktop,<Other>,referral,<Other> / referral,Referral,245,53,9,4,2,0.2163265306122449,0.16981132075471697,0.4444444444444444,0.5,0.00816326530612245
2021-01-28,desktop,shop.googlemerchandisestore.com,referral,shop.googlemerchandisestore.com / referral,Referral,220,57,10,2,2,0.2590909090909091,0.17543859649122806,0.2,1.0,0.00909090909090909
2021-01-28,mobile,(direct),(none),(direct) / (none),Direct,393,100,17,10,6,0.2544529262086514,0.17,0.5882352941176471,0.6,0.015267175572519083
2021-01-28,mobile,<Other>,organic,<Other> / organic,Organic Search,49,10,3,1,1,0.20408163265306123,0.3,0.3333333333333333,1.0,0.02040816326530612
2021-01-28,mobile,google,organic,google / organic,Organic Search,511,109,10,9,6,0.21330724070450097,0.09174311926605505,0.9,0.6666666666666666,0.011741682974559686
2021-01-28,mobile,(data deleted),(data deleted),(data deleted) / (data deleted),Other,112,29,11,6,5,0.25892857142857145,0.3793103448275862,0.5454545454545454,0.8333333333333334,0.044642857142857144
2021-01-28,mobile,<Other>,(data deleted),<Other> / (data deleted),Other,2,0,0,0,0,0.0,,,,0.0
2021-01-28,mobile,<Other>,<Other>,<Other> / <Other>,Other,244,57,8,1,0,0.2336065573770492,0.14035087719298245,0.125,0.0,0.0
2021-01-28,mobile,google,cpc,google / cpc,Paid Search,73,16,5,4,1,0.2191780821917808,0.3125,0.8,0.25,0.0136986301369863
2021-01-28,mobile,<Other>,referral,<Other> / referral,Referral,163,38,9,5,3,0.2331288343558282,0.23684210526315788,0.5555555555555556,0.6,0.018404907975460124
2021-01-28,mobile,shop.googlemerchandisestore.com,referral,shop.googlemerchandisestore.com / referral,Referral,142,44,12,8,4,0.30985915492957744,0.2727272727272727,0.6666666666666666,0.5,0.028169014084507043
2021-01-28,tablet,(direct),(none),(direct) / (none),Direct,16,7,1,1,1,0.4375,0.14285714285714285,1.0,1.0,0.0625
2021-01-28,tablet,<Other>,organic,<Other> / organic,Organic Search,4,1,0,0,0,0.25,0.0,,,0.0
2021-01-28,tablet,google,organic,google / organic,Organic Search,22,5,1,1,0,0.22727272727272727,0.2,1.0,0.0,0.0
2021-01-28,tablet,(data deleted),(data deleted),(data deleted) / (data deleted),Other,2,1,0,1,1,0.5,0.0,,1.0,0.5
2021-01-28,tablet,<Other>,<Other>,<Other> / <Other>,Other,11,5,1,0,0,0.45454545454545453,0.2,0.0,,0.0
2021-01-28,tablet,google,cpc,google / cpc,Paid Search,2,1,0,0,0,0.5,0.0,,,0.0
2021-01-28,tablet,<Other>,referral,<Other> / referral,Referral,7,2,1,0,0,0.2857142857142857,0.5,0.0,,0.0
2021-01-28,tablet,shop.googlemerchandisestore.com,referral,shop.googlemerchandisestore.com / referral,Referral,11,4,0,0,0,0.36363636363636365,0.0,,,0.0
2021-01-29,desktop,(direct),(none),(direct) / (none),Direct,528,131,25,15,9,0.2481060606060606,0.19083969465648856,0.6,0.6,0.017045454545454544
2021-01-29,desktop,<Other>,organic,<Other> / organic,Organic Search,64,13,3,1,0,0.203125,0.23076923076923078,0.3333333333333333,0.0,0.0
2021-01-29,desktop,google,organic,google / organic,Organic Search,697,179,29,12,6,0.2568149210903874,0.16201117318435754,0.41379310344827586,0.5,0.00860832137733142
2021-01-29,desktop,(data deleted),(data deleted),(data deleted) / (data deleted),Other,143,36,8,3,0,0.2517482517482518,0.2222222222222222,0.375,0.0,0.0
2021-01-29,desktop,<Other>,(data deleted),<Other> / (data deleted),Other,2,0,0,0,0,0.0,,,,0.0
2021-01-29,desktop,<Other>,<Other>,<Other> / <Other>,Other,291,58,10,6,1,0.19931271477663232,0.1724137931034483,0.6,0.16666666666666666,0.003436426116838488
2021-01-29,desktop,google,cpc,google / cpc,Paid Search,106,31,6,2,0,0.29245283018867924,0.1935483870967742,0.3333333333333333,0.0,0.0
2021-01-29,desktop,<Other>,referral,<Other> / referral,Referral,204,46,10,9,7,0.22549019607843138,0.21739130434782608,0.9,0.7777777777777778,0.03431372549019608
2021-01-29,desktop,shop.googlemerchandisestore.com,referral,shop.googlemerchandisestore.com / referral,Referral,175,45,11,6,5,0.2571428571428571,0.24444444444444444,0.5454545454545454,0.8333333333333334,0.02857142857142857
2021-01-29,mobile,(direct),(none),(direct) / (none),Direct,346,70,15,11,6,0.2023121387283237,0.21428571428571427,0.7333333333333333,0.5454545454545454,0.017341040462427744
2021-01-29,mobile,<Other>,organic,<Other> / organic,Organic Search,60,15,4,0,0,0.25,0.26666666666666666,0.0,,0.0
2021-01-29,mobile,google,organic,google / organic,Organic Search,462,90,6,5,4,0.19480519480519481,0.06666666666666667,0.8333333333333334,0.8,0.008658008658008658
2021-01-29,mobile,(data deleted),(data deleted),(data deleted) / (data deleted),Other,85,28,12,8,6,0.32941176470588235,0.42857142857142855,0.6666666666666666,0.75,0.07058823529411765
2021-01-29,mobile,<Other>,<Other>,<Other> / <Other>,Other,239,45,9,3,2,0.18828451882845187,0.2,0.3333333333333333,0.6666666666666666,0.008368200836820083
2021-01-29,mobile,google,cpc,google / cpc,Paid Search,49,12,3,1,0,0.24489795918367346,0.25,0.3333333333333333,0.0,0.0
2021-01-29,mobile,<Other>,referral,<Other> / referral,Referral,146,32,2,3,1,0.2191780821917808,0.0625,1.5,0.3333333333333333,0.00684931506849315
2021-01-29,mobile,shop.googlemerchandisestore.com,referral,shop.googlemerchandisestore.com / referral,Referral,114,26,6,3,1,0.22807017543859648,0.23076923076923078,0.5,0.3333333333333333,0.008771929824561403
2021-01-29,tablet,(direct),(none),(direct) / (none),Direct,21,5,1,2,1,0.23809523809523808,0.2,2.0,0.5,0.047619047619047616
2021-01-29,tablet,<Other>,organic,<Other> / organic,Organic Search,1,0,0,0,0,0.0,,,,0.0
2021-01-29,tablet,google,organic,google / organic,Organic Search,35,11,0,1,1,0.3142857142857143,0.0,,1.0,0.02857142857142857
2021-01-29,tablet,(data deleted),(data deleted),(data deleted) / (data deleted),Other,7,1,0,0,0,0.14285714285714285,0.0,,,0.0
2021-01-29,tablet,<Other>,<Other>,<Other> / <Other>,Other,10,3,0,0,0,0.3,0.0,,,0.0
2021-01-29,tablet,google,cpc,google / cpc,Paid Search,3,2,1,1,1,0.6666666666666666,0.5,1.0,1.0,0.3333333333333333
2021-01-29,tablet,<Other>,referral,<Other> / referral,Referral,7,2,0,0,0,0.2857142857142857,0.0,,,0.0
2021-01-29,tablet,shop.googlemerchandisestore.com,referral,shop.googlemerchandisestore.com / referral,Referral,4,3,0,0,0,0.75,0.0,,,0.0
2021-01-30,desktop,(direct),(none),(direct) / (none),Direct,397,85,19,10,6,0.2141057934508816,0.2235294117647059,0.5263157894736842,0.6,0.015113350125944584
2021-01-30,desktop,<Other>,organic,<Other> / organic,Organic Search,55,14,2,0,0,0.2545454545454545,0.14285714285714285,0.0,,0.0
2021-01-30,desktop,google,organic,google / organic,Organic Search,495,105,18,13,5,0.21212121212121213,0.17142857142857143,0.7222222222222222,0.38461538461538464,0.010101010101010102
2021-01-30,desktop,(data deleted),(data deleted),(data deleted) / (data deleted),Other,103,26,6,5,3,0.2524271844660194,0.23076923076923078,0.8333333333333334,0.6,0.02912621359223301
2021-01-30,desktop,<Other>,(data deleted),<Other> / (data deleted),Other,2,1,1,0,0,0.5,1.0,0.0,,0.0
2021-01-30,desktop,<Other>,<Other>,<Other> / <Other>,Other,243,51,7,1,0,0.20987654320987653,0.13725490196078433,0.14285714285714285,0.0,0.0
2021-01-30,desktop,google,cpc,google / cpc,Paid Search,80,19,3,0,0,0.2375,0.15789473684210525,0.0,,0.0
2021-01-30,desktop,<Other>,referral,<Other> / referral,Referral,168,29,4,1,1,0.17261904761904762,0.13793103448275862,0.25,1.0,0.005952380952380952
2021-01-30,desktop,shop.googlemerchandisestore.com,referral,shop.googlemerchandisestore.com / referral,Referral,136,23,6,3,2,0.16911764705882354,0.2608695652173913,0.5,0.6666666666666666,0.014705882352941176
2021-01-30,mobile,(direct),(none),(direct) / (none),Direct,277,56,10,3,2,0.20216606498194944,0.17857142857142858,0.3,0.6666666666666666,0.007220216606498195
2021-01-30,mobile,<Other>,organic,<Other> / organic,Organic Search,38,6,0,0,0,0.15789473684210525,0.0,,,0.0
2021-01-30,mobile,google,organic,google / organic,Organic Search,361,82,10,4,2,0.22714681440443213,0.12195121951219512,0.4,0.5,0.00554016620498615
2021-01-30,mobile,(data deleted),(data deleted),(data deleted) / (data deleted),Other,66,12,4,3,1,0.18181818181818182,0.3333333333333333,0.75,0.3333333333333333,0.015151515151515152
2021-01-30,mobile,<Other>,(data deleted),<Other> / (data deleted),Other,1,0,0,0,0,0.0,,,,0.0
2021-01-30,mobile,<Other>,<Other>,<Other> / <Other>,Other,161,34,3,2,1,0.2111801242236025,0.08823529411764706,0.6666666666666666,0.5,0.006211180124223602
2021-01-30,mobile,google,cpc,google / cpc,Paid Search,48,9,1,0,0,0.1875,0.1111111111111111,0.0,,0.0
2021-01-30,mobile,<Other>,referral,<Other> / referral,Referral,116,18,4,1,1,0.15517241379310345,0.2222222222222222,0.25,1.0,0.008620689655172414
2021-01-30,mobile,shop.googlemerchandisestore.com,referral,shop.googlemerchandisestore.com / referral,Referral,92,22,7,5,4,0.2391304347826087,0.3181818181818182,0.7142857142857143,0.8,0.043478260869565216
2021-01-30,tablet,(direct),(none),(direct) / (none),Direct,17,4,2,0,0,0.23529411764705882,0.5,0.0,,0.0
2021-01-30,tablet,<Other>,organic,<Other> / organic,Organic Search,3,1,0,0,0,0.3333333333333333,0.0,,,0.0
2021-01-30,tablet,google,organic,google / organic,Organic Search,26,4,1,0,0,0.15384615384615385,0.25,0.0,,0.0
2021-01-30,tablet,(data deleted),(data deleted),(data deleted) / (data deleted),Other,4,1,0,0,0,0.25,0.0,,,0.0
2021-01-30,tablet,<Other>,<Other>,<Other> / <Other>,Other,12,6,2,2,0,0.5,0.3333333333333333,1.0,0.0,0.0
2021-01-30,tablet,google,cpc,google / cpc,Paid Search,1,0,0,0,0,0.0,,,,0.0
2021-01-30,tablet,<Other>,referral,<Other> / referral,Referral,5,0,0,0,0,0.0,,,,0.0
2021-01-30,tablet,shop.googlemerchandisestore.com,referral,shop.googlemerchandisestore.com / referral,Referral,1,0,0,0,0,0.0,,,,0.0
2021-01-31,desktop,(direct),(none),(direct) / (none),Direct,371,82,19,13,7,0.2210242587601078,0.23170731707317074,0.6842105263157895,0.5384615384615384,0.018867924528301886
2021-01-31,desktop,<Other>,organic,<Other> / organic,Organic Search,33,7,1,1,0,0.21212121212121213,0.14285714285714285,1.0,0.0,0.0
2021-01-31,desktop,google,organic,google / organic,Organic Search,525,108,17,9,2,0.2057142857142857,0.1574074074074074,0.5294117647058824,0.2222222222222222,0.0038095238095238095
2021-01-31,desktop,(data deleted),(data deleted),(data deleted) / (data deleted),Other,94,19,5,1,1,0.20212765957446807,0.2631578947368421,0.2,1.0,0.010638297872340425
2021-01-31,desktop,<Other>,(data deleted),<Other> / (data deleted),Other,1,0,0,0,0,0.0,,,,0.0
2021-01-31,desktop,<Other>,<Other>,<Other> / <Other>,Other,244,47,11,4,1,0.19262295081967212,0.23404255319148937,0.36363636363636365,0.25,0.004098360655737705
2021-01-31,desktop,google,cpc,google / cpc,Paid Search,91,19,1,1,0,0.2087912087912088,0.05263157894736842,1.0,0.0,0.0
2021-01-31,desktop,<Other>,referral,<Other> / referral,Referral,149,29,2,3,0,0.19463087248322147,0.06896551724137931,1.5,0.0,0.0
2021-01-31,desktop,shop.googlemerchandisestore.com,referral,shop.googlemerchandisestore.com / referral,Referral,121,21,3,1,0,0.17355371900826447,0.14285714285714285,0.3333333333333333,0.0,0.0
2021-01-31,mobile,(direct),(none),(direct) / (none),Direct,264,54,12,2,0,0.20454545454545456,0.2222222222222222,0.16666666666666666,0.0,0.0
2021-01-31,mobile,<Other>,organic,<Other> / organic,Organic Search,33,5,0,0,0,0.15151515151515152,0.0,,,0.0
2021-01-31,mobile,google,organic,google / organic,Organic Search,358,69,15,6,2,0.19273743016759776,0.21739130434782608,0.4,0.3333333333333333,0.00558659217877095
2021-01-31,mobile,(data deleted),(data deleted),(data deleted) / (data deleted),Other,68,15,5,3,1,0.22058823529411764,0.3333333333333333,0.6,0.3333333333333333,0.014705882352941176
2021-01-31,mobile,<Other>,(data deleted),<Other> / (data deleted),Other,2,0,0,0,0,0.0,,,,0.0
2021-01-31,mobile,<Other>,<Other>,<Other> / <Other>,Other,154,31,5,5,2,0.2012987012987013,0.16129032258064516,1.0,0.4,0.012987012987012988
2021-01-31,mobile,google,cpc,google / cpc,Paid Search,59,8,0,0,0,0.13559322033898305,0.0,,,0.0
2021-01-31,mobile,<Other>,referral,<Other> / referral,Referral,106,27,2,1,0,0.25471698113207547,0.07407407407407407,0.5,0.0,0.0
2021-01-31,mobile,shop.googlemerchandisestore.com,referral,shop.googlemerchandisestore.com / referral,Referral,102,20,4,4,1,0.19607843137254902,0.2,1.0,0.25,0.00980392156862745
2021-01-31,tablet,(direct),(none),(direct) / (none),Direct,13,2,0,0,0,0.15384615384615385,0.0,,,0.0
2021-01-31,tablet,<Other>,organic,<Other> / organic,Organic Search,1,0,0,0,0,0.0,,,,0.0
2021-01-31,tablet,google,organic,google / organic,Organic Search,27,2,0,0,0,0.07407407407407407,0.0,,,0.0
2021-01-31,tablet,(data deleted),(data deleted),(data deleted) / (data deleted),Other,2,0,0,0,0,0.0,,,,0.0
2021-01-31,tablet,<Other>,<Other>,<Other> / <Other>,Other,10,3,1,1,1,0.3,0.3333333333333333,1.0,1.0,0.1
2021-01-31,tablet,google,cpc,google / cpc,Paid Search,4,0,0,0,0,0.0,,,,0.0
2021-01-31,tablet,<Other>,referral,<Other> / referral,Referral,10,1,0,0,0,0.1,0.0,,,0.0
2021-01-31,tablet,shop.googlemerchandisestore.com,referral,shop.googlemerchandisestore.com / referral,Referral,7,2,1,1,0,0.2857142857142857,0.5,1.0,0.0,0.0
